2026-05-29T12:37:11.960+01:00 DEBUG 5656 --- [predictive-maintenance-backend] [MessageBroker-7] c.p.p.ml.service.MLServiceClient         : ML prediction received for machine 10: RUL=92.46, anomaly=0.279, risk=MEDIUM
2026-05-29T12:37:12.002+01:00 DEBUG 5656 --- [predictive-maintenance-backend] [MessageBroker-7] org.hibernate.SQL                        : 
    insert 
    into
        prediction_history
        (ambient_temperature, anomaly_probability, anomaly_type, bearing_wear, confidence_score, created_at, current, efficiency_score, failure_probability, fatigue_index, health, load_factor, lubrication_level, machine_id, ml_prediction_available, operating_speed, power_consumption, predicted_failure_type, predicted_rul, pressure, recommended_action, remaining_useful_life, requires_immediate_action, risk_level, risk_score, severity, temperature, thermal_stress, timestamp, vibration, voltage) 
    values
        (?, ?, ?, ?, ?, ?, ?, ?, ?, ?, ?, ?, ?, ?, ?, ?, ?, ?, ?, ?, ?, ?, ?, ?, ?, ?, ?, ?, ?, ?, ?)
2026-05-29T12:37:12.009+01:00 DEBUG 5656 --- [predictive-maintenance-backend] [MessageBroker-7] c.p.p.w.service.MachineStreamingService  : Stored prediction history for machine 10
2026-05-29T12:37:12.013+01:00 DEBUG 5656 --- [predictive-maintenance-backend] [MessageBroker-7] c.p.p.w.service.MachineStreamingService  : Streamed dataset-driven telemetry for 1 machines
2026-05-29T12:37:12.020+01:00 DEBUG 5656 --- [predictive-maintenance-backend] [MessageBroker-7] org.hibernate.SQL                        : 
    update
        machines 
    set
        category=?,
        description=?,
        installation_date=?,
        last_maintenance_date=?,
        last_modified_date=?,
        location=?,
        manufacturer=?,
        model=?,
        name=?,
        next_maintenance_date=?,
        operating_hours=?,
        photo_content_type=?,
        photo_path=?,
        risk_score=?,
        serial_number=?,
        status=?,
        sub_category=? 
    where
        id=?
2026-05-29T12:37:13.760+01:00 DEBUG 5656 --- [predictive-maintenance-backend] [MessageBroker-7] org.hibernate.SQL                        : 
    select
        m1_0.id,
        m1_0.category,
        m1_0.created_date,
        m1_0.description,
        m1_0.installation_date,
        m1_0.last_maintenance_date,
        m1_0.last_modified_date,
        m1_0.location,
        m1_0.manufacturer,
        m1_0.model,
        m1_0.name,
        m1_0.next_maintenance_date,
        m1_0.operating_hours,
        m1_0.photo_content_type,
        m1_0.photo_path,
        m1_0.risk_score,
        m1_0.serial_number,
        m1_0.status,
        m1_0.sub_category 
    from
        machines m1_0
2026-05-29T12:37:13.764+01:00 DEBUG 5656 --- [predictive-maintenance-backend] [MessageBroker-7] org.hibernate.SQL                        : 
    insert 
    into
        sensor_telemetry
        (created_at, machine_id, sensor1, sensor10, sensor11, sensor12, sensor13, sensor14, sensor15, sensor16, sensor17, sensor18, sensor19, sensor2, sensor20, sensor21, sensor3, sensor4, sensor5, sensor6, sensor7, sensor8, sensor9, setting1, setting2, setting3, timestamp) 
    values
        (?, ?, ?, ?, ?, ?, ?, ?, ?, ?, ?, ?, ?, ?, ?, ?, ?, ?, ?, ?, ?, ?, ?, ?, ?, ?, ?)
2026-05-29T12:37:13.768+01:00 DEBUG 5656 --- [predictive-maintenance-backend] [MessageBroker-7] c.p.p.ml.service.MLServiceClient         : Calling ML service for machine 10: http://localhost:8000/predict
2026-05-29T12:37:13.969+01:00 DEBUG 5656 --- [predictive-maintenance-backend] [MessageBroker-7] c.p.p.ml.service.MLServiceClient         : ML prediction received for machine 10: RUL=93.84, anomaly=0.278, risk=MEDIUM
2026-05-29T12:37:13.971+01:00 DEBUG 5656 --- [predictive-maintenance-backend] [MessageBroker-7] org.hibernate.SQL                        : 
    insert 
    into
        prediction_history
        (ambient_temperature, anomaly_probability, anomaly_type, bearing_wear, confidence_score, created_at, current, efficiency_score, failure_probability, fatigue_index, health, load_factor, lubrication_level, machine_id, ml_prediction_available, operating_speed, power_consumption, predicted_failure_type, predicted_rul, pressure, recommended_action, remaining_useful_life, requires_immediate_action, risk_level, risk_score, severity, temperature, thermal_stress, timestamp, vibration, voltage) 
    values
        (?, ?, ?, ?, ?, ?, ?, ?, ?, ?, ?, ?, ?, ?, ?, ?, ?, ?, ?, ?, ?, ?, ?, ?, ?, ?, ?, ?, ?, ?, ?)
2026-05-29T12:37:13.978+01:00 DEBUG 5656 --- [predictive-maintenance-backend] [MessageBroker-7] c.p.p.w.service.MachineStreamingService  : Stored prediction history for machine 10
2026-05-29T12:37:13.983+01:00 DEBUG 5656 --- [predictive-maintenance-backend] [MessageBroker-7] c.p.p.w.service.MachineStreamingService  : Streamed dataset-driven telemetry for 1 machines
2026-05-29T12:37:13.989+01:00 DEBUG 5656 --- [predictive-maintenance-backend] [MessageBroker-7] org.hibernate.SQL                        : 
    update
        machines 
    set
        category=?,
        description=?,
        installation_date=?,
        last_maintenance_date=?,
        last_modified_date=?,
        location=?,
        manufacturer=?,
        model=?,
        name=?,
        next_maintenance_date=?,
        operating_hours=?,
        photo_content_type=?,
        photo_path=?,
        risk_score=?,
        serial_number=?,
        status=?,
        sub_category=? 
    where
        id=?
2026-05-29T12:37:15.754+01:00 DEBUG 5656 --- [predictive-maintenance-backend] [MessageBroker-6] org.hibernate.SQL                        : 
    select
        m1_0.id,
        m1_0.category,
        m1_0.created_date,
        m1_0.description,
        m1_0.installation_date,
        m1_0.last_maintenance_date,
        m1_0.last_modified_date,
        m1_0.location,
        m1_0.manufacturer,
        m1_0.model,
        m1_0.name,
        m1_0.next_maintenance_date,
        m1_0.operating_hours,
        m1_0.photo_content_type,
        m1_0.photo_path,
        m1_0.risk_score,
        m1_0.serial_number,
        m1_0.status,
        m1_0.sub_category 
    from
        machines m1_0
2026-05-29T12:37:15.759+01:00 DEBUG 5656 --- [predictive-maintenance-backend] [MessageBroker-6] org.hibernate.SQL                        : 
    insert 
    into
        sensor_telemetry
        (created_at, machine_id, sensor1, sensor10, sensor11, sensor12, sensor13, sensor14, sensor15, sensor16, sensor17, sensor18, sensor19, sensor2, sensor20, sensor21, sensor3, sensor4, sensor5, sensor6, sensor7, sensor8, sensor9, setting1, setting2, setting3, timestamp) 
    values
        (?, ?, ?, ?, ?, ?, ?, ?, ?, ?, ?, ?, ?, ?, ?, ?, ?, ?, ?, ?, ?, ?, ?, ?, ?, ?, ?)
2026-05-29T12:37:15.763+01:00 DEBUG 5656 --- [predictive-maintenance-backend] [MessageBroker-6] c.p.p.ml.service.MLServiceClient         : Calling ML service for machine 10: http://localhost:8000/predict
2026-05-29T12:37:15.910+01:00 DEBUG 5656 --- [predictive-maintenance-backend] [MessageBroker-6] c.p.p.ml.service.MLServiceClient         : ML prediction received for machine 10: RUL=95.58, anomaly=0.277, risk=MEDIUM
2026-05-29T12:37:15.910+01:00 DEBUG 5656 --- [predictive-maintenance-backend] [MessageBroker-6] org.hibernate.SQL                        : 
    insert 
    into
        prediction_history
        (ambient_temperature, anomaly_probability, anomaly_type, bearing_wear, confidence_score, created_at, current, efficiency_score, failure_probability, fatigue_index, health, load_factor, lubrication_level, machine_id, ml_prediction_available, operating_speed, power_consumption, predicted_failure_type, predicted_rul, pressure, recommended_action, remaining_useful_life, requires_immediate_action, risk_level, risk_score, severity, temperature, thermal_stress, timestamp, vibration, voltage) 
    values
        (?, ?, ?, ?, ?, ?, ?, ?, ?, ?, ?, ?, ?, ?, ?, ?, ?, ?, ?, ?, ?, ?, ?, ?, ?, ?, ?, ?, ?, ?, ?)
2026-05-29T12:37:15.911+01:00 DEBUG 5656 --- [predictive-maintenance-backend] [MessageBroker-6] c.p.p.w.service.MachineStreamingService  : Stored prediction history for machine 10
2026-05-29T12:37:15.914+01:00 DEBUG 5656 --- [predictive-maintenance-backend] [MessageBroker-6] c.p.p.w.service.MachineStreamingService  : Streamed dataset-driven telemetry for 1 machines
2026-05-29T12:37:15.915+01:00 DEBUG 5656 --- [predictive-maintenance-backend] [MessageBroker-6] org.hibernate.SQL                        : 
    update
        machines 
    set
        category=?,
        description=?,
        installation_date=?,
        last_maintenance_date=?,
        last_modified_date=?,
        location=?,
        manufacturer=?,
        model=?,
        name=?,
        next_maintenance_date=?,
        operating_hours=?,
        photo_content_type=?,
        photo_path=?,
        risk_score=?,
        serial_number=?,
        status=?,
        sub_category=? 
    where
        id=?
2026-05-29T12:37:17.763+01:00 DEBUG 5656 --- [predictive-maintenance-backend] [MessageBroker-6] org.hibernate.SQL                        : 
    select
        m1_0.id,
        m1_0.category,
        m1_0.created_date,
        m1_0.description,
        m1_0.installation_date,
        m1_0.last_maintenance_date,
        m1_0.last_modified_date,
        m1_0.location,
        m1_0.manufacturer,
        m1_0.model,
        m1_0.name,
        m1_0.next_maintenance_date,
        m1_0.operating_hours,
        m1_0.photo_content_type,
        m1_0.photo_path,
        m1_0.risk_score,
        m1_0.serial_number,
        m1_0.status,
        m1_0.sub_category 
    from
        machines m1_0
2026-05-29T12:37:17.764+01:00 DEBUG 5656 --- [predictive-maintenance-backend] [MessageBroker-6] org.hibernate.SQL                        : 
    insert 
    into
        sensor_telemetry
        (created_at, machine_id, sensor1, sensor10, sensor11, sensor12, sensor13, sensor14, sensor15, sensor16, sensor17, sensor18, sensor19, sensor2, sensor20, sensor21, sensor3, sensor4, sensor5, sensor6, sensor7, sensor8, sensor9, setting1, setting2, setting3, timestamp) 
    values
        (?, ?, ?, ?, ?, ?, ?, ?, ?, ?, ?, ?, ?, ?, ?, ?, ?, ?, ?, ?, ?, ?, ?, ?, ?, ?, ?)
2026-05-29T12:37:17.766+01:00 DEBUG 5656 --- [predictive-maintenance-backend] [MessageBroker-6] c.p.p.ml.service.MLServiceClient         : Calling ML service for machine 10: http://localhost:8000/predict
2026-05-29T12:37:17.837+01:00 DEBUG 5656 --- [predictive-maintenance-backend] [MessageBroker-6] c.p.p.ml.service.MLServiceClient         : ML prediction received for machine 10: RUL=97.25, anomaly=0.277, risk=LOW
2026-05-29T12:37:17.838+01:00 DEBUG 5656 --- [predictive-maintenance-backend] [MessageBroker-6] org.hibernate.SQL                        : 
    insert 
    into
        prediction_history
        (ambient_temperature, anomaly_probability, anomaly_type, bearing_wear, confidence_score, created_at, current, efficiency_score, failure_probability, fatigue_index, health, load_factor, lubrication_level, machine_id, ml_prediction_available, operating_speed, power_consumption, predicted_failure_type, predicted_rul, pressure, recommended_action, remaining_useful_life, requires_immediate_action, risk_level, risk_score, severity, temperature, thermal_stress, timestamp, vibration, voltage) 
    values
        (?, ?, ?, ?, ?, ?, ?, ?, ?, ?, ?, ?, ?, ?, ?, ?, ?, ?, ?, ?, ?, ?, ?, ?, ?, ?, ?, ?, ?, ?, ?)
2026-05-29T12:37:17.839+01:00 DEBUG 5656 --- [predictive-maintenance-backend] [MessageBroker-6] c.p.p.w.service.MachineStreamingService  : Stored prediction history for machine 10
2026-05-29T12:37:17.840+01:00 DEBUG 5656 --- [predictive-maintenance-backend] [MessageBroker-6] c.p.p.w.service.MachineStreamingService  : Streamed dataset-driven telemetry for 1 machines
2026-05-29T12:37:17.841+01:00 DEBUG 5656 --- [predictive-maintenance-backend] [MessageBroker-6] org.hibernate.SQL                        : 
    update
        machines 
    set
        category=?,
        description=?,
        installation_date=?,
        last_maintenance_date=?,
        last_modified_date=?,
        location=?,
        manufacturer=?,
        model=?,
        name=?,
        next_maintenance_date=?,
        operating_hours=?,
        photo_content_type=?,
        photo_path=?,
        risk_score=?,
        serial_number=?,
        status=?,
        sub_category=? 
    where
        id=?
2026-05-29T12:37:19.755+01:00 DEBUG 5656 --- [predictive-maintenance-backend] [MessageBroker-10] org.hibernate.SQL                        : 
    select
        m1_0.id,
        m1_0.category,
        m1_0.created_date,
        m1_0.description,
        m1_0.installation_date,
        m1_0.last_maintenance_date,
        m1_0.last_modified_date,
        m1_0.location,
        m1_0.manufacturer,
        m1_0.model,
        m1_0.name,
        m1_0.next_maintenance_date,
        m1_0.operating_hours,
        m1_0.photo_content_type,
        m1_0.photo_path,
        m1_0.risk_score,
        m1_0.serial_number,
        m1_0.status,
        m1_0.sub_category 
    from
        machines m1_0
2026-05-29T12:37:19.757+01:00 DEBUG 5656 --- [predictive-maintenance-backend] [MessageBroker-10] org.hibernate.SQL                        : 
    insert 
    into
        sensor_telemetry
        (created_at, machine_id, sensor1, sensor10, sensor11, sensor12, sensor13, sensor14, sensor15, sensor16, sensor17, sensor18, sensor19, sensor2, sensor20, sensor21, sensor3, sensor4, sensor5, sensor6, sensor7, sensor8, sensor9, setting1, setting2, setting3, timestamp) 
    values
        (?, ?, ?, ?, ?, ?, ?, ?, ?, ?, ?, ?, ?, ?, ?, ?, ?, ?, ?, ?, ?, ?, ?, ?, ?, ?, ?)
2026-05-29T12:37:19.758+01:00 DEBUG 5656 --- [predictive-maintenance-backend] [MessageBroker-10] c.p.p.ml.service.MLServiceClient         : Calling ML service for machine 10: http://localhost:8000/predict
2026-05-29T12:37:19.869+01:00 DEBUG 5656 --- [predictive-maintenance-backend] [MessageBroker-10] c.p.p.ml.service.MLServiceClient         : ML prediction received for machine 10: RUL=99.27, anomaly=0.277, risk=LOW
2026-05-29T12:37:19.870+01:00 DEBUG 5656 --- [predictive-maintenance-backend] [MessageBroker-10] org.hibernate.SQL                        : 
    insert 
    into
        prediction_history
        (ambient_temperature, anomaly_probability, anomaly_type, bearing_wear, confidence_score, created_at, current, efficiency_score, failure_probability, fatigue_index, health, load_factor, lubrication_level, machine_id, ml_prediction_available, operating_speed, power_consumption, predicted_failure_type, predicted_rul, pressure, recommended_action, remaining_useful_life, requires_immediate_action, risk_level, risk_score, severity, temperature, thermal_stress, timestamp, vibration, voltage) 
    values
        (?, ?, ?, ?, ?, ?, ?, ?, ?, ?, ?, ?, ?, ?, ?, ?, ?, ?, ?, ?, ?, ?, ?, ?, ?, ?, ?, ?, ?, ?, ?)
2026-05-29T12:37:19.873+01:00 DEBUG 5656 --- [predictive-maintenance-backend] [MessageBroker-10] c.p.p.w.service.MachineStreamingService  : Stored prediction history for machine 10
2026-05-29T12:37:19.874+01:00 DEBUG 5656 --- [predictive-maintenance-backend] [MessageBroker-10] c.p.p.w.service.MachineStreamingService  : Streamed dataset-driven telemetry for 1 machines
2026-05-29T12:37:19.875+01:00 DEBUG 5656 --- [predictive-maintenance-backend] [MessageBroker-10] org.hibernate.SQL                        : 
    update
        machines 
    set
        category=?,
        description=?,
        installation_date=?,
        last_maintenance_date=?,
        last_modified_date=?,
        location=?,
        manufacturer=?,
        model=?,
        name=?,
        next_maintenance_date=?,
        operating_hours=?,
        photo_content_type=?,
        photo_path=?,
        risk_score=?,
        serial_number=?,
        status=?,
        sub_category=? 
    where
        id=?
2026-05-29T12:37:21.210+01:00 DEBUG 5656 --- [predictive-maintenance-backend] [http-nio-8080-exec-3] o.s.security.web.FilterChainProxy        : Securing GET /api/v1/notifications/unread-count
2026-05-29T12:37:21.210+01:00 DEBUG 5656 --- [predictive-maintenance-backend] [http-nio-8080-exec-10] o.s.security.web.FilterChainProxy        : Securing GET /api/v1/notifications?role=TECHNICIAN
2026-05-29T12:37:21.218+01:00 DEBUG 5656 --- [predictive-maintenance-backend] [http-nio-8080-exec-3] o.s.security.web.FilterChainProxy        : Secured GET /api/v1/notifications/unread-count
2026-05-29T12:37:21.219+01:00 DEBUG 5656 --- [predictive-maintenance-backend] [http-nio-8080-exec-10] o.s.security.web.FilterChainProxy        : Secured GET /api/v1/notifications?role=TECHNICIAN
2026-05-29T12:37:21.219+01:00 DEBUG 5656 --- [predictive-maintenance-backend] [http-nio-8080-exec-3] horizationManagerBeforeMethodInterceptor : Authorizing method invocation ReflectiveMethodInvocation: public org.springframework.http.ResponseEntity com.pfe.predictive.notification.controller.NotificationController.getUnreadCount(); target is of class [com.pfe.predictive.notification.controller.NotificationController]
2026-05-29T12:37:21.220+01:00 DEBUG 5656 --- [predictive-maintenance-backend] [http-nio-8080-exec-3] horizationManagerBeforeMethodInterceptor : Authorized method invocation ReflectiveMethodInvocation: public org.springframework.http.ResponseEntity com.pfe.predictive.notification.controller.NotificationController.getUnreadCount(); target is of class [com.pfe.predictive.notification.controller.NotificationController]
2026-05-29T12:37:21.220+01:00 DEBUG 5656 --- [predictive-maintenance-backend] [http-nio-8080-exec-10] horizationManagerBeforeMethodInterceptor : Authorizing method invocation ReflectiveMethodInvocation: public org.springframework.http.ResponseEntity com.pfe.predictive.notification.controller.NotificationController.getNotifications(java.lang.String); target is of class [com.pfe.predictive.notification.controller.NotificationController]
2026-05-29T12:37:21.221+01:00 DEBUG 5656 --- [predictive-maintenance-backend] [http-nio-8080-exec-10] horizationManagerBeforeMethodInterceptor : Authorized method invocation ReflectiveMethodInvocation: public org.springframework.http.ResponseEntity com.pfe.predictive.notification.controller.NotificationController.getNotifications(java.lang.String); target is of class [com.pfe.predictive.notification.controller.NotificationController]
2026-05-29T12:37:21.222+01:00 DEBUG 5656 --- [predictive-maintenance-backend] [http-nio-8080-exec-3] org.hibernate.SQL                        : 
    select
        count(n1_0.id) 
    from
        notifications n1_0 
    where
        not(n1_0.is_read)
2026-05-29T12:37:21.223+01:00 DEBUG 5656 --- [predictive-maintenance-backend] [http-nio-8080-exec-10] org.hibernate.SQL                        : 
    select
        n1_0.id,
        n1_0.body,
        n1_0.created_at,
        n1_0.is_read,
        n1_0.machine_id,
        n1_0.prediction_record_id,
        n1_0.risk_level,
        n1_0.target_roles,
        n1_0.title 
    from
        notifications n1_0 
    where
        n1_0.target_roles like ? escape '\' 
    order by
        n1_0.created_at desc
2026-05-29T12:37:21.228+01:00 DEBUG 5656 --- [predictive-maintenance-backend] [http-nio-8080-exec-2] o.s.security.web.FilterChainProxy        : Securing GET /api/v1/notifications?role=TECHNICIAN
2026-05-29T12:37:21.229+01:00 DEBUG 5656 --- [predictive-maintenance-backend] [http-nio-8080-exec-7] o.s.security.web.FilterChainProxy        : Securing GET /api/v1/notifications/unread-count
2026-05-29T12:37:21.234+01:00 DEBUG 5656 --- [predictive-maintenance-backend] [http-nio-8080-exec-2] o.s.security.web.FilterChainProxy        : Secured GET /api/v1/notifications?role=TECHNICIAN
2026-05-29T12:37:21.235+01:00 DEBUG 5656 --- [predictive-maintenance-backend] [http-nio-8080-exec-7] o.s.security.web.FilterChainProxy        : Secured GET /api/v1/notifications/unread-count
2026-05-29T12:37:21.235+01:00 DEBUG 5656 --- [predictive-maintenance-backend] [http-nio-8080-exec-7] horizationManagerBeforeMethodInterceptor : Authorizing method invocation ReflectiveMethodInvocation: public org.springframework.http.ResponseEntity com.pfe.predictive.notification.controller.NotificationController.getUnreadCount(); target is of class [com.pfe.predictive.notification.controller.NotificationController]
2026-05-29T12:37:21.235+01:00 DEBUG 5656 --- [predictive-maintenance-backend] [http-nio-8080-exec-2] horizationManagerBeforeMethodInterceptor : Authorizing method invocation ReflectiveMethodInvocation: public org.springframework.http.ResponseEntity com.pfe.predictive.notification.controller.NotificationController.getNotifications(java.lang.String); target is of class [com.pfe.predictive.notification.controller.NotificationController]
2026-05-29T12:37:21.236+01:00 DEBUG 5656 --- [predictive-maintenance-backend] [http-nio-8080-exec-2] horizationManagerBeforeMethodInterceptor : Authorized method invocation ReflectiveMethodInvocation: public org.springframework.http.ResponseEntity com.pfe.predictive.notification.controller.NotificationController.getNotifications(java.lang.String); target is of class [com.pfe.predictive.notification.controller.NotificationController]
2026-05-29T12:37:21.236+01:00 DEBUG 5656 --- [predictive-maintenance-backend] [http-nio-8080-exec-7] horizationManagerBeforeMethodInterceptor : Authorized method invocation ReflectiveMethodInvocation: public org.springframework.http.ResponseEntity com.pfe.predictive.notification.controller.NotificationController.getUnreadCount(); target is of class [com.pfe.predictive.notification.controller.NotificationController]
2026-05-29T12:37:21.238+01:00 DEBUG 5656 --- [predictive-maintenance-backend] [http-nio-8080-exec-7] org.hibernate.SQL                        : 
    select
        count(n1_0.id) 
    from
        notifications n1_0 
    where
        not(n1_0.is_read)
2026-05-29T12:37:21.238+01:00 DEBUG 5656 --- [predictive-maintenance-backend] [http-nio-8080-exec-2] org.hibernate.SQL                        : 
    select
        n1_0.id,
        n1_0.body,
        n1_0.created_at,
        n1_0.is_read,
        n1_0.machine_id,
        n1_0.prediction_record_id,
        n1_0.risk_level,
        n1_0.target_roles,
        n1_0.title 
    from
        notifications n1_0 
    where
        n1_0.target_roles like ? escape '\' 
    order by
        n1_0.created_at desc
2026-05-29T12:37:21.246+01:00 DEBUG 5656 --- [predictive-maintenance-backend] [http-nio-8080-exec-8] o.s.security.web.FilterChainProxy        : Securing GET /api/v1/notifications?role=TECHNICIAN
2026-05-29T12:37:21.253+01:00 DEBUG 5656 --- [predictive-maintenance-backend] [http-nio-8080-exec-8] o.s.security.web.FilterChainProxy        : Secured GET /api/v1/notifications?role=TECHNICIAN
2026-05-29T12:37:21.254+01:00 DEBUG 5656 --- [predictive-maintenance-backend] [http-nio-8080-exec-8] horizationManagerBeforeMethodInterceptor : Authorizing method invocation ReflectiveMethodInvocation: public org.springframework.http.ResponseEntity com.pfe.predictive.notification.controller.NotificationController.getNotifications(java.lang.String); target is of class [com.pfe.predictive.notification.controller.NotificationController]
2026-05-29T12:37:21.255+01:00 DEBUG 5656 --- [predictive-maintenance-backend] [http-nio-8080-exec-8] horizationManagerBeforeMethodInterceptor : Authorized method invocation ReflectiveMethodInvocation: public org.springframework.http.ResponseEntity com.pfe.predictive.notification.controller.NotificationController.getNotifications(java.lang.String); target is of class [com.pfe.predictive.notification.controller.NotificationController]
2026-05-29T12:37:21.257+01:00 DEBUG 5656 --- [predictive-maintenance-backend] [http-nio-8080-exec-8] org.hibernate.SQL                        : 
    select
        n1_0.id,
        n1_0.body,
        n1_0.created_at,
        n1_0.is_read,
        n1_0.machine_id,
        n1_0.prediction_record_id,
        n1_0.risk_level,
        n1_0.target_roles,
        n1_0.title 
    from
        notifications n1_0 
    where
        n1_0.target_roles like ? escape '\' 
    order by
        n1_0.created_at desc
2026-05-29T12:37:21.291+01:00 DEBUG 5656 --- [predictive-maintenance-backend] [http-nio-8080-exec-6] o.s.security.web.FilterChainProxy        : Securing GET /api/v1/machines/10
2026-05-29T12:37:21.297+01:00 DEBUG 5656 --- [predictive-maintenance-backend] [http-nio-8080-exec-6] o.s.security.web.FilterChainProxy        : Secured GET /api/v1/machines/10
2026-05-29T12:37:21.298+01:00 DEBUG 5656 --- [predictive-maintenance-backend] [http-nio-8080-exec-6] org.hibernate.SQL                        : 
    select
        m1_0.id,
        m1_0.category,
        m1_0.created_date,
        m1_0.description,
        m1_0.installation_date,
        m1_0.last_maintenance_date,
        m1_0.last_modified_date,
        m1_0.location,
        m1_0.manufacturer,
        m1_0.model,
        m1_0.name,
        m1_0.next_maintenance_date,
        m1_0.operating_hours,
        m1_0.photo_content_type,
        m1_0.photo_path,
        m1_0.risk_score,
        m1_0.serial_number,
        m1_0.status,
        m1_0.sub_category 
    from
        machines m1_0 
    where
        m1_0.id=?
2026-05-29T12:37:21.457+01:00 DEBUG 5656 --- [predictive-maintenance-backend] [http-nio-8080-exec-4] o.s.security.web.FilterChainProxy        : Securing GET /ws-machine/info?t=1780054641449
2026-05-29T12:37:21.458+01:00 DEBUG 5656 --- [predictive-maintenance-backend] [http-nio-8080-exec-4] o.s.s.w.a.AnonymousAuthenticationFilter  : Set SecurityContextHolder to anonymous SecurityContext
2026-05-29T12:37:21.459+01:00 DEBUG 5656 --- [predictive-maintenance-backend] [http-nio-8080-exec-4] o.s.security.web.FilterChainProxy        : Secured GET /ws-machine/info?t=1780054641449
2026-05-29T12:37:21.509+01:00 DEBUG 5656 --- [predictive-maintenance-backend] [http-nio-8080-exec-5] o.s.security.web.FilterChainProxy        : Securing GET /ws-machine/153/yhxhjitj/websocket
2026-05-29T12:37:21.510+01:00 DEBUG 5656 --- [predictive-maintenance-backend] [http-nio-8080-exec-5] o.s.s.w.a.AnonymousAuthenticationFilter  : Set SecurityContextHolder to anonymous SecurityContext
2026-05-29T12:37:21.511+01:00 DEBUG 5656 --- [predictive-maintenance-backend] [http-nio-8080-exec-5] o.s.security.web.FilterChainProxy        : Secured GET /ws-machine/153/yhxhjitj/websocket
2026-05-29T12:37:21.764+01:00 DEBUG 5656 --- [predictive-maintenance-backend] [MessageBroker-10] org.hibernate.SQL                        : 
    select
        m1_0.id,
        m1_0.category,
        m1_0.created_date,
        m1_0.description,
        m1_0.installation_date,
        m1_0.last_maintenance_date,
        m1_0.last_modified_date,
        m1_0.location,
        m1_0.manufacturer,
        m1_0.model,
        m1_0.name,
        m1_0.next_maintenance_date,
        m1_0.operating_hours,
        m1_0.photo_content_type,
        m1_0.photo_path,
        m1_0.risk_score,
        m1_0.serial_number,
        m1_0.status,
        m1_0.sub_category 
    from
        machines m1_0
2026-05-29T12:37:21.765+01:00 DEBUG 5656 --- [predictive-maintenance-backend] [MessageBroker-10] org.hibernate.SQL                        : 
    insert 
    into
        sensor_telemetry
        (created_at, machine_id, sensor1, sensor10, sensor11, sensor12, sensor13, sensor14, sensor15, sensor16, sensor17, sensor18, sensor19, sensor2, sensor20, sensor21, sensor3, sensor4, sensor5, sensor6, sensor7, sensor8, sensor9, setting1, setting2, setting3, timestamp) 
    values
        (?, ?, ?, ?, ?, ?, ?, ?, ?, ?, ?, ?, ?, ?, ?, ?, ?, ?, ?, ?, ?, ?, ?, ?, ?, ?, ?)
2026-05-29T12:37:21.768+01:00 DEBUG 5656 --- [predictive-maintenance-backend] [MessageBroker-10] c.p.p.ml.service.MLServiceClient         : Calling ML service for machine 10: http://localhost:8000/predict
2026-05-29T12:37:21.824+01:00 DEBUG 5656 --- [predictive-maintenance-backend] [MessageBroker-10] c.p.p.ml.service.MLServiceClient         : ML prediction received for machine 10: RUL=101.32, anomaly=0.276, risk=LOW
2026-05-29T12:37:21.825+01:00 DEBUG 5656 --- [predictive-maintenance-backend] [MessageBroker-10] org.hibernate.SQL                        : 
    insert 
    into
        prediction_history
        (ambient_temperature, anomaly_probability, anomaly_type, bearing_wear, confidence_score, created_at, current, efficiency_score, failure_probability, fatigue_index, health, load_factor, lubrication_level, machine_id, ml_prediction_available, operating_speed, power_consumption, predicted_failure_type, predicted_rul, pressure, recommended_action, remaining_useful_life, requires_immediate_action, risk_level, risk_score, severity, temperature, thermal_stress, timestamp, vibration, voltage) 
    values
        (?, ?, ?, ?, ?, ?, ?, ?, ?, ?, ?, ?, ?, ?, ?, ?, ?, ?, ?, ?, ?, ?, ?, ?, ?, ?, ?, ?, ?, ?, ?)
2026-05-29T12:37:21.826+01:00 DEBUG 5656 --- [predictive-maintenance-backend] [MessageBroker-10] c.p.p.w.service.MachineStreamingService  : Stored prediction history for machine 10
2026-05-29T12:37:21.828+01:00 DEBUG 5656 --- [predictive-maintenance-backend] [MessageBroker-10] c.p.p.w.service.MachineStreamingService  : Streamed dataset-driven telemetry for 1 machines
2026-05-29T12:37:21.829+01:00 DEBUG 5656 --- [predictive-maintenance-backend] [MessageBroker-10] org.hibernate.SQL                        : 
    update
        machines 
    set
        category=?,
        description=?,
        installation_date=?,
        last_maintenance_date=?,
        last_modified_date=?,
        location=?,
        manufacturer=?,
        model=?,
        name=?,
        next_maintenance_date=?,
        operating_hours=?,
        photo_content_type=?,
        photo_path=?,
        risk_score=?,
        serial_number=?,
        status=?,
        sub_category=? 
    where
        id=?
2026-05-29T12:37:23.764+01:00 DEBUG 5656 --- [predictive-maintenance-backend] [MessageBroker-10] org.hibernate.SQL                        : 
    select
        m1_0.id,
        m1_0.category,
        m1_0.created_date,
        m1_0.description,
        m1_0.installation_date,
        m1_0.last_maintenance_date,
        m1_0.last_modified_date,
        m1_0.location,
        m1_0.manufacturer,
        m1_0.model,
        m1_0.name,
        m1_0.next_maintenance_date,
        m1_0.operating_hours,
        m1_0.photo_content_type,
        m1_0.photo_path,
        m1_0.risk_score,
        m1_0.serial_number,
        m1_0.status,
        m1_0.sub_category 
    from
        machines m1_0
2026-05-29T12:37:23.766+01:00 DEBUG 5656 --- [predictive-maintenance-backend] [MessageBroker-10] org.hibernate.SQL                        : 
    insert 
    into
        sensor_telemetry
        (created_at, machine_id, sensor1, sensor10, sensor11, sensor12, sensor13, sensor14, sensor15, sensor16, sensor17, sensor18, sensor19, sensor2, sensor20, sensor21, sensor3, sensor4, sensor5, sensor6, sensor7, sensor8, sensor9, setting1, setting2, setting3, timestamp) 
    values
        (?, ?, ?, ?, ?, ?, ?, ?, ?, ?, ?, ?, ?, ?, ?, ?, ?, ?, ?, ?, ?, ?, ?, ?, ?, ?, ?)
2026-05-29T12:37:23.767+01:00 DEBUG 5656 --- [predictive-maintenance-backend] [MessageBroker-10] c.p.p.ml.service.MLServiceClient         : Calling ML service for machine 10: http://localhost:8000/predict
2026-05-29T12:37:23.818+01:00 DEBUG 5656 --- [predictive-maintenance-backend] [MessageBroker-10] c.p.p.ml.service.MLServiceClient         : ML prediction received for machine 10: RUL=102.07, anomaly=0.239, risk=LOW
2026-05-29T12:37:23.818+01:00 DEBUG 5656 --- [predictive-maintenance-backend] [MessageBroker-10] org.hibernate.SQL                        : 
    insert 
    into
        prediction_history
        (ambient_temperature, anomaly_probability, anomaly_type, bearing_wear, confidence_score, created_at, current, efficiency_score, failure_probability, fatigue_index, health, load_factor, lubrication_level, machine_id, ml_prediction_available, operating_speed, power_consumption, predicted_failure_type, predicted_rul, pressure, recommended_action, remaining_useful_life, requires_immediate_action, risk_level, risk_score, severity, temperature, thermal_stress, timestamp, vibration, voltage) 
    values
        (?, ?, ?, ?, ?, ?, ?, ?, ?, ?, ?, ?, ?, ?, ?, ?, ?, ?, ?, ?, ?, ?, ?, ?, ?, ?, ?, ?, ?, ?, ?)
2026-05-29T12:37:23.819+01:00 DEBUG 5656 --- [predictive-maintenance-backend] [MessageBroker-10] c.p.p.w.service.MachineStreamingService  : Stored prediction history for machine 10
2026-05-29T12:37:23.821+01:00 DEBUG 5656 --- [predictive-maintenance-backend] [MessageBroker-10] c.p.p.w.service.MachineStreamingService  : Streamed dataset-driven telemetry for 1 machines
2026-05-29T12:37:23.821+01:00 DEBUG 5656 --- [predictive-maintenance-backend] [MessageBroker-10] org.hibernate.SQL                        : 
    update
        machines 
    set
        category=?,
        description=?,
        installation_date=?,
        last_maintenance_date=?,
        last_modified_date=?,
        location=?,
        manufacturer=?,
        model=?,
        name=?,
        next_maintenance_date=?,
        operating_hours=?,
        photo_content_type=?,
        photo_path=?,
        risk_score=?,
        serial_number=?,
        status=?,
        sub_category=? 
    where
        id=?
2026-05-29T12:37:25.019+01:00 DEBUG 5656 --- [predictive-maintenance-backend] [http-nio-8080-exec-10] o.s.security.web.FilterChainProxy        : Securing GET /api/v1/notifications?role=TECHNICIAN
2026-05-29T12:37:25.021+01:00 DEBUG 5656 --- [predictive-maintenance-backend] [http-nio-8080-exec-7] o.s.security.web.FilterChainProxy        : Securing GET /api/v1/notifications/unread-count
2026-05-29T12:37:25.028+01:00 DEBUG 5656 --- [predictive-maintenance-backend] [http-nio-8080-exec-7] o.s.security.web.FilterChainProxy        : Secured GET /api/v1/notifications/unread-count
2026-05-29T12:37:25.028+01:00 DEBUG 5656 --- [predictive-maintenance-backend] [http-nio-8080-exec-10] o.s.security.web.FilterChainProxy        : Secured GET /api/v1/notifications?role=TECHNICIAN
2026-05-29T12:37:25.029+01:00 DEBUG 5656 --- [predictive-maintenance-backend] [http-nio-8080-exec-7] horizationManagerBeforeMethodInterceptor : Authorizing method invocation ReflectiveMethodInvocation: public org.springframework.http.ResponseEntity com.pfe.predictive.notification.controller.NotificationController.getUnreadCount(); target is of class [com.pfe.predictive.notification.controller.NotificationController]
2026-05-29T12:37:25.030+01:00 DEBUG 5656 --- [predictive-maintenance-backend] [http-nio-8080-exec-7] horizationManagerBeforeMethodInterceptor : Authorized method invocation ReflectiveMethodInvocation: public org.springframework.http.ResponseEntity com.pfe.predictive.notification.controller.NotificationController.getUnreadCount(); target is of class [com.pfe.predictive.notification.controller.NotificationController]
2026-05-29T12:37:25.030+01:00 DEBUG 5656 --- [predictive-maintenance-backend] [http-nio-8080-exec-10] horizationManagerBeforeMethodInterceptor : Authorizing method invocation ReflectiveMethodInvocation: public org.springframework.http.ResponseEntity com.pfe.predictive.notification.controller.NotificationController.getNotifications(java.lang.String); target is of class [com.pfe.predictive.notification.controller.NotificationController]
2026-05-29T12:37:25.031+01:00 DEBUG 5656 --- [predictive-maintenance-backend] [http-nio-8080-exec-10] horizationManagerBeforeMethodInterceptor : Authorized method invocation ReflectiveMethodInvocation: public org.springframework.http.ResponseEntity com.pfe.predictive.notification.controller.NotificationController.getNotifications(java.lang.String); target is of class [com.pfe.predictive.notification.controller.NotificationController]
2026-05-29T12:37:25.031+01:00 DEBUG 5656 --- [predictive-maintenance-backend] [http-nio-8080-exec-7] org.hibernate.SQL                        : 
    select
        count(n1_0.id) 
    from
        notifications n1_0 
    where
        not(n1_0.is_read)
2026-05-29T12:37:25.033+01:00 DEBUG 5656 --- [predictive-maintenance-backend] [http-nio-8080-exec-10] org.hibernate.SQL                        : 
    select
        n1_0.id,
        n1_0.body,
        n1_0.created_at,
        n1_0.is_read,
        n1_0.machine_id,
        n1_0.prediction_record_id,
        n1_0.risk_level,
        n1_0.target_roles,
        n1_0.title 
    from
        notifications n1_0 
    where
        n1_0.target_roles like ? escape '\' 
    order by
        n1_0.created_at desc
2026-05-29T12:37:25.040+01:00 DEBUG 5656 --- [predictive-maintenance-backend] [http-nio-8080-exec-2] o.s.security.web.FilterChainProxy        : Securing GET /api/v1/notifications/unread-count
2026-05-29T12:37:25.042+01:00 DEBUG 5656 --- [predictive-maintenance-backend] [http-nio-8080-exec-8] o.s.security.web.FilterChainProxy        : Securing GET /api/v1/notifications?role=TECHNICIAN
2026-05-29T12:37:25.046+01:00 DEBUG 5656 --- [predictive-maintenance-backend] [http-nio-8080-exec-2] o.s.security.web.FilterChainProxy        : Secured GET /api/v1/notifications/unread-count
2026-05-29T12:37:25.047+01:00 DEBUG 5656 --- [predictive-maintenance-backend] [http-nio-8080-exec-2] horizationManagerBeforeMethodInterceptor : Authorizing method invocation ReflectiveMethodInvocation: public org.springframework.http.ResponseEntity com.pfe.predictive.notification.controller.NotificationController.getUnreadCount(); target is of class [com.pfe.predictive.notification.controller.NotificationController]
2026-05-29T12:37:25.048+01:00 DEBUG 5656 --- [predictive-maintenance-backend] [http-nio-8080-exec-2] horizationManagerBeforeMethodInterceptor : Authorized method invocation ReflectiveMethodInvocation: public org.springframework.http.ResponseEntity com.pfe.predictive.notification.controller.NotificationController.getUnreadCount(); target is of class [com.pfe.predictive.notification.controller.NotificationController]
2026-05-29T12:37:25.049+01:00 DEBUG 5656 --- [predictive-maintenance-backend] [http-nio-8080-exec-2] org.hibernate.SQL                        : 
    select
        count(n1_0.id) 
    from
        notifications n1_0 
    where
        not(n1_0.is_read)
2026-05-29T12:37:25.050+01:00 DEBUG 5656 --- [predictive-maintenance-backend] [http-nio-8080-exec-8] o.s.security.web.FilterChainProxy        : Secured GET /api/v1/notifications?role=TECHNICIAN
2026-05-29T12:37:25.051+01:00 DEBUG 5656 --- [predictive-maintenance-backend] [http-nio-8080-exec-8] horizationManagerBeforeMethodInterceptor : Authorizing method invocation ReflectiveMethodInvocation: public org.springframework.http.ResponseEntity com.pfe.predictive.notification.controller.NotificationController.getNotifications(java.lang.String); target is of class [com.pfe.predictive.notification.controller.NotificationController]
2026-05-29T12:37:25.052+01:00 DEBUG 5656 --- [predictive-maintenance-backend] [http-nio-8080-exec-8] horizationManagerBeforeMethodInterceptor : Authorized method invocation ReflectiveMethodInvocation: public org.springframework.http.ResponseEntity com.pfe.predictive.notification.controller.NotificationController.getNotifications(java.lang.String); target is of class [com.pfe.predictive.notification.controller.NotificationController]
2026-05-29T12:37:25.054+01:00 DEBUG 5656 --- [predictive-maintenance-backend] [http-nio-8080-exec-8] org.hibernate.SQL                        : 
    select
        n1_0.id,
        n1_0.body,
        n1_0.created_at,
        n1_0.is_read,
        n1_0.machine_id,
        n1_0.prediction_record_id,
        n1_0.risk_level,
        n1_0.target_roles,
        n1_0.title 
    from
        notifications n1_0 
    where
        n1_0.target_roles like ? escape '\' 
    order by
        n1_0.created_at desc
2026-05-29T12:37:25.061+01:00 DEBUG 5656 --- [predictive-maintenance-backend] [http-nio-8080-exec-6] o.s.security.web.FilterChainProxy        : Securing GET /api/v1/notifications?role=TECHNICIAN
2026-05-29T12:37:25.069+01:00 DEBUG 5656 --- [predictive-maintenance-backend] [http-nio-8080-exec-6] o.s.security.web.FilterChainProxy        : Secured GET /api/v1/notifications?role=TECHNICIAN
2026-05-29T12:37:25.071+01:00 DEBUG 5656 --- [predictive-maintenance-backend] [http-nio-8080-exec-6] horizationManagerBeforeMethodInterceptor : Authorizing method invocation ReflectiveMethodInvocation: public org.springframework.http.ResponseEntity com.pfe.predictive.notification.controller.NotificationController.getNotifications(java.lang.String); target is of class [com.pfe.predictive.notification.controller.NotificationController]
2026-05-29T12:37:25.071+01:00 DEBUG 5656 --- [predictive-maintenance-backend] [http-nio-8080-exec-6] horizationManagerBeforeMethodInterceptor : Authorized method invocation ReflectiveMethodInvocation: public org.springframework.http.ResponseEntity com.pfe.predictive.notification.controller.NotificationController.getNotifications(java.lang.String); target is of class [com.pfe.predictive.notification.controller.NotificationController]
2026-05-29T12:37:25.073+01:00 DEBUG 5656 --- [predictive-maintenance-backend] [http-nio-8080-exec-6] org.hibernate.SQL                        : 
    select
        n1_0.id,
        n1_0.body,
        n1_0.created_at,
        n1_0.is_read,
        n1_0.machine_id,
        n1_0.prediction_record_id,
        n1_0.risk_level,
        n1_0.target_roles,
        n1_0.title 
    from
        notifications n1_0 
    where
        n1_0.target_roles like ? escape '\' 
    order by
        n1_0.created_at desc
2026-05-29T12:37:25.122+01:00 DEBUG 5656 --- [predictive-maintenance-backend] [http-nio-8080-exec-4] o.s.security.web.FilterChainProxy        : Securing GET /api/v1/machines/10
2026-05-29T12:37:25.136+01:00 DEBUG 5656 --- [predictive-maintenance-backend] [http-nio-8080-exec-4] o.s.security.web.FilterChainProxy        : Secured GET /api/v1/machines/10
2026-05-29T12:37:25.139+01:00 DEBUG 5656 --- [predictive-maintenance-backend] [http-nio-8080-exec-4] org.hibernate.SQL                        : 
    select
        m1_0.id,
        m1_0.category,
        m1_0.created_date,
        m1_0.description,
        m1_0.installation_date,
        m1_0.last_maintenance_date,
        m1_0.last_modified_date,
        m1_0.location,
        m1_0.manufacturer,
        m1_0.model,
        m1_0.name,
        m1_0.next_maintenance_date,
        m1_0.operating_hours,
        m1_0.photo_content_type,
        m1_0.photo_path,
        m1_0.risk_score,
        m1_0.serial_number,
        m1_0.status,
        m1_0.sub_category 
    from
        machines m1_0 
    where
        m1_0.id=?
2026-05-29T12:37:25.367+01:00 DEBUG 5656 --- [predictive-maintenance-backend] [http-nio-8080-exec-5] o.s.security.web.FilterChainProxy        : Securing GET /ws-machine/info?t=1780054645356
2026-05-29T12:37:25.368+01:00 DEBUG 5656 --- [predictive-maintenance-backend] [http-nio-8080-exec-5] o.s.s.w.a.AnonymousAuthenticationFilter  : Set SecurityContextHolder to anonymous SecurityContext
2026-05-29T12:37:25.369+01:00 DEBUG 5656 --- [predictive-maintenance-backend] [http-nio-8080-exec-5] o.s.security.web.FilterChainProxy        : Secured GET /ws-machine/info?t=1780054645356
2026-05-29T12:37:25.646+01:00 DEBUG 5656 --- [predictive-maintenance-backend] [http-nio-8080-exec-1] o.s.security.web.FilterChainProxy        : Securing GET /ws-machine/172/echme2xz/websocket
2026-05-29T12:37:25.646+01:00 DEBUG 5656 --- [predictive-maintenance-backend] [http-nio-8080-exec-1] o.s.s.w.a.AnonymousAuthenticationFilter  : Set SecurityContextHolder to anonymous SecurityContext
2026-05-29T12:37:25.648+01:00 DEBUG 5656 --- [predictive-maintenance-backend] [http-nio-8080-exec-1] o.s.security.web.FilterChainProxy        : Secured GET /ws-machine/172/echme2xz/websocket
2026-05-29T12:37:25.761+01:00 DEBUG 5656 --- [predictive-maintenance-backend] [MessageBroker-14] org.hibernate.SQL                        : 
    select
        m1_0.id,
        m1_0.category,
        m1_0.created_date,
        m1_0.description,
        m1_0.installation_date,
        m1_0.last_maintenance_date,
        m1_0.last_modified_date,
        m1_0.location,
        m1_0.manufacturer,
        m1_0.model,
        m1_0.name,
        m1_0.next_maintenance_date,
        m1_0.operating_hours,
        m1_0.photo_content_type,
        m1_0.photo_path,
        m1_0.risk_score,
        m1_0.serial_number,
        m1_0.status,
        m1_0.sub_category 
    from
        machines m1_0
2026-05-29T12:37:25.764+01:00 DEBUG 5656 --- [predictive-maintenance-backend] [MessageBroker-14] org.hibernate.SQL                        : 
    insert 
    into
        sensor_telemetry
        (created_at, machine_id, sensor1, sensor10, sensor11, sensor12, sensor13, sensor14, sensor15, sensor16, sensor17, sensor18, sensor19, sensor2, sensor20, sensor21, sensor3, sensor4, sensor5, sensor6, sensor7, sensor8, sensor9, setting1, setting2, setting3, timestamp) 
    values
        (?, ?, ?, ?, ?, ?, ?, ?, ?, ?, ?, ?, ?, ?, ?, ?, ?, ?, ?, ?, ?, ?, ?, ?, ?, ?, ?)
2026-05-29T12:37:25.766+01:00 DEBUG 5656 --- [predictive-maintenance-backend] [MessageBroker-14] c.p.p.ml.service.MLServiceClient         : Calling ML service for machine 10: http://localhost:8000/predict
2026-05-29T12:37:25.825+01:00 DEBUG 5656 --- [predictive-maintenance-backend] [MessageBroker-14] c.p.p.ml.service.MLServiceClient         : ML prediction received for machine 10: RUL=102.83, anomaly=0.224, risk=LOW
2026-05-29T12:37:25.826+01:00 DEBUG 5656 --- [predictive-maintenance-backend] [MessageBroker-14] org.hibernate.SQL                        : 
    insert 
    into
        prediction_history
        (ambient_temperature, anomaly_probability, anomaly_type, bearing_wear, confidence_score, created_at, current, efficiency_score, failure_probability, fatigue_index, health, load_factor, lubrication_level, machine_id, ml_prediction_available, operating_speed, power_consumption, predicted_failure_type, predicted_rul, pressure, recommended_action, remaining_useful_life, requires_immediate_action, risk_level, risk_score, severity, temperature, thermal_stress, timestamp, vibration, voltage) 
    values
        (?, ?, ?, ?, ?, ?, ?, ?, ?, ?, ?, ?, ?, ?, ?, ?, ?, ?, ?, ?, ?, ?, ?, ?, ?, ?, ?, ?, ?, ?, ?)
2026-05-29T12:37:25.828+01:00 DEBUG 5656 --- [predictive-maintenance-backend] [MessageBroker-14] c.p.p.w.service.MachineStreamingService  : Stored prediction history for machine 10
2026-05-29T12:37:25.829+01:00 DEBUG 5656 --- [predictive-maintenance-backend] [MessageBroker-14] c.p.p.w.service.MachineStreamingService  : Streamed dataset-driven telemetry for 1 machines
2026-05-29T12:37:25.830+01:00 DEBUG 5656 --- [predictive-maintenance-backend] [MessageBroker-14] org.hibernate.SQL                        : 
    update
        machines 
    set
        category=?,
        description=?,
        installation_date=?,
        last_maintenance_date=?,
        last_modified_date=?,
        location=?,
        manufacturer=?,
        model=?,
        name=?,
        next_maintenance_date=?,
        operating_hours=?,
        photo_content_type=?,
        photo_path=?,
        risk_score=?,
        serial_number=?,
        status=?,
        sub_category=? 
    where
        id=?
2026-05-29T12:37:27.755+01:00 DEBUG 5656 --- [predictive-maintenance-backend] [MessageBroker-14] org.hibernate.SQL                        : 
    select
        m1_0.id,
        m1_0.category,
        m1_0.created_date,
        m1_0.description,
        m1_0.installation_date,
        m1_0.last_maintenance_date,
        m1_0.last_modified_date,
        m1_0.location,
        m1_0.manufacturer,
        m1_0.model,
        m1_0.name,
        m1_0.next_maintenance_date,
        m1_0.operating_hours,
        m1_0.photo_content_type,
        m1_0.photo_path,
        m1_0.risk_score,
        m1_0.serial_number,
        m1_0.status,
        m1_0.sub_category 
    from
        machines m1_0
2026-05-29T12:37:27.755+01:00 DEBUG 5656 --- [predictive-maintenance-backend] [MessageBroker-14] org.hibernate.SQL                        : 
    insert 
    into
        sensor_telemetry
        (created_at, machine_id, sensor1, sensor10, sensor11, sensor12, sensor13, sensor14, sensor15, sensor16, sensor17, sensor18, sensor19, sensor2, sensor20, sensor21, sensor3, sensor4, sensor5, sensor6, sensor7, sensor8, sensor9, setting1, setting2, setting3, timestamp) 
    values
        (?, ?, ?, ?, ?, ?, ?, ?, ?, ?, ?, ?, ?, ?, ?, ?, ?, ?, ?, ?, ?, ?, ?, ?, ?, ?, ?)
2026-05-29T12:37:27.757+01:00 DEBUG 5656 --- [predictive-maintenance-backend] [MessageBroker-14] c.p.p.ml.service.MLServiceClient         : Calling ML service for machine 10: http://localhost:8000/predict
2026-05-29T12:37:27.808+01:00 DEBUG 5656 --- [predictive-maintenance-backend] [MessageBroker-14] c.p.p.ml.service.MLServiceClient         : ML prediction received for machine 10: RUL=103.16, anomaly=0.275, risk=LOW
2026-05-29T12:37:27.809+01:00 DEBUG 5656 --- [predictive-maintenance-backend] [MessageBroker-14] org.hibernate.SQL                        : 
    insert 
    into
        prediction_history
        (ambient_temperature, anomaly_probability, anomaly_type, bearing_wear, confidence_score, created_at, current, efficiency_score, failure_probability, fatigue_index, health, load_factor, lubrication_level, machine_id, ml_prediction_available, operating_speed, power_consumption, predicted_failure_type, predicted_rul, pressure, recommended_action, remaining_useful_life, requires_immediate_action, risk_level, risk_score, severity, temperature, thermal_stress, timestamp, vibration, voltage) 
    values
        (?, ?, ?, ?, ?, ?, ?, ?, ?, ?, ?, ?, ?, ?, ?, ?, ?, ?, ?, ?, ?, ?, ?, ?, ?, ?, ?, ?, ?, ?, ?)
2026-05-29T12:37:27.810+01:00 DEBUG 5656 --- [predictive-maintenance-backend] [MessageBroker-14] c.p.p.w.service.MachineStreamingService  : Stored prediction history for machine 10
2026-05-29T12:37:27.811+01:00 DEBUG 5656 --- [predictive-maintenance-backend] [MessageBroker-14] c.p.p.w.service.MachineStreamingService  : Streamed dataset-driven telemetry for 1 machines
2026-05-29T12:37:27.811+01:00 DEBUG 5656 --- [predictive-maintenance-backend] [MessageBroker-14] org.hibernate.SQL                        : 
    update
        machines 
    set
        category=?,
        description=?,
        installation_date=?,
        last_maintenance_date=?,
        last_modified_date=?,
        location=?,
        manufacturer=?,
        model=?,
        name=?,
        next_maintenance_date=?,
        operating_hours=?,
        photo_content_type=?,
        photo_path=?,
        risk_score=?,
        serial_number=?,
        status=?,
        sub_category=? 
    where
        id=?
2026-05-29T12:37:29.753+01:00 DEBUG 5656 --- [predictive-maintenance-backend] [MessageBroker-11] org.hibernate.SQL                        : 
    select
        m1_0.id,
        m1_0.category,
        m1_0.created_date,
        m1_0.description,
        m1_0.installation_date,
        m1_0.last_maintenance_date,
        m1_0.last_modified_date,
        m1_0.location,
        m1_0.manufacturer,
        m1_0.model,
        m1_0.name,
        m1_0.next_maintenance_date,
        m1_0.operating_hours,
        m1_0.photo_content_type,
        m1_0.photo_path,
        m1_0.risk_score,
        m1_0.serial_number,
        m1_0.status,
        m1_0.sub_category 
    from
        machines m1_0
2026-05-29T12:37:29.755+01:00 DEBUG 5656 --- [predictive-maintenance-backend] [MessageBroker-11] org.hibernate.SQL                        : 
    insert 
    into
        sensor_telemetry
        (created_at, machine_id, sensor1, sensor10, sensor11, sensor12, sensor13, sensor14, sensor15, sensor16, sensor17, sensor18, sensor19, sensor2, sensor20, sensor21, sensor3, sensor4, sensor5, sensor6, sensor7, sensor8, sensor9, setting1, setting2, setting3, timestamp) 
    values
        (?, ?, ?, ?, ?, ?, ?, ?, ?, ?, ?, ?, ?, ?, ?, ?, ?, ?, ?, ?, ?, ?, ?, ?, ?, ?, ?)
2026-05-29T12:37:29.756+01:00 DEBUG 5656 --- [predictive-maintenance-backend] [MessageBroker-11] c.p.p.ml.service.MLServiceClient         : Calling ML service for machine 10: http://localhost:8000/predict
2026-05-29T12:37:29.824+01:00 DEBUG 5656 --- [predictive-maintenance-backend] [MessageBroker-11] c.p.p.ml.service.MLServiceClient         : ML prediction received for machine 10: RUL=104.31, anomaly=0.275, risk=LOW
2026-05-29T12:37:29.825+01:00 DEBUG 5656 --- [predictive-maintenance-backend] [MessageBroker-11] org.hibernate.SQL                        : 
    insert 
    into
        prediction_history
        (ambient_temperature, anomaly_probability, anomaly_type, bearing_wear, confidence_score, created_at, current, efficiency_score, failure_probability, fatigue_index, health, load_factor, lubrication_level, machine_id, ml_prediction_available, operating_speed, power_consumption, predicted_failure_type, predicted_rul, pressure, recommended_action, remaining_useful_life, requires_immediate_action, risk_level, risk_score, severity, temperature, thermal_stress, timestamp, vibration, voltage) 
    values
        (?, ?, ?, ?, ?, ?, ?, ?, ?, ?, ?, ?, ?, ?, ?, ?, ?, ?, ?, ?, ?, ?, ?, ?, ?, ?, ?, ?, ?, ?, ?)
2026-05-29T12:37:29.828+01:00 DEBUG 5656 --- [predictive-maintenance-backend] [MessageBroker-11] c.p.p.w.service.MachineStreamingService  : Stored prediction history for machine 10
2026-05-29T12:37:29.829+01:00 DEBUG 5656 --- [predictive-maintenance-backend] [MessageBroker-11] c.p.p.w.service.MachineStreamingService  : Streamed dataset-driven telemetry for 1 machines
2026-05-29T12:37:29.830+01:00 DEBUG 5656 --- [predictive-maintenance-backend] [MessageBroker-11] org.hibernate.SQL                        : 
    update
        machines 
    set
        category=?,
        description=?,
        installation_date=?,
        last_maintenance_date=?,
        last_modified_date=?,
        location=?,
        manufacturer=?,
        model=?,
        name=?,
        next_maintenance_date=?,
        operating_hours=?,
        photo_content_type=?,
        photo_path=?,
        risk_score=?,
        serial_number=?,
        status=?,
        sub_category=? 
    where
        id=?
2026-05-29T12:37:31.751+01:00 DEBUG 5656 --- [predictive-maintenance-backend] [MessageBroker-11] org.hibernate.SQL                        : 
    select
        m1_0.id,
        m1_0.category,
        m1_0.created_date,
        m1_0.description,
        m1_0.installation_date,
        m1_0.last_maintenance_date,
        m1_0.last_modified_date,
        m1_0.location,
        m1_0.manufacturer,
        m1_0.model,
        m1_0.name,
        m1_0.next_maintenance_date,
        m1_0.operating_hours,
        m1_0.photo_content_type,
        m1_0.photo_path,
        m1_0.risk_score,
        m1_0.serial_number,
        m1_0.status,
        m1_0.sub_category 
    from
        machines m1_0
2026-05-29T12:37:31.752+01:00 DEBUG 5656 --- [predictive-maintenance-backend] [MessageBroker-11] org.hibernate.SQL                        : 
    insert 
    into
        sensor_telemetry
        (created_at, machine_id, sensor1, sensor10, sensor11, sensor12, sensor13, sensor14, sensor15, sensor16, sensor17, sensor18, sensor19, sensor2, sensor20, sensor21, sensor3, sensor4, sensor5, sensor6, sensor7, sensor8, sensor9, setting1, setting2, setting3, timestamp) 
    values
        (?, ?, ?, ?, ?, ?, ?, ?, ?, ?, ?, ?, ?, ?, ?, ?, ?, ?, ?, ?, ?, ?, ?, ?, ?, ?, ?)
2026-05-29T12:37:31.753+01:00 DEBUG 5656 --- [predictive-maintenance-backend] [MessageBroker-11] c.p.p.ml.service.MLServiceClient         : Calling ML service for machine 10: http://localhost:8000/predict
2026-05-29T12:37:31.805+01:00 DEBUG 5656 --- [predictive-maintenance-backend] [MessageBroker-11] c.p.p.ml.service.MLServiceClient         : ML prediction received for machine 10: RUL=106.13, anomaly=0.274, risk=LOW
2026-05-29T12:37:31.807+01:00 DEBUG 5656 --- [predictive-maintenance-backend] [MessageBroker-11] org.hibernate.SQL                        : 
    insert 
    into
        prediction_history
        (ambient_temperature, anomaly_probability, anomaly_type, bearing_wear, confidence_score, created_at, current, efficiency_score, failure_probability, fatigue_index, health, load_factor, lubrication_level, machine_id, ml_prediction_available, operating_speed, power_consumption, predicted_failure_type, predicted_rul, pressure, recommended_action, remaining_useful_life, requires_immediate_action, risk_level, risk_score, severity, temperature, thermal_stress, timestamp, vibration, voltage) 
    values
        (?, ?, ?, ?, ?, ?, ?, ?, ?, ?, ?, ?, ?, ?, ?, ?, ?, ?, ?, ?, ?, ?, ?, ?, ?, ?, ?, ?, ?, ?, ?)
2026-05-29T12:37:31.810+01:00 DEBUG 5656 --- [predictive-maintenance-backend] [MessageBroker-11] c.p.p.w.service.MachineStreamingService  : Stored prediction history for machine 10
2026-05-29T12:37:31.811+01:00 DEBUG 5656 --- [predictive-maintenance-backend] [MessageBroker-11] c.p.p.w.service.MachineStreamingService  : Streamed dataset-driven telemetry for 1 machines
2026-05-29T12:37:31.811+01:00 DEBUG 5656 --- [predictive-maintenance-backend] [MessageBroker-11] org.hibernate.SQL                        : 
    update
        machines 
    set
        category=?,
        description=?,
        installation_date=?,
        last_maintenance_date=?,
        last_modified_date=?,
        location=?,
        manufacturer=?,
        model=?,
        name=?,
        next_maintenance_date=?,
        operating_hours=?,
        photo_content_type=?,
        photo_path=?,
        risk_score=?,
        serial_number=?,
        status=?,
        sub_category=? 
    where
        id=?
2026-05-29T12:37:33.753+01:00 DEBUG 5656 --- [predictive-maintenance-backend] [MessageBroker-11] org.hibernate.SQL                        : 
    select
        m1_0.id,
        m1_0.category,
        m1_0.created_date,
        m1_0.description,
        m1_0.installation_date,
        m1_0.last_maintenance_date,
        m1_0.last_modified_date,
        m1_0.location,
        m1_0.manufacturer,
        m1_0.model,
        m1_0.name,
        m1_0.next_maintenance_date,
        m1_0.operating_hours,
        m1_0.photo_content_type,
        m1_0.photo_path,
        m1_0.risk_score,
        m1_0.serial_number,
        m1_0.status,
        m1_0.sub_category 
    from
        machines m1_0
2026-05-29T12:37:33.754+01:00 DEBUG 5656 --- [predictive-maintenance-backend] [MessageBroker-11] org.hibernate.SQL                        : 
    insert 
    into
        sensor_telemetry
        (created_at, machine_id, sensor1, sensor10, sensor11, sensor12, sensor13, sensor14, sensor15, sensor16, sensor17, sensor18, sensor19, sensor2, sensor20, sensor21, sensor3, sensor4, sensor5, sensor6, sensor7, sensor8, sensor9, setting1, setting2, setting3, timestamp) 
    values
        (?, ?, ?, ?, ?, ?, ?, ?, ?, ?, ?, ?, ?, ?, ?, ?, ?, ?, ?, ?, ?, ?, ?, ?, ?, ?, ?)
2026-05-29T12:37:33.755+01:00 DEBUG 5656 --- [predictive-maintenance-backend] [MessageBroker-11] c.p.p.ml.service.MLServiceClient         : Calling ML service for machine 10: http://localhost:8000/predict
2026-05-29T12:37:33.808+01:00 DEBUG 5656 --- [predictive-maintenance-backend] [MessageBroker-11] c.p.p.ml.service.MLServiceClient         : ML prediction received for machine 10: RUL=108.28, anomaly=0.274, risk=LOW
2026-05-29T12:37:33.809+01:00 DEBUG 5656 --- [predictive-maintenance-backend] [MessageBroker-11] org.hibernate.SQL                        : 
    insert 
    into
        prediction_history
        (ambient_temperature, anomaly_probability, anomaly_type, bearing_wear, confidence_score, created_at, current, efficiency_score, failure_probability, fatigue_index, health, load_factor, lubrication_level, machine_id, ml_prediction_available, operating_speed, power_consumption, predicted_failure_type, predicted_rul, pressure, recommended_action, remaining_useful_life, requires_immediate_action, risk_level, risk_score, severity, temperature, thermal_stress, timestamp, vibration, voltage) 
    values
        (?, ?, ?, ?, ?, ?, ?, ?, ?, ?, ?, ?, ?, ?, ?, ?, ?, ?, ?, ?, ?, ?, ?, ?, ?, ?, ?, ?, ?, ?, ?)
2026-05-29T12:37:33.810+01:00 DEBUG 5656 --- [predictive-maintenance-backend] [MessageBroker-11] c.p.p.w.service.MachineStreamingService  : Stored prediction history for machine 10
2026-05-29T12:37:33.811+01:00 DEBUG 5656 --- [predictive-maintenance-backend] [MessageBroker-11] c.p.p.w.service.MachineStreamingService  : Streamed dataset-driven telemetry for 1 machines
2026-05-29T12:37:33.812+01:00 DEBUG 5656 --- [predictive-maintenance-backend] [MessageBroker-11] org.hibernate.SQL                        : 
    update
        machines 
    set
        category=?,
        description=?,
        installation_date=?,
        last_maintenance_date=?,
        last_modified_date=?,
        location=?,
        manufacturer=?,
        model=?,
        name=?,
        next_maintenance_date=?,
        operating_hours=?,
        photo_content_type=?,
        photo_path=?,
        risk_score=?,
        serial_number=?,
        status=?,
        sub_category=? 
    where
        id=?
2026-05-29T12:37:35.765+01:00 DEBUG 5656 --- [predictive-maintenance-backend] [MessageBroker-12] org.hibernate.SQL                        : 
    select
        m1_0.id,
        m1_0.category,
        m1_0.created_date,
        m1_0.description,
        m1_0.installation_date,
        m1_0.last_maintenance_date,
        m1_0.last_modified_date,
        m1_0.location,
        m1_0.manufacturer,
        m1_0.model,
        m1_0.name,
        m1_0.next_maintenance_date,
        m1_0.operating_hours,
        m1_0.photo_content_type,
        m1_0.photo_path,
        m1_0.risk_score,
        m1_0.serial_number,
        m1_0.status,
        m1_0.sub_category 
    from
        machines m1_0
2026-05-29T12:37:35.767+01:00 DEBUG 5656 --- [predictive-maintenance-backend] [MessageBroker-12] org.hibernate.SQL                        : 
    insert 
    into
        sensor_telemetry
        (created_at, machine_id, sensor1, sensor10, sensor11, sensor12, sensor13, sensor14, sensor15, sensor16, sensor17, sensor18, sensor19, sensor2, sensor20, sensor21, sensor3, sensor4, sensor5, sensor6, sensor7, sensor8, sensor9, setting1, setting2, setting3, timestamp) 
    values
        (?, ?, ?, ?, ?, ?, ?, ?, ?, ?, ?, ?, ?, ?, ?, ?, ?, ?, ?, ?, ?, ?, ?, ?, ?, ?, ?)
2026-05-29T12:37:35.768+01:00 DEBUG 5656 --- [predictive-maintenance-backend] [MessageBroker-12] c.p.p.ml.service.MLServiceClient         : Calling ML service for machine 10: http://localhost:8000/predict
2026-05-29T12:37:35.818+01:00 DEBUG 5656 --- [predictive-maintenance-backend] [MessageBroker-12] c.p.p.ml.service.MLServiceClient         : ML prediction received for machine 10: RUL=111.42, anomaly=0.274, risk=LOW
2026-05-29T12:37:35.819+01:00 DEBUG 5656 --- [predictive-maintenance-backend] [MessageBroker-12] org.hibernate.SQL                        : 
    insert 
    into
        prediction_history
        (ambient_temperature, anomaly_probability, anomaly_type, bearing_wear, confidence_score, created_at, current, efficiency_score, failure_probability, fatigue_index, health, load_factor, lubrication_level, machine_id, ml_prediction_available, operating_speed, power_consumption, predicted_failure_type, predicted_rul, pressure, recommended_action, remaining_useful_life, requires_immediate_action, risk_level, risk_score, severity, temperature, thermal_stress, timestamp, vibration, voltage) 
    values
        (?, ?, ?, ?, ?, ?, ?, ?, ?, ?, ?, ?, ?, ?, ?, ?, ?, ?, ?, ?, ?, ?, ?, ?, ?, ?, ?, ?, ?, ?, ?)
2026-05-29T12:37:35.821+01:00 DEBUG 5656 --- [predictive-maintenance-backend] [MessageBroker-12] c.p.p.w.service.MachineStreamingService  : Stored prediction history for machine 10
2026-05-29T12:37:35.821+01:00 DEBUG 5656 --- [predictive-maintenance-backend] [MessageBroker-12] c.p.p.w.service.MachineStreamingService  : Streamed dataset-driven telemetry for 1 machines
2026-05-29T12:37:35.822+01:00 DEBUG 5656 --- [predictive-maintenance-backend] [MessageBroker-12] org.hibernate.SQL                        : 
    update
        machines 
    set
        category=?,
        description=?,
        installation_date=?,
        last_maintenance_date=?,
        last_modified_date=?,
        location=?,
        manufacturer=?,
        model=?,
        name=?,
        next_maintenance_date=?,
        operating_hours=?,
        photo_content_type=?,
        photo_path=?,
        risk_score=?,
        serial_number=?,
        status=?,
        sub_category=? 
    where
        id=?
2026-05-29T12:37:37.761+01:00 DEBUG 5656 --- [predictive-maintenance-backend] [MessageBroker-12] org.hibernate.SQL                        : 
    select
        m1_0.id,
        m1_0.category,
        m1_0.created_date,
        m1_0.description,
        m1_0.installation_date,
        m1_0.last_maintenance_date,
        m1_0.last_modified_date,
        m1_0.location,
        m1_0.manufacturer,
        m1_0.model,
        m1_0.name,
        m1_0.next_maintenance_date,
        m1_0.operating_hours,
        m1_0.photo_content_type,
        m1_0.photo_path,
        m1_0.risk_score,
        m1_0.serial_number,
        m1_0.status,
        m1_0.sub_category 
    from
        machines m1_0
2026-05-29T12:37:37.765+01:00 DEBUG 5656 --- [predictive-maintenance-backend] [MessageBroker-12] org.hibernate.SQL                        : 
    insert 
    into
        sensor_telemetry
        (created_at, machine_id, sensor1, sensor10, sensor11, sensor12, sensor13, sensor14, sensor15, sensor16, sensor17, sensor18, sensor19, sensor2, sensor20, sensor21, sensor3, sensor4, sensor5, sensor6, sensor7, sensor8, sensor9, setting1, setting2, setting3, timestamp) 
    values
        (?, ?, ?, ?, ?, ?, ?, ?, ?, ?, ?, ?, ?, ?, ?, ?, ?, ?, ?, ?, ?, ?, ?, ?, ?, ?, ?)
2026-05-29T12:37:37.766+01:00 DEBUG 5656 --- [predictive-maintenance-backend] [MessageBroker-12] c.p.p.ml.service.MLServiceClient         : Calling ML service for machine 10: http://localhost:8000/predict
2026-05-29T12:37:37.821+01:00 DEBUG 5656 --- [predictive-maintenance-backend] [MessageBroker-12] c.p.p.ml.service.MLServiceClient         : ML prediction received for machine 10: RUL=110.92, anomaly=0.274, risk=LOW
2026-05-29T12:37:37.821+01:00 DEBUG 5656 --- [predictive-maintenance-backend] [MessageBroker-12] org.hibernate.SQL                        : 
    insert 
    into
        prediction_history
        (ambient_temperature, anomaly_probability, anomaly_type, bearing_wear, confidence_score, created_at, current, efficiency_score, failure_probability, fatigue_index, health, load_factor, lubrication_level, machine_id, ml_prediction_available, operating_speed, power_consumption, predicted_failure_type, predicted_rul, pressure, recommended_action, remaining_useful_life, requires_immediate_action, risk_level, risk_score, severity, temperature, thermal_stress, timestamp, vibration, voltage) 
    values
        (?, ?, ?, ?, ?, ?, ?, ?, ?, ?, ?, ?, ?, ?, ?, ?, ?, ?, ?, ?, ?, ?, ?, ?, ?, ?, ?, ?, ?, ?, ?)
2026-05-29T12:37:37.824+01:00 DEBUG 5656 --- [predictive-maintenance-backend] [MessageBroker-12] c.p.p.w.service.MachineStreamingService  : Stored prediction history for machine 10
2026-05-29T12:37:37.824+01:00 DEBUG 5656 --- [predictive-maintenance-backend] [MessageBroker-12] c.p.p.w.service.MachineStreamingService  : Streamed dataset-driven telemetry for 1 machines
2026-05-29T12:37:37.825+01:00 DEBUG 5656 --- [predictive-maintenance-backend] [MessageBroker-12] org.hibernate.SQL                        : 
    update
        machines 
    set
        category=?,
        description=?,
        installation_date=?,
        last_maintenance_date=?,
        last_modified_date=?,
        location=?,
        manufacturer=?,
        model=?,
        name=?,
        next_maintenance_date=?,
        operating_hours=?,
        photo_content_type=?,
        photo_path=?,
        risk_score=?,
        serial_number=?,
        status=?,
        sub_category=? 
    where
        id=?
2026-05-29T12:37:39.764+01:00 DEBUG 5656 --- [predictive-maintenance-backend] [MessageBroker-8] org.hibernate.SQL                        : 
    select
        m1_0.id,
        m1_0.category,
        m1_0.created_date,
        m1_0.description,
        m1_0.installation_date,
        m1_0.last_maintenance_date,
        m1_0.last_modified_date,
        m1_0.location,
        m1_0.manufacturer,
        m1_0.model,
        m1_0.name,
        m1_0.next_maintenance_date,
        m1_0.operating_hours,
        m1_0.photo_content_type,
        m1_0.photo_path,
        m1_0.risk_score,
        m1_0.serial_number,
        m1_0.status,
        m1_0.sub_category 
    from
        machines m1_0
2026-05-29T12:37:39.765+01:00 DEBUG 5656 --- [predictive-maintenance-backend] [MessageBroker-8] org.hibernate.SQL                        : 
    insert 
    into
        sensor_telemetry
        (created_at, machine_id, sensor1, sensor10, sensor11, sensor12, sensor13, sensor14, sensor15, sensor16, sensor17, sensor18, sensor19, sensor2, sensor20, sensor21, sensor3, sensor4, sensor5, sensor6, sensor7, sensor8, sensor9, setting1, setting2, setting3, timestamp) 
    values
        (?, ?, ?, ?, ?, ?, ?, ?, ?, ?, ?, ?, ?, ?, ?, ?, ?, ?, ?, ?, ?, ?, ?, ?, ?, ?, ?)
2026-05-29T12:37:39.766+01:00 DEBUG 5656 --- [predictive-maintenance-backend] [MessageBroker-8] c.p.p.ml.service.MLServiceClient         : Calling ML service for machine 10: http://localhost:8000/predict
2026-05-29T12:37:39.831+01:00 DEBUG 5656 --- [predictive-maintenance-backend] [MessageBroker-8] c.p.p.ml.service.MLServiceClient         : ML prediction received for machine 10: RUL=103.75, anomaly=0.274, risk=LOW
2026-05-29T12:37:39.833+01:00 DEBUG 5656 --- [predictive-maintenance-backend] [MessageBroker-8] org.hibernate.SQL                        : 
    insert 
    into
        prediction_history
        (ambient_temperature, anomaly_probability, anomaly_type, bearing_wear, confidence_score, created_at, current, efficiency_score, failure_probability, fatigue_index, health, load_factor, lubrication_level, machine_id, ml_prediction_available, operating_speed, power_consumption, predicted_failure_type, predicted_rul, pressure, recommended_action, remaining_useful_life, requires_immediate_action, risk_level, risk_score, severity, temperature, thermal_stress, timestamp, vibration, voltage) 
    values
        (?, ?, ?, ?, ?, ?, ?, ?, ?, ?, ?, ?, ?, ?, ?, ?, ?, ?, ?, ?, ?, ?, ?, ?, ?, ?, ?, ?, ?, ?, ?)
2026-05-29T12:37:39.835+01:00 DEBUG 5656 --- [predictive-maintenance-backend] [MessageBroker-8] c.p.p.w.service.MachineStreamingService  : Stored prediction history for machine 10
2026-05-29T12:37:39.835+01:00 DEBUG 5656 --- [predictive-maintenance-backend] [MessageBroker-8] c.p.p.w.service.MachineStreamingService  : Streamed dataset-driven telemetry for 1 machines
2026-05-29T12:37:39.836+01:00 DEBUG 5656 --- [predictive-maintenance-backend] [MessageBroker-8] org.hibernate.SQL                        : 
    update
        machines 
    set
        category=?,
        description=?,
        installation_date=?,
        last_maintenance_date=?,
        last_modified_date=?,
        location=?,
        manufacturer=?,
        model=?,
        name=?,
        next_maintenance_date=?,
        operating_hours=?,
        photo_content_type=?,
        photo_path=?,
        risk_score=?,
        serial_number=?,
        status=?,
        sub_category=? 
    where
        id=?
2026-05-29T12:37:41.764+01:00 DEBUG 5656 --- [predictive-maintenance-backend] [MessageBroker-8] org.hibernate.SQL                        : 
    select
        m1_0.id,
        m1_0.category,
        m1_0.created_date,
        m1_0.description,
        m1_0.installation_date,
        m1_0.last_maintenance_date,
        m1_0.last_modified_date,
        m1_0.location,
        m1_0.manufacturer,
        m1_0.model,
        m1_0.name,
        m1_0.next_maintenance_date,
        m1_0.operating_hours,
        m1_0.photo_content_type,
        m1_0.photo_path,
        m1_0.risk_score,
        m1_0.serial_number,
        m1_0.status,
        m1_0.sub_category 
    from
        machines m1_0
2026-05-29T12:37:41.766+01:00 DEBUG 5656 --- [predictive-maintenance-backend] [MessageBroker-8] org.hibernate.SQL                        : 
    insert 
    into
        sensor_telemetry
        (created_at, machine_id, sensor1, sensor10, sensor11, sensor12, sensor13, sensor14, sensor15, sensor16, sensor17, sensor18, sensor19, sensor2, sensor20, sensor21, sensor3, sensor4, sensor5, sensor6, sensor7, sensor8, sensor9, setting1, setting2, setting3, timestamp) 
    values
        (?, ?, ?, ?, ?, ?, ?, ?, ?, ?, ?, ?, ?, ?, ?, ?, ?, ?, ?, ?, ?, ?, ?, ?, ?, ?, ?)
2026-05-29T12:37:41.767+01:00 DEBUG 5656 --- [predictive-maintenance-backend] [MessageBroker-8] c.p.p.ml.service.MLServiceClient         : Calling ML service for machine 10: http://localhost:8000/predict
2026-05-29T12:37:41.817+01:00 DEBUG 5656 --- [predictive-maintenance-backend] [MessageBroker-8] c.p.p.ml.service.MLServiceClient         : ML prediction received for machine 10: RUL=95.61, anomaly=0.274, risk=MEDIUM
2026-05-29T12:37:41.818+01:00 DEBUG 5656 --- [predictive-maintenance-backend] [MessageBroker-8] org.hibernate.SQL                        : 
    insert 
    into
        prediction_history
        (ambient_temperature, anomaly_probability, anomaly_type, bearing_wear, confidence_score, created_at, current, efficiency_score, failure_probability, fatigue_index, health, load_factor, lubrication_level, machine_id, ml_prediction_available, operating_speed, power_consumption, predicted_failure_type, predicted_rul, pressure, recommended_action, remaining_useful_life, requires_immediate_action, risk_level, risk_score, severity, temperature, thermal_stress, timestamp, vibration, voltage) 
    values
        (?, ?, ?, ?, ?, ?, ?, ?, ?, ?, ?, ?, ?, ?, ?, ?, ?, ?, ?, ?, ?, ?, ?, ?, ?, ?, ?, ?, ?, ?, ?)
2026-05-29T12:37:41.820+01:00 DEBUG 5656 --- [predictive-maintenance-backend] [MessageBroker-8] c.p.p.w.service.MachineStreamingService  : Stored prediction history for machine 10
2026-05-29T12:37:41.822+01:00 DEBUG 5656 --- [predictive-maintenance-backend] [MessageBroker-8] c.p.p.w.service.MachineStreamingService  : Streamed dataset-driven telemetry for 1 machines
2026-05-29T12:37:41.823+01:00 DEBUG 5656 --- [predictive-maintenance-backend] [MessageBroker-8] org.hibernate.SQL                        : 
    update
        machines 
    set
        category=?,
        description=?,
        installation_date=?,
        last_maintenance_date=?,
        last_modified_date=?,
        location=?,
        manufacturer=?,
        model=?,
        name=?,
        next_maintenance_date=?,
        operating_hours=?,
        photo_content_type=?,
        photo_path=?,
        risk_score=?,
        serial_number=?,
        status=?,
        sub_category=? 
    where
        id=?
2026-05-29T12:37:43.758+01:00 DEBUG 5656 --- [predictive-maintenance-backend] [MessageBroker-8] org.hibernate.SQL                        : 
    select
        m1_0.id,
        m1_0.category,
        m1_0.created_date,
        m1_0.description,
        m1_0.installation_date,
        m1_0.last_maintenance_date,
        m1_0.last_modified_date,
        m1_0.location,
        m1_0.manufacturer,
        m1_0.model,
        m1_0.name,
        m1_0.next_maintenance_date,
        m1_0.operating_hours,
        m1_0.photo_content_type,
        m1_0.photo_path,
        m1_0.risk_score,
        m1_0.serial_number,
        m1_0.status,
        m1_0.sub_category 
    from
        machines m1_0
2026-05-29T12:37:43.759+01:00 DEBUG 5656 --- [predictive-maintenance-backend] [MessageBroker-8] org.hibernate.SQL                        : 
    insert 
    into
        sensor_telemetry
        (created_at, machine_id, sensor1, sensor10, sensor11, sensor12, sensor13, sensor14, sensor15, sensor16, sensor17, sensor18, sensor19, sensor2, sensor20, sensor21, sensor3, sensor4, sensor5, sensor6, sensor7, sensor8, sensor9, setting1, setting2, setting3, timestamp) 
    values
        (?, ?, ?, ?, ?, ?, ?, ?, ?, ?, ?, ?, ?, ?, ?, ?, ?, ?, ?, ?, ?, ?, ?, ?, ?, ?, ?)
2026-05-29T12:37:43.761+01:00 DEBUG 5656 --- [predictive-maintenance-backend] [MessageBroker-8] c.p.p.ml.service.MLServiceClient         : Calling ML service for machine 10: http://localhost:8000/predict
2026-05-29T12:37:43.817+01:00 DEBUG 5656 --- [predictive-maintenance-backend] [MessageBroker-8] c.p.p.ml.service.MLServiceClient         : ML prediction received for machine 10: RUL=87.2, anomaly=0.274, risk=MEDIUM
2026-05-29T12:37:43.819+01:00 DEBUG 5656 --- [predictive-maintenance-backend] [MessageBroker-8] org.hibernate.SQL                        : 
    insert 
    into
        prediction_history
        (ambient_temperature, anomaly_probability, anomaly_type, bearing_wear, confidence_score, created_at, current, efficiency_score, failure_probability, fatigue_index, health, load_factor, lubrication_level, machine_id, ml_prediction_available, operating_speed, power_consumption, predicted_failure_type, predicted_rul, pressure, recommended_action, remaining_useful_life, requires_immediate_action, risk_level, risk_score, severity, temperature, thermal_stress, timestamp, vibration, voltage) 
    values
        (?, ?, ?, ?, ?, ?, ?, ?, ?, ?, ?, ?, ?, ?, ?, ?, ?, ?, ?, ?, ?, ?, ?, ?, ?, ?, ?, ?, ?, ?, ?)
2026-05-29T12:37:43.820+01:00 DEBUG 5656 --- [predictive-maintenance-backend] [MessageBroker-8] c.p.p.w.service.MachineStreamingService  : Stored prediction history for machine 10
2026-05-29T12:37:43.820+01:00 DEBUG 5656 --- [predictive-maintenance-backend] [MessageBroker-8] c.p.p.w.service.MachineStreamingService  : Streamed dataset-driven telemetry for 1 machines
2026-05-29T12:37:43.821+01:00 DEBUG 5656 --- [predictive-maintenance-backend] [MessageBroker-8] org.hibernate.SQL                        : 
    update
        machines 
    set
        category=?,
        description=?,
        installation_date=?,
        last_maintenance_date=?,
        last_modified_date=?,
        location=?,
        manufacturer=?,
        model=?,
        name=?,
        next_maintenance_date=?,
        operating_hours=?,
        photo_content_type=?,
        photo_path=?,
        risk_score=?,
        serial_number=?,
        status=?,
        sub_category=? 
    where
        id=?
2026-05-29T12:37:45.755+01:00 DEBUG 5656 --- [predictive-maintenance-backend] [MessageBroker-2] org.hibernate.SQL                        : 
    select
        m1_0.id,
        m1_0.category,
        m1_0.created_date,
        m1_0.description,
        m1_0.installation_date,
        m1_0.last_maintenance_date,
        m1_0.last_modified_date,
        m1_0.location,
        m1_0.manufacturer,
        m1_0.model,
        m1_0.name,
        m1_0.next_maintenance_date,
        m1_0.operating_hours,
        m1_0.photo_content_type,
        m1_0.photo_path,
        m1_0.risk_score,
        m1_0.serial_number,
        m1_0.status,
        m1_0.sub_category 
    from
        machines m1_0
2026-05-29T12:37:45.758+01:00 DEBUG 5656 --- [predictive-maintenance-backend] [MessageBroker-2] org.hibernate.SQL                        : 
    insert 
    into
        sensor_telemetry
        (created_at, machine_id, sensor1, sensor10, sensor11, sensor12, sensor13, sensor14, sensor15, sensor16, sensor17, sensor18, sensor19, sensor2, sensor20, sensor21, sensor3, sensor4, sensor5, sensor6, sensor7, sensor8, sensor9, setting1, setting2, setting3, timestamp) 
    values
        (?, ?, ?, ?, ?, ?, ?, ?, ?, ?, ?, ?, ?, ?, ?, ?, ?, ?, ?, ?, ?, ?, ?, ?, ?, ?, ?)
2026-05-29T12:37:45.760+01:00 DEBUG 5656 --- [predictive-maintenance-backend] [MessageBroker-2] c.p.p.ml.service.MLServiceClient         : Calling ML service for machine 10: http://localhost:8000/predict
2026-05-29T12:37:45.813+01:00 DEBUG 5656 --- [predictive-maintenance-backend] [MessageBroker-2] c.p.p.ml.service.MLServiceClient         : ML prediction received for machine 10: RUL=80.79, anomaly=0.274, risk=MEDIUM
2026-05-29T12:37:45.813+01:00 DEBUG 5656 --- [predictive-maintenance-backend] [MessageBroker-2] org.hibernate.SQL                        : 
    insert 
    into
        prediction_history
        (ambient_temperature, anomaly_probability, anomaly_type, bearing_wear, confidence_score, created_at, current, efficiency_score, failure_probability, fatigue_index, health, load_factor, lubrication_level, machine_id, ml_prediction_available, operating_speed, power_consumption, predicted_failure_type, predicted_rul, pressure, recommended_action, remaining_useful_life, requires_immediate_action, risk_level, risk_score, severity, temperature, thermal_stress, timestamp, vibration, voltage) 
    values
        (?, ?, ?, ?, ?, ?, ?, ?, ?, ?, ?, ?, ?, ?, ?, ?, ?, ?, ?, ?, ?, ?, ?, ?, ?, ?, ?, ?, ?, ?, ?)
2026-05-29T12:37:45.814+01:00 DEBUG 5656 --- [predictive-maintenance-backend] [MessageBroker-2] c.p.p.w.service.MachineStreamingService  : Stored prediction history for machine 10
2026-05-29T12:37:45.815+01:00 DEBUG 5656 --- [predictive-maintenance-backend] [MessageBroker-2] c.p.p.w.service.MachineStreamingService  : Streamed dataset-driven telemetry for 1 machines
2026-05-29T12:37:45.816+01:00 DEBUG 5656 --- [predictive-maintenance-backend] [MessageBroker-2] org.hibernate.SQL                        : 
    update
        machines 
    set
        category=?,
        description=?,
        installation_date=?,
        last_maintenance_date=?,
        last_modified_date=?,
        location=?,
        manufacturer=?,
        model=?,
        name=?,
        next_maintenance_date=?,
        operating_hours=?,
        photo_content_type=?,
        photo_path=?,
        risk_score=?,
        serial_number=?,
        status=?,
        sub_category=? 
    where
        id=?
2026-05-29T12:37:47.756+01:00 DEBUG 5656 --- [predictive-maintenance-backend] [MessageBroker-2] org.hibernate.SQL                        : 
    select
        m1_0.id,
        m1_0.category,
        m1_0.created_date,
        m1_0.description,
        m1_0.installation_date,
        m1_0.last_maintenance_date,
        m1_0.last_modified_date,
        m1_0.location,
        m1_0.manufacturer,
        m1_0.model,
        m1_0.name,
        m1_0.next_maintenance_date,
        m1_0.operating_hours,
        m1_0.photo_content_type,
        m1_0.photo_path,
        m1_0.risk_score,
        m1_0.serial_number,
        m1_0.status,
        m1_0.sub_category 
    from
        machines m1_0
2026-05-29T12:37:47.758+01:00 DEBUG 5656 --- [predictive-maintenance-backend] [MessageBroker-2] org.hibernate.SQL                        : 
    insert 
    into
        sensor_telemetry
        (created_at, machine_id, sensor1, sensor10, sensor11, sensor12, sensor13, sensor14, sensor15, sensor16, sensor17, sensor18, sensor19, sensor2, sensor20, sensor21, sensor3, sensor4, sensor5, sensor6, sensor7, sensor8, sensor9, setting1, setting2, setting3, timestamp) 
    values
        (?, ?, ?, ?, ?, ?, ?, ?, ?, ?, ?, ?, ?, ?, ?, ?, ?, ?, ?, ?, ?, ?, ?, ?, ?, ?, ?)
2026-05-29T12:37:47.760+01:00 DEBUG 5656 --- [predictive-maintenance-backend] [MessageBroker-2] c.p.p.ml.service.MLServiceClient         : Calling ML service for machine 10: http://localhost:8000/predict
2026-05-29T12:37:47.810+01:00 DEBUG 5656 --- [predictive-maintenance-backend] [MessageBroker-2] c.p.p.ml.service.MLServiceClient         : ML prediction received for machine 10: RUL=78.36, anomaly=0.274, risk=MEDIUM
2026-05-29T12:37:47.811+01:00 DEBUG 5656 --- [predictive-maintenance-backend] [MessageBroker-2] org.hibernate.SQL                        : 
    insert 
    into
        prediction_history
        (ambient_temperature, anomaly_probability, anomaly_type, bearing_wear, confidence_score, created_at, current, efficiency_score, failure_probability, fatigue_index, health, load_factor, lubrication_level, machine_id, ml_prediction_available, operating_speed, power_consumption, predicted_failure_type, predicted_rul, pressure, recommended_action, remaining_useful_life, requires_immediate_action, risk_level, risk_score, severity, temperature, thermal_stress, timestamp, vibration, voltage) 
    values
        (?, ?, ?, ?, ?, ?, ?, ?, ?, ?, ?, ?, ?, ?, ?, ?, ?, ?, ?, ?, ?, ?, ?, ?, ?, ?, ?, ?, ?, ?, ?)
2026-05-29T12:37:47.812+01:00 DEBUG 5656 --- [predictive-maintenance-backend] [MessageBroker-2] c.p.p.w.service.MachineStreamingService  : Stored prediction history for machine 10
2026-05-29T12:37:47.812+01:00 DEBUG 5656 --- [predictive-maintenance-backend] [MessageBroker-2] c.p.p.w.service.MachineStreamingService  : Streamed dataset-driven telemetry for 1 machines
2026-05-29T12:37:47.813+01:00 DEBUG 5656 --- [predictive-maintenance-backend] [MessageBroker-2] org.hibernate.SQL                        : 
    update
        machines 
    set
        category=?,
        description=?,
        installation_date=?,
        last_maintenance_date=?,
        last_modified_date=?,
        location=?,
        manufacturer=?,
        model=?,
        name=?,
        next_maintenance_date=?,
        operating_hours=?,
        photo_content_type=?,
        photo_path=?,
        risk_score=?,
        serial_number=?,
        status=?,
        sub_category=? 
    where
        id=?
2026-05-29T12:37:49.766+01:00 DEBUG 5656 --- [predictive-maintenance-backend] [MessageBroker-14] org.hibernate.SQL                        : 
    select
        m1_0.id,
        m1_0.category,
        m1_0.created_date,
        m1_0.description,
        m1_0.installation_date,
        m1_0.last_maintenance_date,
        m1_0.last_modified_date,
        m1_0.location,
        m1_0.manufacturer,
        m1_0.model,
        m1_0.name,
        m1_0.next_maintenance_date,
        m1_0.operating_hours,
        m1_0.photo_content_type,
        m1_0.photo_path,
        m1_0.risk_score,
        m1_0.serial_number,
        m1_0.status,
        m1_0.sub_category 
    from
        machines m1_0
2026-05-29T12:37:49.773+01:00 DEBUG 5656 --- [predictive-maintenance-backend] [MessageBroker-14] org.hibernate.SQL                        : 
    insert 
    into
        sensor_telemetry
        (created_at, machine_id, sensor1, sensor10, sensor11, sensor12, sensor13, sensor14, sensor15, sensor16, sensor17, sensor18, sensor19, sensor2, sensor20, sensor21, sensor3, sensor4, sensor5, sensor6, sensor7, sensor8, sensor9, setting1, setting2, setting3, timestamp) 
    values
        (?, ?, ?, ?, ?, ?, ?, ?, ?, ?, ?, ?, ?, ?, ?, ?, ?, ?, ?, ?, ?, ?, ?, ?, ?, ?, ?)
2026-05-29T12:37:49.777+01:00 DEBUG 5656 --- [predictive-maintenance-backend] [MessageBroker-14] c.p.p.ml.service.MLServiceClient         : Calling ML service for machine 10: http://localhost:8000/predict
2026-05-29T12:37:49.950+01:00 DEBUG 5656 --- [predictive-maintenance-backend] [MessageBroker-14] c.p.p.ml.service.MLServiceClient         : ML prediction received for machine 10: RUL=77.98, anomaly=0.273, risk=MEDIUM
2026-05-29T12:37:49.952+01:00 DEBUG 5656 --- [predictive-maintenance-backend] [MessageBroker-14] org.hibernate.SQL                        : 
    insert 
    into
        prediction_history
        (ambient_temperature, anomaly_probability, anomaly_type, bearing_wear, confidence_score, created_at, current, efficiency_score, failure_probability, fatigue_index, health, load_factor, lubrication_level, machine_id, ml_prediction_available, operating_speed, power_consumption, predicted_failure_type, predicted_rul, pressure, recommended_action, remaining_useful_life, requires_immediate_action, risk_level, risk_score, severity, temperature, thermal_stress, timestamp, vibration, voltage) 
    values
        (?, ?, ?, ?, ?, ?, ?, ?, ?, ?, ?, ?, ?, ?, ?, ?, ?, ?, ?, ?, ?, ?, ?, ?, ?, ?, ?, ?, ?, ?, ?)
2026-05-29T12:37:49.955+01:00 DEBUG 5656 --- [predictive-maintenance-backend] [MessageBroker-14] c.p.p.w.service.MachineStreamingService  : Stored prediction history for machine 10
2026-05-29T12:37:49.956+01:00 DEBUG 5656 --- [predictive-maintenance-backend] [MessageBroker-14] c.p.p.w.service.MachineStreamingService  : Streamed dataset-driven telemetry for 1 machines
2026-05-29T12:37:49.959+01:00 DEBUG 5656 --- [predictive-maintenance-backend] [MessageBroker-14] org.hibernate.SQL                        : 
    update
        machines 
    set
        category=?,
        description=?,
        installation_date=?,
        last_maintenance_date=?,
        last_modified_date=?,
        location=?,
        manufacturer=?,
        model=?,
        name=?,
        next_maintenance_date=?,
        operating_hours=?,
        photo_content_type=?,
        photo_path=?,
        risk_score=?,
        serial_number=?,
        status=?,
        sub_category=? 
    where
        id=?
2026-05-29T12:37:51.765+01:00 DEBUG 5656 --- [predictive-maintenance-backend] [MessageBroker-14] org.hibernate.SQL                        : 
    select
        m1_0.id,
        m1_0.category,
        m1_0.created_date,
        m1_0.description,
        m1_0.installation_date,
        m1_0.last_maintenance_date,
        m1_0.last_modified_date,
        m1_0.location,
        m1_0.manufacturer,
        m1_0.model,
        m1_0.name,
        m1_0.next_maintenance_date,
        m1_0.operating_hours,
        m1_0.photo_content_type,
        m1_0.photo_path,
        m1_0.risk_score,
        m1_0.serial_number,
        m1_0.status,
        m1_0.sub_category 
    from
        machines m1_0
2026-05-29T12:37:51.775+01:00 DEBUG 5656 --- [predictive-maintenance-backend] [MessageBroker-14] org.hibernate.SQL                        : 
    insert 
    into
        sensor_telemetry
        (created_at, machine_id, sensor1, sensor10, sensor11, sensor12, sensor13, sensor14, sensor15, sensor16, sensor17, sensor18, sensor19, sensor2, sensor20, sensor21, sensor3, sensor4, sensor5, sensor6, sensor7, sensor8, sensor9, setting1, setting2, setting3, timestamp) 
    values
        (?, ?, ?, ?, ?, ?, ?, ?, ?, ?, ?, ?, ?, ?, ?, ?, ?, ?, ?, ?, ?, ?, ?, ?, ?, ?, ?)
2026-05-29T12:37:51.783+01:00 DEBUG 5656 --- [predictive-maintenance-backend] [MessageBroker-14] c.p.p.ml.service.MLServiceClient         : Calling ML service for machine 10: http://localhost:8000/predict
2026-05-29T12:37:51.972+01:00 DEBUG 5656 --- [predictive-maintenance-backend] [MessageBroker-14] c.p.p.ml.service.MLServiceClient         : ML prediction received for machine 10: RUL=77.36, anomaly=0.272, risk=MEDIUM
2026-05-29T12:37:51.974+01:00 DEBUG 5656 --- [predictive-maintenance-backend] [MessageBroker-14] org.hibernate.SQL                        : 
    insert 
    into
        prediction_history
        (ambient_temperature, anomaly_probability, anomaly_type, bearing_wear, confidence_score, created_at, current, efficiency_score, failure_probability, fatigue_index, health, load_factor, lubrication_level, machine_id, ml_prediction_available, operating_speed, power_consumption, predicted_failure_type, predicted_rul, pressure, recommended_action, remaining_useful_life, requires_immediate_action, risk_level, risk_score, severity, temperature, thermal_stress, timestamp, vibration, voltage) 
    values
        (?, ?, ?, ?, ?, ?, ?, ?, ?, ?, ?, ?, ?, ?, ?, ?, ?, ?, ?, ?, ?, ?, ?, ?, ?, ?, ?, ?, ?, ?, ?)
2026-05-29T12:37:51.976+01:00 DEBUG 5656 --- [predictive-maintenance-backend] [MessageBroker-14] c.p.p.w.service.MachineStreamingService  : Stored prediction history for machine 10
2026-05-29T12:37:51.978+01:00 DEBUG 5656 --- [predictive-maintenance-backend] [MessageBroker-14] c.p.p.w.service.MachineStreamingService  : Streamed dataset-driven telemetry for 1 machines
2026-05-29T12:37:51.981+01:00 DEBUG 5656 --- [predictive-maintenance-backend] [MessageBroker-14] org.hibernate.SQL                        : 
    update
        machines 
    set
        category=?,
        description=?,
        installation_date=?,
        last_maintenance_date=?,
        last_modified_date=?,
        location=?,
        manufacturer=?,
        model=?,
        name=?,
        next_maintenance_date=?,
        operating_hours=?,
        photo_content_type=?,
        photo_path=?,
        risk_score=?,
        serial_number=?,
        status=?,
        sub_category=? 
    where
        id=?
2026-05-29T12:37:53.760+01:00 DEBUG 5656 --- [predictive-maintenance-backend] [MessageBroker-14] org.hibernate.SQL                        : 
    select
        m1_0.id,
        m1_0.category,
        m1_0.created_date,
        m1_0.description,
        m1_0.installation_date,
        m1_0.last_maintenance_date,
        m1_0.last_modified_date,
        m1_0.location,
        m1_0.manufacturer,
        m1_0.model,
        m1_0.name,
        m1_0.next_maintenance_date,
        m1_0.operating_hours,
        m1_0.photo_content_type,
        m1_0.photo_path,
        m1_0.risk_score,
        m1_0.serial_number,
        m1_0.status,
        m1_0.sub_category 
    from
        machines m1_0
2026-05-29T12:37:53.763+01:00 DEBUG 5656 --- [predictive-maintenance-backend] [MessageBroker-14] org.hibernate.SQL                        : 
    insert 
    into
        sensor_telemetry
        (created_at, machine_id, sensor1, sensor10, sensor11, sensor12, sensor13, sensor14, sensor15, sensor16, sensor17, sensor18, sensor19, sensor2, sensor20, sensor21, sensor3, sensor4, sensor5, sensor6, sensor7, sensor8, sensor9, setting1, setting2, setting3, timestamp) 
    values
        (?, ?, ?, ?, ?, ?, ?, ?, ?, ?, ?, ?, ?, ?, ?, ?, ?, ?, ?, ?, ?, ?, ?, ?, ?, ?, ?)
2026-05-29T12:37:53.765+01:00 DEBUG 5656 --- [predictive-maintenance-backend] [MessageBroker-14] c.p.p.ml.service.MLServiceClient         : Calling ML service for machine 10: http://localhost:8000/predict
2026-05-29T12:37:53.908+01:00 DEBUG 5656 --- [predictive-maintenance-backend] [MessageBroker-14] c.p.p.ml.service.MLServiceClient         : ML prediction received for machine 10: RUL=76.99, anomaly=0.271, risk=MEDIUM
2026-05-29T12:37:53.912+01:00 DEBUG 5656 --- [predictive-maintenance-backend] [MessageBroker-14] org.hibernate.SQL                        : 
    insert 
    into
        prediction_history
        (ambient_temperature, anomaly_probability, anomaly_type, bearing_wear, confidence_score, created_at, current, efficiency_score, failure_probability, fatigue_index, health, load_factor, lubrication_level, machine_id, ml_prediction_available, operating_speed, power_consumption, predicted_failure_type, predicted_rul, pressure, recommended_action, remaining_useful_life, requires_immediate_action, risk_level, risk_score, severity, temperature, thermal_stress, timestamp, vibration, voltage) 
    values
        (?, ?, ?, ?, ?, ?, ?, ?, ?, ?, ?, ?, ?, ?, ?, ?, ?, ?, ?, ?, ?, ?, ?, ?, ?, ?, ?, ?, ?, ?, ?)
2026-05-29T12:37:53.919+01:00 DEBUG 5656 --- [predictive-maintenance-backend] [MessageBroker-14] c.p.p.w.service.MachineStreamingService  : Stored prediction history for machine 10
2026-05-29T12:37:53.924+01:00 DEBUG 5656 --- [predictive-maintenance-backend] [MessageBroker-14] c.p.p.w.service.MachineStreamingService  : Streamed dataset-driven telemetry for 1 machines
2026-05-29T12:37:53.931+01:00 DEBUG 5656 --- [predictive-maintenance-backend] [MessageBroker-14] org.hibernate.SQL                        : 
    update
        machines 
    set
        category=?,
        description=?,
        installation_date=?,
        last_maintenance_date=?,
        last_modified_date=?,
        location=?,
        manufacturer=?,
        model=?,
        name=?,
        next_maintenance_date=?,
        operating_hours=?,
        photo_content_type=?,
        photo_path=?,
        risk_score=?,
        serial_number=?,
        status=?,
        sub_category=? 
    where
        id=?
2026-05-29T12:37:55.002+01:00 DEBUG 5656 --- [predictive-maintenance-backend] [http-nio-8080-exec-7] o.s.security.web.FilterChainProxy        : Securing GET /api/v1/notifications?role=TECHNICIAN
2026-05-29T12:37:55.002+01:00 DEBUG 5656 --- [predictive-maintenance-backend] [http-nio-8080-exec-10] o.s.security.web.FilterChainProxy        : Securing GET /api/v1/notifications/unread-count
2026-05-29T12:37:55.038+01:00 DEBUG 5656 --- [predictive-maintenance-backend] [http-nio-8080-exec-7] o.s.security.web.FilterChainProxy        : Secured GET /api/v1/notifications?role=TECHNICIAN
2026-05-29T12:37:55.040+01:00 DEBUG 5656 --- [predictive-maintenance-backend] [http-nio-8080-exec-10] o.s.security.web.FilterChainProxy        : Secured GET /api/v1/notifications/unread-count
2026-05-29T12:37:55.042+01:00 DEBUG 5656 --- [predictive-maintenance-backend] [http-nio-8080-exec-10] horizationManagerBeforeMethodInterceptor : Authorizing method invocation ReflectiveMethodInvocation: public org.springframework.http.ResponseEntity com.pfe.predictive.notification.controller.NotificationController.getUnreadCount(); target is of class [com.pfe.predictive.notification.controller.NotificationController]
2026-05-29T12:37:55.043+01:00 DEBUG 5656 --- [predictive-maintenance-backend] [http-nio-8080-exec-7] horizationManagerBeforeMethodInterceptor : Authorizing method invocation ReflectiveMethodInvocation: public org.springframework.http.ResponseEntity com.pfe.predictive.notification.controller.NotificationController.getNotifications(java.lang.String); target is of class [com.pfe.predictive.notification.controller.NotificationController]
2026-05-29T12:37:55.046+01:00 DEBUG 5656 --- [predictive-maintenance-backend] [http-nio-8080-exec-10] horizationManagerBeforeMethodInterceptor : Authorized method invocation ReflectiveMethodInvocation: public org.springframework.http.ResponseEntity com.pfe.predictive.notification.controller.NotificationController.getUnreadCount(); target is of class [com.pfe.predictive.notification.controller.NotificationController]
2026-05-29T12:37:55.046+01:00 DEBUG 5656 --- [predictive-maintenance-backend] [http-nio-8080-exec-7] horizationManagerBeforeMethodInterceptor : Authorized method invocation ReflectiveMethodInvocation: public org.springframework.http.ResponseEntity com.pfe.predictive.notification.controller.NotificationController.getNotifications(java.lang.String); target is of class [com.pfe.predictive.notification.controller.NotificationController]
2026-05-29T12:37:55.050+01:00 DEBUG 5656 --- [predictive-maintenance-backend] [http-nio-8080-exec-10] org.hibernate.SQL                        : 
    select
        count(n1_0.id) 
    from
        notifications n1_0 
    where
        not(n1_0.is_read)
2026-05-29T12:37:55.053+01:00 DEBUG 5656 --- [predictive-maintenance-backend] [http-nio-8080-exec-7] org.hibernate.SQL                        : 
    select
        n1_0.id,
        n1_0.body,
        n1_0.created_at,
        n1_0.is_read,
        n1_0.machine_id,
        n1_0.prediction_record_id,
        n1_0.risk_level,
        n1_0.target_roles,
        n1_0.title 
    from
        notifications n1_0 
    where
        n1_0.target_roles like ? escape '\' 
    order by
        n1_0.created_at desc
2026-05-29T12:37:55.756+01:00 DEBUG 5656 --- [predictive-maintenance-backend] [MessageBroker-11] org.hibernate.SQL                        : 
    select
        m1_0.id,
        m1_0.category,
        m1_0.created_date,
        m1_0.description,
        m1_0.installation_date,
        m1_0.last_maintenance_date,
        m1_0.last_modified_date,
        m1_0.location,
        m1_0.manufacturer,
        m1_0.model,
        m1_0.name,
        m1_0.next_maintenance_date,
        m1_0.operating_hours,
        m1_0.photo_content_type,
        m1_0.photo_path,
        m1_0.risk_score,
        m1_0.serial_number,
        m1_0.status,
        m1_0.sub_category 
    from
        machines m1_0
2026-05-29T12:37:55.758+01:00 DEBUG 5656 --- [predictive-maintenance-backend] [MessageBroker-11] org.hibernate.SQL                        : 
    insert 
    into
        sensor_telemetry
        (created_at, machine_id, sensor1, sensor10, sensor11, sensor12, sensor13, sensor14, sensor15, sensor16, sensor17, sensor18, sensor19, sensor2, sensor20, sensor21, sensor3, sensor4, sensor5, sensor6, sensor7, sensor8, sensor9, setting1, setting2, setting3, timestamp) 
    values
        (?, ?, ?, ?, ?, ?, ?, ?, ?, ?, ?, ?, ?, ?, ?, ?, ?, ?, ?, ?, ?, ?, ?, ?, ?, ?, ?)
2026-05-29T12:37:55.761+01:00 DEBUG 5656 --- [predictive-maintenance-backend] [MessageBroker-11] c.p.p.ml.service.MLServiceClient         : Calling ML service for machine 10: http://localhost:8000/predict
2026-05-29T12:37:55.919+01:00 DEBUG 5656 --- [predictive-maintenance-backend] [MessageBroker-11] c.p.p.ml.service.MLServiceClient         : ML prediction received for machine 10: RUL=76.99, anomaly=0.269, risk=MEDIUM
2026-05-29T12:37:55.922+01:00 DEBUG 5656 --- [predictive-maintenance-backend] [MessageBroker-11] org.hibernate.SQL                        : 
    insert 
    into
        prediction_history
        (ambient_temperature, anomaly_probability, anomaly_type, bearing_wear, confidence_score, created_at, current, efficiency_score, failure_probability, fatigue_index, health, load_factor, lubrication_level, machine_id, ml_prediction_available, operating_speed, power_consumption, predicted_failure_type, predicted_rul, pressure, recommended_action, remaining_useful_life, requires_immediate_action, risk_level, risk_score, severity, temperature, thermal_stress, timestamp, vibration, voltage) 
    values
        (?, ?, ?, ?, ?, ?, ?, ?, ?, ?, ?, ?, ?, ?, ?, ?, ?, ?, ?, ?, ?, ?, ?, ?, ?, ?, ?, ?, ?, ?, ?)
2026-05-29T12:37:55.930+01:00 DEBUG 5656 --- [predictive-maintenance-backend] [MessageBroker-11] c.p.p.w.service.MachineStreamingService  : Stored prediction history for machine 10
2026-05-29T12:37:55.936+01:00 DEBUG 5656 --- [predictive-maintenance-backend] [MessageBroker-11] c.p.p.w.service.MachineStreamingService  : Streamed dataset-driven telemetry for 1 machines
2026-05-29T12:37:55.941+01:00 DEBUG 5656 --- [predictive-maintenance-backend] [MessageBroker-11] org.hibernate.SQL                        : 
    update
        machines 
    set
        category=?,
        description=?,
        installation_date=?,
        last_maintenance_date=?,
        last_modified_date=?,
        location=?,
        manufacturer=?,
        model=?,
        name=?,
        next_maintenance_date=?,
        operating_hours=?,
        photo_content_type=?,
        photo_path=?,
        risk_score=?,
        serial_number=?,
        status=?,
        sub_category=? 
    where
        id=?
2026-05-29T12:37:57.763+01:00 DEBUG 5656 --- [predictive-maintenance-backend] [MessageBroker-11] org.hibernate.SQL                        : 
    select
        m1_0.id,
        m1_0.category,
        m1_0.created_date,
        m1_0.description,
        m1_0.installation_date,
        m1_0.last_maintenance_date,
        m1_0.last_modified_date,
        m1_0.location,
        m1_0.manufacturer,
        m1_0.model,
        m1_0.name,
        m1_0.next_maintenance_date,
        m1_0.operating_hours,
        m1_0.photo_content_type,
        m1_0.photo_path,
        m1_0.risk_score,
        m1_0.serial_number,
        m1_0.status,
        m1_0.sub_category 
    from
        machines m1_0
2026-05-29T12:37:57.765+01:00 DEBUG 5656 --- [predictive-maintenance-backend] [MessageBroker-11] org.hibernate.SQL                        : 
    insert 
    into
        sensor_telemetry
        (created_at, machine_id, sensor1, sensor10, sensor11, sensor12, sensor13, sensor14, sensor15, sensor16, sensor17, sensor18, sensor19, sensor2, sensor20, sensor21, sensor3, sensor4, sensor5, sensor6, sensor7, sensor8, sensor9, setting1, setting2, setting3, timestamp) 
    values
        (?, ?, ?, ?, ?, ?, ?, ?, ?, ?, ?, ?, ?, ?, ?, ?, ?, ?, ?, ?, ?, ?, ?, ?, ?, ?, ?)
2026-05-29T12:37:57.768+01:00 DEBUG 5656 --- [predictive-maintenance-backend] [MessageBroker-11] c.p.p.ml.service.MLServiceClient         : Calling ML service for machine 10: http://localhost:8000/predict
2026-05-29T12:37:57.980+01:00 DEBUG 5656 --- [predictive-maintenance-backend] [MessageBroker-11] c.p.p.ml.service.MLServiceClient         : ML prediction received for machine 10: RUL=76.79, anomaly=0.267, risk=MEDIUM
2026-05-29T12:37:57.982+01:00 DEBUG 5656 --- [predictive-maintenance-backend] [MessageBroker-11] org.hibernate.SQL                        : 
    insert 
    into
        prediction_history
        (ambient_temperature, anomaly_probability, anomaly_type, bearing_wear, confidence_score, created_at, current, efficiency_score, failure_probability, fatigue_index, health, load_factor, lubrication_level, machine_id, ml_prediction_available, operating_speed, power_consumption, predicted_failure_type, predicted_rul, pressure, recommended_action, remaining_useful_life, requires_immediate_action, risk_level, risk_score, severity, temperature, thermal_stress, timestamp, vibration, voltage) 
    values
        (?, ?, ?, ?, ?, ?, ?, ?, ?, ?, ?, ?, ?, ?, ?, ?, ?, ?, ?, ?, ?, ?, ?, ?, ?, ?, ?, ?, ?, ?, ?)
2026-05-29T12:37:57.988+01:00 DEBUG 5656 --- [predictive-maintenance-backend] [MessageBroker-11] c.p.p.w.service.MachineStreamingService  : Stored prediction history for machine 10
2026-05-29T12:37:57.991+01:00 DEBUG 5656 --- [predictive-maintenance-backend] [MessageBroker-11] c.p.p.w.service.MachineStreamingService  : Streamed dataset-driven telemetry for 1 machines
2026-05-29T12:37:57.996+01:00 DEBUG 5656 --- [predictive-maintenance-backend] [MessageBroker-11] org.hibernate.SQL                        : 
    update
        machines 
    set
        category=?,
        description=?,
        installation_date=?,
        last_maintenance_date=?,
        last_modified_date=?,
        location=?,
        manufacturer=?,
        model=?,
        name=?,
        next_maintenance_date=?,
        operating_hours=?,
        photo_content_type=?,
        photo_path=?,
        risk_score=?,
        serial_number=?,
        status=?,
        sub_category=? 
    where
        id=?
2026-05-29T12:37:59.760+01:00 DEBUG 5656 --- [predictive-maintenance-backend] [MessageBroker-6] org.hibernate.SQL                        : 
    select
        m1_0.id,
        m1_0.category,
        m1_0.created_date,
        m1_0.description,
        m1_0.installation_date,
        m1_0.last_maintenance_date,
        m1_0.last_modified_date,
        m1_0.location,
        m1_0.manufacturer,
        m1_0.model,
        m1_0.name,
        m1_0.next_maintenance_date,
        m1_0.operating_hours,
        m1_0.photo_content_type,
        m1_0.photo_path,
        m1_0.risk_score,
        m1_0.serial_number,
        m1_0.status,
        m1_0.sub_category 
    from
        machines m1_0
2026-05-29T12:37:59.765+01:00 DEBUG 5656 --- [predictive-maintenance-backend] [MessageBroker-6] org.hibernate.SQL                        : 
    insert 
    into
        sensor_telemetry
        (created_at, machine_id, sensor1, sensor10, sensor11, sensor12, sensor13, sensor14, sensor15, sensor16, sensor17, sensor18, sensor19, sensor2, sensor20, sensor21, sensor3, sensor4, sensor5, sensor6, sensor7, sensor8, sensor9, setting1, setting2, setting3, timestamp) 
    values
        (?, ?, ?, ?, ?, ?, ?, ?, ?, ?, ?, ?, ?, ?, ?, ?, ?, ?, ?, ?, ?, ?, ?, ?, ?, ?, ?)
2026-05-29T12:37:59.768+01:00 DEBUG 5656 --- [predictive-maintenance-backend] [MessageBroker-6] c.p.p.ml.service.MLServiceClient         : Calling ML service for machine 10: http://localhost:8000/predict
2026-05-29T12:37:59.969+01:00 DEBUG 5656 --- [predictive-maintenance-backend] [MessageBroker-6] c.p.p.ml.service.MLServiceClient         : ML prediction received for machine 10: RUL=76.86, anomaly=0.265, risk=MEDIUM
2026-05-29T12:37:59.974+01:00 DEBUG 5656 --- [predictive-maintenance-backend] [MessageBroker-6] org.hibernate.SQL                        : 
    insert 
    into
        prediction_history
        (ambient_temperature, anomaly_probability, anomaly_type, bearing_wear, confidence_score, created_at, current, efficiency_score, failure_probability, fatigue_index, health, load_factor, lubrication_level, machine_id, ml_prediction_available, operating_speed, power_consumption, predicted_failure_type, predicted_rul, pressure, recommended_action, remaining_useful_life, requires_immediate_action, risk_level, risk_score, severity, temperature, thermal_stress, timestamp, vibration, voltage) 
    values
        (?, ?, ?, ?, ?, ?, ?, ?, ?, ?, ?, ?, ?, ?, ?, ?, ?, ?, ?, ?, ?, ?, ?, ?, ?, ?, ?, ?, ?, ?, ?)
2026-05-29T12:37:59.979+01:00 DEBUG 5656 --- [predictive-maintenance-backend] [MessageBroker-6] c.p.p.w.service.MachineStreamingService  : Stored prediction history for machine 10
2026-05-29T12:37:59.981+01:00 DEBUG 5656 --- [predictive-maintenance-backend] [MessageBroker-6] c.p.p.w.service.MachineStreamingService  : Streamed dataset-driven telemetry for 1 machines
2026-05-29T12:37:59.987+01:00 DEBUG 5656 --- [predictive-maintenance-backend] [MessageBroker-6] org.hibernate.SQL                        : 
    update
        machines 
    set
        category=?,
        description=?,
        installation_date=?,
        last_maintenance_date=?,
        last_modified_date=?,
        location=?,
        manufacturer=?,
        model=?,
        name=?,
        next_maintenance_date=?,
        operating_hours=?,
        photo_content_type=?,
        photo_path=?,
        risk_score=?,
        serial_number=?,
        status=?,
        sub_category=? 
    where
        id=?
2026-05-29T12:38:01.763+01:00 DEBUG 5656 --- [predictive-maintenance-backend] [MessageBroker-6] org.hibernate.SQL                        : 
    select
        m1_0.id,
        m1_0.category,
        m1_0.created_date,
        m1_0.description,
        m1_0.installation_date,
        m1_0.last_maintenance_date,
        m1_0.last_modified_date,
        m1_0.location,
        m1_0.manufacturer,
        m1_0.model,
        m1_0.name,
        m1_0.next_maintenance_date,
        m1_0.operating_hours,
        m1_0.photo_content_type,
        m1_0.photo_path,
        m1_0.risk_score,
        m1_0.serial_number,
        m1_0.status,
        m1_0.sub_category 
    from
        machines m1_0
2026-05-29T12:38:01.770+01:00 DEBUG 5656 --- [predictive-maintenance-backend] [MessageBroker-6] org.hibernate.SQL                        : 
    insert 
    into
        sensor_telemetry
        (created_at, machine_id, sensor1, sensor10, sensor11, sensor12, sensor13, sensor14, sensor15, sensor16, sensor17, sensor18, sensor19, sensor2, sensor20, sensor21, sensor3, sensor4, sensor5, sensor6, sensor7, sensor8, sensor9, setting1, setting2, setting3, timestamp) 
    values
        (?, ?, ?, ?, ?, ?, ?, ?, ?, ?, ?, ?, ?, ?, ?, ?, ?, ?, ?, ?, ?, ?, ?, ?, ?, ?, ?)
2026-05-29T12:38:01.773+01:00 DEBUG 5656 --- [predictive-maintenance-backend] [MessageBroker-6] c.p.p.ml.service.MLServiceClient         : Calling ML service for machine 10: http://localhost:8000/predict
2026-05-29T12:38:01.910+01:00 DEBUG 5656 --- [predictive-maintenance-backend] [MessageBroker-6] c.p.p.ml.service.MLServiceClient         : ML prediction received for machine 10: RUL=77.02, anomaly=0.263, risk=MEDIUM
2026-05-29T12:38:01.911+01:00 DEBUG 5656 --- [predictive-maintenance-backend] [MessageBroker-6] org.hibernate.SQL                        : 
    insert 
    into
        prediction_history
        (ambient_temperature, anomaly_probability, anomaly_type, bearing_wear, confidence_score, created_at, current, efficiency_score, failure_probability, fatigue_index, health, load_factor, lubrication_level, machine_id, ml_prediction_available, operating_speed, power_consumption, predicted_failure_type, predicted_rul, pressure, recommended_action, remaining_useful_life, requires_immediate_action, risk_level, risk_score, severity, temperature, thermal_stress, timestamp, vibration, voltage) 
    values
        (?, ?, ?, ?, ?, ?, ?, ?, ?, ?, ?, ?, ?, ?, ?, ?, ?, ?, ?, ?, ?, ?, ?, ?, ?, ?, ?, ?, ?, ?, ?)
2026-05-29T12:38:01.912+01:00 DEBUG 5656 --- [predictive-maintenance-backend] [MessageBroker-6] c.p.p.w.service.MachineStreamingService  : Stored prediction history for machine 10
2026-05-29T12:38:01.913+01:00 DEBUG 5656 --- [predictive-maintenance-backend] [MessageBroker-6] c.p.p.w.service.MachineStreamingService  : Streamed dataset-driven telemetry for 1 machines
2026-05-29T12:38:01.916+01:00 DEBUG 5656 --- [predictive-maintenance-backend] [MessageBroker-6] org.hibernate.SQL                        : 
    update
        machines 
    set
        category=?,
        description=?,
        installation_date=?,
        last_maintenance_date=?,
        last_modified_date=?,
        location=?,
        manufacturer=?,
        model=?,
        name=?,
        next_maintenance_date=?,
        operating_hours=?,
        photo_content_type=?,
        photo_path=?,
        risk_score=?,
        serial_number=?,
        status=?,
        sub_category=? 
    where
        id=?
2026-05-29T12:38:02.079+01:00 DEBUG 5656 --- [predictive-maintenance-backend] [http-nio-8080-exec-6] o.s.security.web.FilterChainProxy        : Securing GET /api/v1/notifications/unread-count
2026-05-29T12:38:02.079+01:00 DEBUG 5656 --- [predictive-maintenance-backend] [http-nio-8080-exec-8] o.s.security.web.FilterChainProxy        : Securing GET /api/v1/notifications?role=TECHNICIAN
2026-05-29T12:38:02.081+01:00 DEBUG 5656 --- [predictive-maintenance-backend] [http-nio-8080-exec-4] o.s.security.web.FilterChainProxy        : Securing GET /api/v1/machines/10
2026-05-29T12:38:02.090+01:00 DEBUG 5656 --- [predictive-maintenance-backend] [http-nio-8080-exec-6] o.s.security.web.FilterChainProxy        : Secured GET /api/v1/notifications/unread-count
2026-05-29T12:38:02.091+01:00 DEBUG 5656 --- [predictive-maintenance-backend] [http-nio-8080-exec-8] o.s.security.web.FilterChainProxy        : Secured GET /api/v1/notifications?role=TECHNICIAN
2026-05-29T12:38:02.093+01:00 DEBUG 5656 --- [predictive-maintenance-backend] [http-nio-8080-exec-6] horizationManagerBeforeMethodInterceptor : Authorizing method invocation ReflectiveMethodInvocation: public org.springframework.http.ResponseEntity com.pfe.predictive.notification.controller.NotificationController.getUnreadCount(); target is of class [com.pfe.predictive.notification.controller.NotificationController]
2026-05-29T12:38:02.094+01:00 DEBUG 5656 --- [predictive-maintenance-backend] [http-nio-8080-exec-8] horizationManagerBeforeMethodInterceptor : Authorizing method invocation ReflectiveMethodInvocation: public org.springframework.http.ResponseEntity com.pfe.predictive.notification.controller.NotificationController.getNotifications(java.lang.String); target is of class [com.pfe.predictive.notification.controller.NotificationController]
2026-05-29T12:38:02.096+01:00 DEBUG 5656 --- [predictive-maintenance-backend] [http-nio-8080-exec-6] horizationManagerBeforeMethodInterceptor : Authorized method invocation ReflectiveMethodInvocation: public org.springframework.http.ResponseEntity com.pfe.predictive.notification.controller.NotificationController.getUnreadCount(); target is of class [com.pfe.predictive.notification.controller.NotificationController]
2026-05-29T12:38:02.098+01:00 DEBUG 5656 --- [predictive-maintenance-backend] [http-nio-8080-exec-8] horizationManagerBeforeMethodInterceptor : Authorized method invocation ReflectiveMethodInvocation: public org.springframework.http.ResponseEntity com.pfe.predictive.notification.controller.NotificationController.getNotifications(java.lang.String); target is of class [com.pfe.predictive.notification.controller.NotificationController]
2026-05-29T12:38:02.099+01:00 DEBUG 5656 --- [predictive-maintenance-backend] [http-nio-8080-exec-6] org.hibernate.SQL                        : 
    select
        count(n1_0.id) 
    from
        notifications n1_0 
    where
        not(n1_0.is_read)
2026-05-29T12:38:02.101+01:00 DEBUG 5656 --- [predictive-maintenance-backend] [http-nio-8080-exec-8] org.hibernate.SQL                        : 
    select
        n1_0.id,
        n1_0.body,
        n1_0.created_at,
        n1_0.is_read,
        n1_0.machine_id,
        n1_0.prediction_record_id,
        n1_0.risk_level,
        n1_0.target_roles,
        n1_0.title 
    from
        notifications n1_0 
    where
        n1_0.target_roles like ? escape '\' 
    order by
        n1_0.created_at desc
2026-05-29T12:38:02.104+01:00 DEBUG 5656 --- [predictive-maintenance-backend] [http-nio-8080-exec-4] o.s.security.web.FilterChainProxy        : Secured GET /api/v1/machines/10
2026-05-29T12:38:02.109+01:00 DEBUG 5656 --- [predictive-maintenance-backend] [http-nio-8080-exec-4] org.hibernate.SQL                        : 
    select
        m1_0.id,
        m1_0.category,
        m1_0.created_date,
        m1_0.description,
        m1_0.installation_date,
        m1_0.last_maintenance_date,
        m1_0.last_modified_date,
        m1_0.location,
        m1_0.manufacturer,
        m1_0.model,
        m1_0.name,
        m1_0.next_maintenance_date,
        m1_0.operating_hours,
        m1_0.photo_content_type,
        m1_0.photo_path,
        m1_0.risk_score,
        m1_0.serial_number,
        m1_0.status,
        m1_0.sub_category 
    from
        machines m1_0 
    where
        m1_0.id=?
2026-05-29T12:38:02.117+01:00 DEBUG 5656 --- [predictive-maintenance-backend] [http-nio-8080-exec-5] o.s.security.web.FilterChainProxy        : Securing GET /api/v1/notifications/unread-count
2026-05-29T12:38:02.117+01:00 DEBUG 5656 --- [predictive-maintenance-backend] [http-nio-8080-exec-1] o.s.security.web.FilterChainProxy        : Securing GET /api/v1/notifications?role=TECHNICIAN
2026-05-29T12:38:02.130+01:00 DEBUG 5656 --- [predictive-maintenance-backend] [http-nio-8080-exec-1] o.s.security.web.FilterChainProxy        : Secured GET /api/v1/notifications?role=TECHNICIAN
2026-05-29T12:38:02.131+01:00 DEBUG 5656 --- [predictive-maintenance-backend] [http-nio-8080-exec-5] o.s.security.web.FilterChainProxy        : Secured GET /api/v1/notifications/unread-count
2026-05-29T12:38:02.132+01:00 DEBUG 5656 --- [predictive-maintenance-backend] [http-nio-8080-exec-1] horizationManagerBeforeMethodInterceptor : Authorizing method invocation ReflectiveMethodInvocation: public org.springframework.http.ResponseEntity com.pfe.predictive.notification.controller.NotificationController.getNotifications(java.lang.String); target is of class [com.pfe.predictive.notification.controller.NotificationController]
2026-05-29T12:38:02.133+01:00 DEBUG 5656 --- [predictive-maintenance-backend] [http-nio-8080-exec-1] horizationManagerBeforeMethodInterceptor : Authorized method invocation ReflectiveMethodInvocation: public org.springframework.http.ResponseEntity com.pfe.predictive.notification.controller.NotificationController.getNotifications(java.lang.String); target is of class [com.pfe.predictive.notification.controller.NotificationController]
2026-05-29T12:38:02.134+01:00 DEBUG 5656 --- [predictive-maintenance-backend] [http-nio-8080-exec-5] horizationManagerBeforeMethodInterceptor : Authorizing method invocation ReflectiveMethodInvocation: public org.springframework.http.ResponseEntity com.pfe.predictive.notification.controller.NotificationController.getUnreadCount(); target is of class [com.pfe.predictive.notification.controller.NotificationController]
2026-05-29T12:38:02.134+01:00 DEBUG 5656 --- [predictive-maintenance-backend] [http-nio-8080-exec-5] horizationManagerBeforeMethodInterceptor : Authorized method invocation ReflectiveMethodInvocation: public org.springframework.http.ResponseEntity com.pfe.predictive.notification.controller.NotificationController.getUnreadCount(); target is of class [com.pfe.predictive.notification.controller.NotificationController]
2026-05-29T12:38:02.140+01:00 DEBUG 5656 --- [predictive-maintenance-backend] [http-nio-8080-exec-1] org.hibernate.SQL                        : 
    select
        n1_0.id,
        n1_0.body,
        n1_0.created_at,
        n1_0.is_read,
        n1_0.machine_id,
        n1_0.prediction_record_id,
        n1_0.risk_level,
        n1_0.target_roles,
        n1_0.title 
    from
        notifications n1_0 
    where
        n1_0.target_roles like ? escape '\' 
    order by
        n1_0.created_at desc
2026-05-29T12:38:02.140+01:00 DEBUG 5656 --- [predictive-maintenance-backend] [http-nio-8080-exec-5] org.hibernate.SQL                        : 
    select
        count(n1_0.id) 
    from
        notifications n1_0 
    where
        not(n1_0.is_read)
2026-05-29T12:38:02.152+01:00 DEBUG 5656 --- [predictive-maintenance-backend] [http-nio-8080-exec-9] o.s.security.web.FilterChainProxy        : Securing GET /api/v1/notifications?role=TECHNICIAN
2026-05-29T12:38:02.161+01:00 DEBUG 5656 --- [predictive-maintenance-backend] [http-nio-8080-exec-3] o.s.security.web.FilterChainProxy        : Securing GET /ws-machine/info?t=1780054682152
2026-05-29T12:38:02.164+01:00 DEBUG 5656 --- [predictive-maintenance-backend] [http-nio-8080-exec-3] o.s.s.w.a.AnonymousAuthenticationFilter  : Set SecurityContextHolder to anonymous SecurityContext
2026-05-29T12:38:02.163+01:00 DEBUG 5656 --- [predictive-maintenance-backend] [http-nio-8080-exec-9] o.s.security.web.FilterChainProxy        : Secured GET /api/v1/notifications?role=TECHNICIAN
2026-05-29T12:38:02.167+01:00 DEBUG 5656 --- [predictive-maintenance-backend] [http-nio-8080-exec-9] horizationManagerBeforeMethodInterceptor : Authorizing method invocation ReflectiveMethodInvocation: public org.springframework.http.ResponseEntity com.pfe.predictive.notification.controller.NotificationController.getNotifications(java.lang.String); target is of class [com.pfe.predictive.notification.controller.NotificationController]
2026-05-29T12:38:02.168+01:00 DEBUG 5656 --- [predictive-maintenance-backend] [http-nio-8080-exec-3] o.s.security.web.FilterChainProxy        : Secured GET /ws-machine/info?t=1780054682152
2026-05-29T12:38:02.171+01:00 DEBUG 5656 --- [predictive-maintenance-backend] [http-nio-8080-exec-9] horizationManagerBeforeMethodInterceptor : Authorized method invocation ReflectiveMethodInvocation: public org.springframework.http.ResponseEntity com.pfe.predictive.notification.controller.NotificationController.getNotifications(java.lang.String); target is of class [com.pfe.predictive.notification.controller.NotificationController]
2026-05-29T12:38:02.174+01:00 DEBUG 5656 --- [predictive-maintenance-backend] [http-nio-8080-exec-9] org.hibernate.SQL                        : 
    select
        n1_0.id,
        n1_0.body,
        n1_0.created_at,
        n1_0.is_read,
        n1_0.machine_id,
        n1_0.prediction_record_id,
        n1_0.risk_level,
        n1_0.target_roles,
        n1_0.title 
    from
        notifications n1_0 
    where
        n1_0.target_roles like ? escape '\' 
    order by
        n1_0.created_at desc
2026-05-29T12:38:02.236+01:00 DEBUG 5656 --- [predictive-maintenance-backend] [http-nio-8080-exec-7] o.s.security.web.FilterChainProxy        : Securing GET /ws-machine/900/3az0bjuy/websocket
2026-05-29T12:38:02.240+01:00 DEBUG 5656 --- [predictive-maintenance-backend] [http-nio-8080-exec-7] o.s.s.w.a.AnonymousAuthenticationFilter  : Set SecurityContextHolder to anonymous SecurityContext
2026-05-29T12:38:02.247+01:00 DEBUG 5656 --- [predictive-maintenance-backend] [http-nio-8080-exec-7] o.s.security.web.FilterChainProxy        : Secured GET /ws-machine/900/3az0bjuy/websocket
2026-05-29T12:38:03.757+01:00 DEBUG 5656 --- [predictive-maintenance-backend] [MessageBroker-6] org.hibernate.SQL                        : 
    select
        m1_0.id,
        m1_0.category,
        m1_0.created_date,
        m1_0.description,
        m1_0.installation_date,
        m1_0.last_maintenance_date,
        m1_0.last_modified_date,
        m1_0.location,
        m1_0.manufacturer,
        m1_0.model,
        m1_0.name,
        m1_0.next_maintenance_date,
        m1_0.operating_hours,
        m1_0.photo_content_type,
        m1_0.photo_path,
        m1_0.risk_score,
        m1_0.serial_number,
        m1_0.status,
        m1_0.sub_category 
    from
        machines m1_0
2026-05-29T12:38:03.761+01:00 DEBUG 5656 --- [predictive-maintenance-backend] [MessageBroker-6] org.hibernate.SQL                        : 
    insert 
    into
        sensor_telemetry
        (created_at, machine_id, sensor1, sensor10, sensor11, sensor12, sensor13, sensor14, sensor15, sensor16, sensor17, sensor18, sensor19, sensor2, sensor20, sensor21, sensor3, sensor4, sensor5, sensor6, sensor7, sensor8, sensor9, setting1, setting2, setting3, timestamp) 
    values
        (?, ?, ?, ?, ?, ?, ?, ?, ?, ?, ?, ?, ?, ?, ?, ?, ?, ?, ?, ?, ?, ?, ?, ?, ?, ?, ?)
2026-05-29T12:38:03.764+01:00 DEBUG 5656 --- [predictive-maintenance-backend] [MessageBroker-6] c.p.p.ml.service.MLServiceClient         : Calling ML service for machine 10: http://localhost:8000/predict
2026-05-29T12:38:03.933+01:00 DEBUG 5656 --- [predictive-maintenance-backend] [MessageBroker-6] c.p.p.ml.service.MLServiceClient         : ML prediction received for machine 10: RUL=77.43, anomaly=0.26, risk=MEDIUM
2026-05-29T12:38:03.936+01:00 DEBUG 5656 --- [predictive-maintenance-backend] [MessageBroker-6] org.hibernate.SQL                        : 
    insert 
    into
        prediction_history
        (ambient_temperature, anomaly_probability, anomaly_type, bearing_wear, confidence_score, created_at, current, efficiency_score, failure_probability, fatigue_index, health, load_factor, lubrication_level, machine_id, ml_prediction_available, operating_speed, power_consumption, predicted_failure_type, predicted_rul, pressure, recommended_action, remaining_useful_life, requires_immediate_action, risk_level, risk_score, severity, temperature, thermal_stress, timestamp, vibration, voltage) 
    values
        (?, ?, ?, ?, ?, ?, ?, ?, ?, ?, ?, ?, ?, ?, ?, ?, ?, ?, ?, ?, ?, ?, ?, ?, ?, ?, ?, ?, ?, ?, ?)
2026-05-29T12:38:03.940+01:00 DEBUG 5656 --- [predictive-maintenance-backend] [MessageBroker-6] c.p.p.w.service.MachineStreamingService  : Stored prediction history for machine 10
2026-05-29T12:38:03.943+01:00 DEBUG 5656 --- [predictive-maintenance-backend] [MessageBroker-6] c.p.p.w.service.MachineStreamingService  : Streamed dataset-driven telemetry for 1 machines
2026-05-29T12:38:03.952+01:00 DEBUG 5656 --- [predictive-maintenance-backend] [MessageBroker-6] org.hibernate.SQL                        : 
    update
        machines 
    set
        category=?,
        description=?,
        installation_date=?,
        last_maintenance_date=?,
        last_modified_date=?,
        location=?,
        manufacturer=?,
        model=?,
        name=?,
        next_maintenance_date=?,
        operating_hours=?,
        photo_content_type=?,
        photo_path=?,
        risk_score=?,
        serial_number=?,
        status=?,
        sub_category=? 
    where
        id=?
2026-05-29T12:38:05.765+01:00 DEBUG 5656 --- [predictive-maintenance-backend] [MessageBroker-8] org.hibernate.SQL                        : 
    select
        m1_0.id,
        m1_0.category,
        m1_0.created_date,
        m1_0.description,
        m1_0.installation_date,
        m1_0.last_maintenance_date,
        m1_0.last_modified_date,
        m1_0.location,
        m1_0.manufacturer,
        m1_0.model,
        m1_0.name,
        m1_0.next_maintenance_date,
        m1_0.operating_hours,
        m1_0.photo_content_type,
        m1_0.photo_path,
        m1_0.risk_score,
        m1_0.serial_number,
        m1_0.status,
        m1_0.sub_category 
    from
        machines m1_0
2026-05-29T12:38:05.768+01:00 DEBUG 5656 --- [predictive-maintenance-backend] [MessageBroker-8] org.hibernate.SQL                        : 
    insert 
    into
        sensor_telemetry
        (created_at, machine_id, sensor1, sensor10, sensor11, sensor12, sensor13, sensor14, sensor15, sensor16, sensor17, sensor18, sensor19, sensor2, sensor20, sensor21, sensor3, sensor4, sensor5, sensor6, sensor7, sensor8, sensor9, setting1, setting2, setting3, timestamp) 
    values
        (?, ?, ?, ?, ?, ?, ?, ?, ?, ?, ?, ?, ?, ?, ?, ?, ?, ?, ?, ?, ?, ?, ?, ?, ?, ?, ?)
2026-05-29T12:38:05.771+01:00 DEBUG 5656 --- [predictive-maintenance-backend] [MessageBroker-8] c.p.p.ml.service.MLServiceClient         : Calling ML service for machine 10: http://localhost:8000/predict
2026-05-29T12:38:05.929+01:00 DEBUG 5656 --- [predictive-maintenance-backend] [MessageBroker-8] c.p.p.ml.service.MLServiceClient         : ML prediction received for machine 10: RUL=77.83, anomaly=0.257, risk=MEDIUM
2026-05-29T12:38:05.931+01:00 DEBUG 5656 --- [predictive-maintenance-backend] [MessageBroker-8] org.hibernate.SQL                        : 
    insert 
    into
        prediction_history
        (ambient_temperature, anomaly_probability, anomaly_type, bearing_wear, confidence_score, created_at, current, efficiency_score, failure_probability, fatigue_index, health, load_factor, lubrication_level, machine_id, ml_prediction_available, operating_speed, power_consumption, predicted_failure_type, predicted_rul, pressure, recommended_action, remaining_useful_life, requires_immediate_action, risk_level, risk_score, severity, temperature, thermal_stress, timestamp, vibration, voltage) 
    values
        (?, ?, ?, ?, ?, ?, ?, ?, ?, ?, ?, ?, ?, ?, ?, ?, ?, ?, ?, ?, ?, ?, ?, ?, ?, ?, ?, ?, ?, ?, ?)
2026-05-29T12:38:05.932+01:00 DEBUG 5656 --- [predictive-maintenance-backend] [MessageBroker-8] c.p.p.w.service.MachineStreamingService  : Stored prediction history for machine 10
2026-05-29T12:38:05.935+01:00 DEBUG 5656 --- [predictive-maintenance-backend] [MessageBroker-8] c.p.p.w.service.MachineStreamingService  : Streamed dataset-driven telemetry for 1 machines
2026-05-29T12:38:05.938+01:00 DEBUG 5656 --- [predictive-maintenance-backend] [MessageBroker-8] org.hibernate.SQL                        : 
    update
        machines 
    set
        category=?,
        description=?,
        installation_date=?,
        last_maintenance_date=?,
        last_modified_date=?,
        location=?,
        manufacturer=?,
        model=?,
        name=?,
        next_maintenance_date=?,
        operating_hours=?,
        photo_content_type=?,
        photo_path=?,
        risk_score=?,
        serial_number=?,
        status=?,
        sub_category=? 
    where
        id=?
2026-05-29T12:38:07.760+01:00 DEBUG 5656 --- [predictive-maintenance-backend] [MessageBroker-8] org.hibernate.SQL                        : 
    select
        m1_0.id,
        m1_0.category,
        m1_0.created_date,
        m1_0.description,
        m1_0.installation_date,
        m1_0.last_maintenance_date,
        m1_0.last_modified_date,
        m1_0.location,
        m1_0.manufacturer,
        m1_0.model,
        m1_0.name,
        m1_0.next_maintenance_date,
        m1_0.operating_hours,
        m1_0.photo_content_type,
        m1_0.photo_path,
        m1_0.risk_score,
        m1_0.serial_number,
        m1_0.status,
        m1_0.sub_category 
    from
        machines m1_0
2026-05-29T12:38:07.765+01:00 DEBUG 5656 --- [predictive-maintenance-backend] [MessageBroker-8] org.hibernate.SQL                        : 
    insert 
    into
        sensor_telemetry
        (created_at, machine_id, sensor1, sensor10, sensor11, sensor12, sensor13, sensor14, sensor15, sensor16, sensor17, sensor18, sensor19, sensor2, sensor20, sensor21, sensor3, sensor4, sensor5, sensor6, sensor7, sensor8, sensor9, setting1, setting2, setting3, timestamp) 
    values
        (?, ?, ?, ?, ?, ?, ?, ?, ?, ?, ?, ?, ?, ?, ?, ?, ?, ?, ?, ?, ?, ?, ?, ?, ?, ?, ?)
2026-05-29T12:38:07.768+01:00 DEBUG 5656 --- [predictive-maintenance-backend] [MessageBroker-8] c.p.p.ml.service.MLServiceClient         : Calling ML service for machine 10: http://localhost:8000/predict
2026-05-29T12:38:07.925+01:00 DEBUG 5656 --- [predictive-maintenance-backend] [MessageBroker-8] c.p.p.ml.service.MLServiceClient         : ML prediction received for machine 10: RUL=78.32, anomaly=0.255, risk=MEDIUM
2026-05-29T12:38:07.925+01:00 DEBUG 5656 --- [predictive-maintenance-backend] [MessageBroker-8] org.hibernate.SQL                        : 
    insert 
    into
        prediction_history
        (ambient_temperature, anomaly_probability, anomaly_type, bearing_wear, confidence_score, created_at, current, efficiency_score, failure_probability, fatigue_index, health, load_factor, lubrication_level, machine_id, ml_prediction_available, operating_speed, power_consumption, predicted_failure_type, predicted_rul, pressure, recommended_action, remaining_useful_life, requires_immediate_action, risk_level, risk_score, severity, temperature, thermal_stress, timestamp, vibration, voltage) 
    values
        (?, ?, ?, ?, ?, ?, ?, ?, ?, ?, ?, ?, ?, ?, ?, ?, ?, ?, ?, ?, ?, ?, ?, ?, ?, ?, ?, ?, ?, ?, ?)
2026-05-29T12:38:07.927+01:00 DEBUG 5656 --- [predictive-maintenance-backend] [MessageBroker-8] c.p.p.w.service.MachineStreamingService  : Stored prediction history for machine 10
2026-05-29T12:38:07.928+01:00 DEBUG 5656 --- [predictive-maintenance-backend] [MessageBroker-8] c.p.p.w.service.MachineStreamingService  : Streamed dataset-driven telemetry for 1 machines
2026-05-29T12:38:07.929+01:00 DEBUG 5656 --- [predictive-maintenance-backend] [MessageBroker-8] org.hibernate.SQL                        : 
    update
        machines 
    set
        category=?,
        description=?,
        installation_date=?,
        last_maintenance_date=?,
        last_modified_date=?,
        location=?,
        manufacturer=?,
        model=?,
        name=?,
        next_maintenance_date=?,
        operating_hours=?,
        photo_content_type=?,
        photo_path=?,
        risk_score=?,
        serial_number=?,
        status=?,
        sub_category=? 
    where
        id=?
2026-05-29T12:38:09.763+01:00 DEBUG 5656 --- [predictive-maintenance-backend] [MessageBroker-17] org.hibernate.SQL                        : 
    select
        m1_0.id,
        m1_0.category,
        m1_0.created_date,
        m1_0.description,
        m1_0.installation_date,
        m1_0.last_maintenance_date,
        m1_0.last_modified_date,
        m1_0.location,
        m1_0.manufacturer,
        m1_0.model,
        m1_0.name,
        m1_0.next_maintenance_date,
        m1_0.operating_hours,
        m1_0.photo_content_type,
        m1_0.photo_path,
        m1_0.risk_score,
        m1_0.serial_number,
        m1_0.status,
        m1_0.sub_category 
    from
        machines m1_0
2026-05-29T12:38:09.765+01:00 DEBUG 5656 --- [predictive-maintenance-backend] [MessageBroker-17] org.hibernate.SQL                        : 
    insert 
    into
        sensor_telemetry
        (created_at, machine_id, sensor1, sensor10, sensor11, sensor12, sensor13, sensor14, sensor15, sensor16, sensor17, sensor18, sensor19, sensor2, sensor20, sensor21, sensor3, sensor4, sensor5, sensor6, sensor7, sensor8, sensor9, setting1, setting2, setting3, timestamp) 
    values
        (?, ?, ?, ?, ?, ?, ?, ?, ?, ?, ?, ?, ?, ?, ?, ?, ?, ?, ?, ?, ?, ?, ?, ?, ?, ?, ?)
2026-05-29T12:38:09.768+01:00 DEBUG 5656 --- [predictive-maintenance-backend] [MessageBroker-17] c.p.p.ml.service.MLServiceClient         : Calling ML service for machine 10: http://localhost:8000/predict
2026-05-29T12:38:09.925+01:00 DEBUG 5656 --- [predictive-maintenance-backend] [MessageBroker-17] c.p.p.ml.service.MLServiceClient         : ML prediction received for machine 10: RUL=78.64, anomaly=0.255, risk=MEDIUM
2026-05-29T12:38:09.927+01:00 DEBUG 5656 --- [predictive-maintenance-backend] [MessageBroker-17] org.hibernate.SQL                        : 
    insert 
    into
        prediction_history
        (ambient_temperature, anomaly_probability, anomaly_type, bearing_wear, confidence_score, created_at, current, efficiency_score, failure_probability, fatigue_index, health, load_factor, lubrication_level, machine_id, ml_prediction_available, operating_speed, power_consumption, predicted_failure_type, predicted_rul, pressure, recommended_action, remaining_useful_life, requires_immediate_action, risk_level, risk_score, severity, temperature, thermal_stress, timestamp, vibration, voltage) 
    values
        (?, ?, ?, ?, ?, ?, ?, ?, ?, ?, ?, ?, ?, ?, ?, ?, ?, ?, ?, ?, ?, ?, ?, ?, ?, ?, ?, ?, ?, ?, ?)
2026-05-29T12:38:09.933+01:00 DEBUG 5656 --- [predictive-maintenance-backend] [MessageBroker-17] c.p.p.w.service.MachineStreamingService  : Stored prediction history for machine 10
2026-05-29T12:38:09.936+01:00 DEBUG 5656 --- [predictive-maintenance-backend] [MessageBroker-17] c.p.p.w.service.MachineStreamingService  : Streamed dataset-driven telemetry for 1 machines
2026-05-29T12:38:09.943+01:00 DEBUG 5656 --- [predictive-maintenance-backend] [MessageBroker-17] org.hibernate.SQL                        : 
    update
        machines 
    set
        category=?,
        description=?,
        installation_date=?,
        last_maintenance_date=?,
        last_modified_date=?,
        location=?,
        manufacturer=?,
        model=?,
        name=?,
        next_maintenance_date=?,
        operating_hours=?,
        photo_content_type=?,
        photo_path=?,
        risk_score=?,
        serial_number=?,
        status=?,
        sub_category=? 
    where
        id=?
2026-05-29T12:38:11.761+01:00 DEBUG 5656 --- [predictive-maintenance-backend] [MessageBroker-17] org.hibernate.SQL                        : 
    select
        m1_0.id,
        m1_0.category,
        m1_0.created_date,
        m1_0.description,
        m1_0.installation_date,
        m1_0.last_maintenance_date,
        m1_0.last_modified_date,
        m1_0.location,
        m1_0.manufacturer,
        m1_0.model,
        m1_0.name,
        m1_0.next_maintenance_date,
        m1_0.operating_hours,
        m1_0.photo_content_type,
        m1_0.photo_path,
        m1_0.risk_score,
        m1_0.serial_number,
        m1_0.status,
        m1_0.sub_category 
    from
        machines m1_0
2026-05-29T12:38:11.770+01:00 DEBUG 5656 --- [predictive-maintenance-backend] [MessageBroker-17] org.hibernate.SQL                        : 
    insert 
    into
        sensor_telemetry
        (created_at, machine_id, sensor1, sensor10, sensor11, sensor12, sensor13, sensor14, sensor15, sensor16, sensor17, sensor18, sensor19, sensor2, sensor20, sensor21, sensor3, sensor4, sensor5, sensor6, sensor7, sensor8, sensor9, setting1, setting2, setting3, timestamp) 
    values
        (?, ?, ?, ?, ?, ?, ?, ?, ?, ?, ?, ?, ?, ?, ?, ?, ?, ?, ?, ?, ?, ?, ?, ?, ?, ?, ?)
2026-05-29T12:38:11.772+01:00 DEBUG 5656 --- [predictive-maintenance-backend] [MessageBroker-17] c.p.p.ml.service.MLServiceClient         : Calling ML service for machine 10: http://localhost:8000/predict
2026-05-29T12:38:11.939+01:00 DEBUG 5656 --- [predictive-maintenance-backend] [MessageBroker-17] c.p.p.ml.service.MLServiceClient         : ML prediction received for machine 10: RUL=78.78, anomaly=0.257, risk=MEDIUM
2026-05-29T12:38:11.943+01:00 DEBUG 5656 --- [predictive-maintenance-backend] [MessageBroker-17] org.hibernate.SQL                        : 
    insert 
    into
        prediction_history
        (ambient_temperature, anomaly_probability, anomaly_type, bearing_wear, confidence_score, created_at, current, efficiency_score, failure_probability, fatigue_index, health, load_factor, lubrication_level, machine_id, ml_prediction_available, operating_speed, power_consumption, predicted_failure_type, predicted_rul, pressure, recommended_action, remaining_useful_life, requires_immediate_action, risk_level, risk_score, severity, temperature, thermal_stress, timestamp, vibration, voltage) 
    values
        (?, ?, ?, ?, ?, ?, ?, ?, ?, ?, ?, ?, ?, ?, ?, ?, ?, ?, ?, ?, ?, ?, ?, ?, ?, ?, ?, ?, ?, ?, ?)
2026-05-29T12:38:11.947+01:00 DEBUG 5656 --- [predictive-maintenance-backend] [MessageBroker-17] c.p.p.w.service.MachineStreamingService  : Stored prediction history for machine 10
2026-05-29T12:38:11.950+01:00 DEBUG 5656 --- [predictive-maintenance-backend] [MessageBroker-17] c.p.p.w.service.MachineStreamingService  : Streamed dataset-driven telemetry for 1 machines
2026-05-29T12:38:11.954+01:00 DEBUG 5656 --- [predictive-maintenance-backend] [MessageBroker-17] org.hibernate.SQL                        : 
    update
        machines 
    set
        category=?,
        description=?,
        installation_date=?,
        last_maintenance_date=?,
        last_modified_date=?,
        location=?,
        manufacturer=?,
        model=?,
        name=?,
        next_maintenance_date=?,
        operating_hours=?,
        photo_content_type=?,
        photo_path=?,
        risk_score=?,
        serial_number=?,
        status=?,
        sub_category=? 
    where
        id=?
2026-05-29T12:38:13.756+01:00 DEBUG 5656 --- [predictive-maintenance-backend] [MessageBroker-17] org.hibernate.SQL                        : 
    select
        m1_0.id,
        m1_0.category,
        m1_0.created_date,
        m1_0.description,
        m1_0.installation_date,
        m1_0.last_maintenance_date,
        m1_0.last_modified_date,
        m1_0.location,
        m1_0.manufacturer,
        m1_0.model,
        m1_0.name,
        m1_0.next_maintenance_date,
        m1_0.operating_hours,
        m1_0.photo_content_type,
        m1_0.photo_path,
        m1_0.risk_score,
        m1_0.serial_number,
        m1_0.status,
        m1_0.sub_category 
    from
        machines m1_0
2026-05-29T12:38:13.758+01:00 DEBUG 5656 --- [predictive-maintenance-backend] [MessageBroker-17] org.hibernate.SQL                        : 
    insert 
    into
        sensor_telemetry
        (created_at, machine_id, sensor1, sensor10, sensor11, sensor12, sensor13, sensor14, sensor15, sensor16, sensor17, sensor18, sensor19, sensor2, sensor20, sensor21, sensor3, sensor4, sensor5, sensor6, sensor7, sensor8, sensor9, setting1, setting2, setting3, timestamp) 
    values
        (?, ?, ?, ?, ?, ?, ?, ?, ?, ?, ?, ?, ?, ?, ?, ?, ?, ?, ?, ?, ?, ?, ?, ?, ?, ?, ?)
2026-05-29T12:38:13.759+01:00 DEBUG 5656 --- [predictive-maintenance-backend] [MessageBroker-17] c.p.p.ml.service.MLServiceClient         : Calling ML service for machine 10: http://localhost:8000/predict
2026-05-29T12:38:13.874+01:00 DEBUG 5656 --- [predictive-maintenance-backend] [MessageBroker-17] c.p.p.ml.service.MLServiceClient         : ML prediction received for machine 10: RUL=78.99, anomaly=0.261, risk=MEDIUM
2026-05-29T12:38:13.877+01:00 DEBUG 5656 --- [predictive-maintenance-backend] [MessageBroker-17] org.hibernate.SQL                        : 
    insert 
    into
        prediction_history
        (ambient_temperature, anomaly_probability, anomaly_type, bearing_wear, confidence_score, created_at, current, efficiency_score, failure_probability, fatigue_index, health, load_factor, lubrication_level, machine_id, ml_prediction_available, operating_speed, power_consumption, predicted_failure_type, predicted_rul, pressure, recommended_action, remaining_useful_life, requires_immediate_action, risk_level, risk_score, severity, temperature, thermal_stress, timestamp, vibration, voltage) 
    values
        (?, ?, ?, ?, ?, ?, ?, ?, ?, ?, ?, ?, ?, ?, ?, ?, ?, ?, ?, ?, ?, ?, ?, ?, ?, ?, ?, ?, ?, ?, ?)
2026-05-29T12:38:13.882+01:00 DEBUG 5656 --- [predictive-maintenance-backend] [MessageBroker-17] c.p.p.w.service.MachineStreamingService  : Stored prediction history for machine 10
2026-05-29T12:38:13.884+01:00 DEBUG 5656 --- [predictive-maintenance-backend] [MessageBroker-17] c.p.p.w.service.MachineStreamingService  : Streamed dataset-driven telemetry for 1 machines
2026-05-29T12:38:13.889+01:00 DEBUG 5656 --- [predictive-maintenance-backend] [MessageBroker-17] org.hibernate.SQL                        : 
    update
        machines 
    set
        category=?,
        description=?,
        installation_date=?,
        last_maintenance_date=?,
        last_modified_date=?,
        location=?,
        manufacturer=?,
        model=?,
        name=?,
        next_maintenance_date=?,
        operating_hours=?,
        photo_content_type=?,
        photo_path=?,
        risk_score=?,
        serial_number=?,
        status=?,
        sub_category=? 
    where
        id=?
2026-05-29T12:38:15.765+01:00 DEBUG 5656 --- [predictive-maintenance-backend] [MessageBroker-3] org.hibernate.SQL                        : 
    select
        m1_0.id,
        m1_0.category,
        m1_0.created_date,
        m1_0.description,
        m1_0.installation_date,
        m1_0.last_maintenance_date,
        m1_0.last_modified_date,
        m1_0.location,
        m1_0.manufacturer,
        m1_0.model,
        m1_0.name,
        m1_0.next_maintenance_date,
        m1_0.operating_hours,
        m1_0.photo_content_type,
        m1_0.photo_path,
        m1_0.risk_score,
        m1_0.serial_number,
        m1_0.status,
        m1_0.sub_category 
    from
        machines m1_0
2026-05-29T12:38:15.772+01:00 DEBUG 5656 --- [predictive-maintenance-backend] [MessageBroker-3] org.hibernate.SQL                        : 
    insert 
    into
        sensor_telemetry
        (created_at, machine_id, sensor1, sensor10, sensor11, sensor12, sensor13, sensor14, sensor15, sensor16, sensor17, sensor18, sensor19, sensor2, sensor20, sensor21, sensor3, sensor4, sensor5, sensor6, sensor7, sensor8, sensor9, setting1, setting2, setting3, timestamp) 
    values
        (?, ?, ?, ?, ?, ?, ?, ?, ?, ?, ?, ?, ?, ?, ?, ?, ?, ?, ?, ?, ?, ?, ?, ?, ?, ?, ?)
2026-05-29T12:38:15.775+01:00 DEBUG 5656 --- [predictive-maintenance-backend] [MessageBroker-3] c.p.p.ml.service.MLServiceClient         : Calling ML service for machine 10: http://localhost:8000/predict
2026-05-29T12:38:15.929+01:00 DEBUG 5656 --- [predictive-maintenance-backend] [MessageBroker-3] c.p.p.ml.service.MLServiceClient         : ML prediction received for machine 10: RUL=79.26, anomaly=0.264, risk=MEDIUM
2026-05-29T12:38:15.931+01:00 DEBUG 5656 --- [predictive-maintenance-backend] [MessageBroker-3] org.hibernate.SQL                        : 
    insert 
    into
        prediction_history
        (ambient_temperature, anomaly_probability, anomaly_type, bearing_wear, confidence_score, created_at, current, efficiency_score, failure_probability, fatigue_index, health, load_factor, lubrication_level, machine_id, ml_prediction_available, operating_speed, power_consumption, predicted_failure_type, predicted_rul, pressure, recommended_action, remaining_useful_life, requires_immediate_action, risk_level, risk_score, severity, temperature, thermal_stress, timestamp, vibration, voltage) 
    values
        (?, ?, ?, ?, ?, ?, ?, ?, ?, ?, ?, ?, ?, ?, ?, ?, ?, ?, ?, ?, ?, ?, ?, ?, ?, ?, ?, ?, ?, ?, ?)
2026-05-29T12:38:15.936+01:00 DEBUG 5656 --- [predictive-maintenance-backend] [MessageBroker-3] c.p.p.w.service.MachineStreamingService  : Stored prediction history for machine 10
2026-05-29T12:38:15.939+01:00 DEBUG 5656 --- [predictive-maintenance-backend] [MessageBroker-3] c.p.p.w.service.MachineStreamingService  : Streamed dataset-driven telemetry for 1 machines
2026-05-29T12:38:15.943+01:00 DEBUG 5656 --- [predictive-maintenance-backend] [MessageBroker-3] org.hibernate.SQL                        : 
    update
        machines 
    set
        category=?,
        description=?,
        installation_date=?,
        last_maintenance_date=?,
        last_modified_date=?,
        location=?,
        manufacturer=?,
        model=?,
        name=?,
        next_maintenance_date=?,
        operating_hours=?,
        photo_content_type=?,
        photo_path=?,
        risk_score=?,
        serial_number=?,
        status=?,
        sub_category=? 
    where
        id=?
2026-05-29T12:38:17.764+01:00 DEBUG 5656 --- [predictive-maintenance-backend] [MessageBroker-3] org.hibernate.SQL                        : 
    select
        m1_0.id,
        m1_0.category,
        m1_0.created_date,
        m1_0.description,
        m1_0.installation_date,
        m1_0.last_maintenance_date,
        m1_0.last_modified_date,
        m1_0.location,
        m1_0.manufacturer,
        m1_0.model,
        m1_0.name,
        m1_0.next_maintenance_date,
        m1_0.operating_hours,
        m1_0.photo_content_type,
        m1_0.photo_path,
        m1_0.risk_score,
        m1_0.serial_number,
        m1_0.status,
        m1_0.sub_category 
    from
        machines m1_0
2026-05-29T12:38:17.769+01:00 DEBUG 5656 --- [predictive-maintenance-backend] [MessageBroker-3] org.hibernate.SQL                        : 
    insert 
    into
        sensor_telemetry
        (created_at, machine_id, sensor1, sensor10, sensor11, sensor12, sensor13, sensor14, sensor15, sensor16, sensor17, sensor18, sensor19, sensor2, sensor20, sensor21, sensor3, sensor4, sensor5, sensor6, sensor7, sensor8, sensor9, setting1, setting2, setting3, timestamp) 
    values
        (?, ?, ?, ?, ?, ?, ?, ?, ?, ?, ?, ?, ?, ?, ?, ?, ?, ?, ?, ?, ?, ?, ?, ?, ?, ?, ?)
2026-05-29T12:38:17.772+01:00 DEBUG 5656 --- [predictive-maintenance-backend] [MessageBroker-3] c.p.p.ml.service.MLServiceClient         : Calling ML service for machine 10: http://localhost:8000/predict
2026-05-29T12:38:17.933+01:00 DEBUG 5656 --- [predictive-maintenance-backend] [MessageBroker-3] c.p.p.ml.service.MLServiceClient         : ML prediction received for machine 10: RUL=79.63, anomaly=0.267, risk=MEDIUM
2026-05-29T12:38:17.936+01:00 DEBUG 5656 --- [predictive-maintenance-backend] [MessageBroker-3] org.hibernate.SQL                        : 
    insert 
    into
        prediction_history
        (ambient_temperature, anomaly_probability, anomaly_type, bearing_wear, confidence_score, created_at, current, efficiency_score, failure_probability, fatigue_index, health, load_factor, lubrication_level, machine_id, ml_prediction_available, operating_speed, power_consumption, predicted_failure_type, predicted_rul, pressure, recommended_action, remaining_useful_life, requires_immediate_action, risk_level, risk_score, severity, temperature, thermal_stress, timestamp, vibration, voltage) 
    values
        (?, ?, ?, ?, ?, ?, ?, ?, ?, ?, ?, ?, ?, ?, ?, ?, ?, ?, ?, ?, ?, ?, ?, ?, ?, ?, ?, ?, ?, ?, ?)
2026-05-29T12:38:17.940+01:00 DEBUG 5656 --- [predictive-maintenance-backend] [MessageBroker-3] c.p.p.w.service.MachineStreamingService  : Stored prediction history for machine 10
2026-05-29T12:38:17.943+01:00 DEBUG 5656 --- [predictive-maintenance-backend] [MessageBroker-3] c.p.p.w.service.MachineStreamingService  : Streamed dataset-driven telemetry for 1 machines
2026-05-29T12:38:17.946+01:00 DEBUG 5656 --- [predictive-maintenance-backend] [MessageBroker-3] org.hibernate.SQL                        : 
    update
        machines 
    set
        category=?,
        description=?,
        installation_date=?,
        last_maintenance_date=?,
        last_modified_date=?,
        location=?,
        manufacturer=?,
        model=?,
        name=?,
        next_maintenance_date=?,
        operating_hours=?,
        photo_content_type=?,
        photo_path=?,
        risk_score=?,
        serial_number=?,
        status=?,
        sub_category=? 
    where
        id=?
2026-05-29T12:38:19.210+01:00 DEBUG 5656 --- [predictive-maintenance-backend] [http-nio-8080-exec-5] o.s.security.web.FilterChainProxy        : Securing GET /api/v1/maintenance?page=0&size=100&assignedTechnicianId=technicien1
2026-05-29T12:38:19.212+01:00 DEBUG 5656 --- [predictive-maintenance-backend] [http-nio-8080-exec-1] o.s.security.web.FilterChainProxy        : Securing OPTIONS /api/v1/alerts?page=0&size=100&assignedTo=technicien1
2026-05-29T12:38:19.226+01:00 DEBUG 5656 --- [predictive-maintenance-backend] [http-nio-8080-exec-5] o.s.security.web.FilterChainProxy        : Secured GET /api/v1/maintenance?page=0&size=100&assignedTechnicianId=technicien1
2026-05-29T12:38:19.226+01:00 DEBUG 5656 --- [predictive-maintenance-backend] [http-nio-8080-exec-3] o.s.security.web.FilterChainProxy        : Securing GET /api/v1/alerts?page=0&size=100&assignedTo=technicien1
2026-05-29T12:38:19.239+01:00 DEBUG 5656 --- [predictive-maintenance-backend] [http-nio-8080-exec-5] org.hibernate.SQL                        : 
    select
        m1_0.id,
        m1_0.approved_by,
        m1_0.approved_date,
        m1_0.assigned_technician_id,
        m1_0.completed_date,
        m1_0.created_by,
        m1_0.created_date,
        m1_0.description,
        m1_0.estimated_duration,
        m1_0.last_modified_by,
        m1_0.last_modified_date,
        m1_0.machine_id,
        m1_0.notes,
        m1_0.priority,
        m1_0.scheduled_date,
        m1_0.start_date,
        m1_0.status,
        m1_0.type,
        m1_0.version 
    from
        maintenance m1_0 
    where
        (
            ? is null 
            or m1_0.status=?
        ) 
        and (
            ? is null 
            or m1_0.priority=?
        ) 
    offset
        ? rows 
    fetch
        first ? rows only
2026-05-29T12:38:19.241+01:00 DEBUG 5656 --- [predictive-maintenance-backend] [http-nio-8080-exec-3] o.s.security.web.FilterChainProxy        : Secured GET /api/v1/alerts?page=0&size=100&assignedTo=technicien1
2026-05-29T12:38:19.246+01:00 DEBUG 5656 --- [predictive-maintenance-backend] [http-nio-8080-exec-3] horizationManagerBeforeMethodInterceptor : Authorizing method invocation ReflectiveMethodInvocation: public org.springframework.http.ResponseEntity com.pfe.predictive.alert.controller.AlertController.listAlerts(com.pfe.predictive.alert.entity.AlertStatus,com.pfe.predictive.alert.entity.AlertSeverity,java.lang.String,java.lang.Boolean,java.lang.String,org.springframework.data.domain.Pageable,org.springframework.security.core.Authentication); target is of class [com.pfe.predictive.alert.controller.AlertController]
2026-05-29T12:38:19.246+01:00 DEBUG 5656 --- [predictive-maintenance-backend] [http-nio-8080-exec-3] horizationManagerBeforeMethodInterceptor : Authorized method invocation ReflectiveMethodInvocation: public org.springframework.http.ResponseEntity com.pfe.predictive.alert.controller.AlertController.listAlerts(com.pfe.predictive.alert.entity.AlertStatus,com.pfe.predictive.alert.entity.AlertSeverity,java.lang.String,java.lang.Boolean,java.lang.String,org.springframework.data.domain.Pageable,org.springframework.security.core.Authentication); target is of class [com.pfe.predictive.alert.controller.AlertController]
2026-05-29T12:38:19.246+01:00  INFO 5656 --- [predictive-maintenance-backend] [http-nio-8080-exec-3] c.p.p.alert.controller.AlertController   : Listing alerts for user: technicien1
2026-05-29T12:38:19.251+01:00 DEBUG 5656 --- [predictive-maintenance-backend] [http-nio-8080-exec-3] org.hibernate.SQL                        : 
    select
        a1_0.id,
        a1_0.acknowledged_by,
        a1_0.acknowledged_date,
        a1_0.assigned_to,
        a1_0.category,
        a1_0.closed_by,
        a1_0.closed_date,
        a1_0.created_by,
        a1_0.created_date,
        a1_0.escalated_by,
        a1_0.escalated_date,
        a1_0.escalation_notes,
        a1_0.last_modified_date,
        a1_0.machine_id,
        a1_0.message,
        a1_0.recommendations,
        a1_0.resolution_notes,
        a1_0.severity,
        a1_0.source_reference,
        a1_0.status,
        a1_0.title,
        a1_0.version,
        a1_0.viewed 
    from
        alerts a1_0 
    where
        lower(a1_0.assigned_to) like ? escape '' 
    order by
        a1_0.created_date desc 
    offset
        ? rows 
    fetch
        first ? rows only
2026-05-29T12:38:19.762+01:00 DEBUG 5656 --- [predictive-maintenance-backend] [MessageBroker-1] org.hibernate.SQL                        : 
    select
        m1_0.id,
        m1_0.category,
        m1_0.created_date,
        m1_0.description,
        m1_0.installation_date,
        m1_0.last_maintenance_date,
        m1_0.last_modified_date,
        m1_0.location,
        m1_0.manufacturer,
        m1_0.model,
        m1_0.name,
        m1_0.next_maintenance_date,
        m1_0.operating_hours,
        m1_0.photo_content_type,
        m1_0.photo_path,
        m1_0.risk_score,
        m1_0.serial_number,
        m1_0.status,
        m1_0.sub_category 
    from
        machines m1_0
2026-05-29T12:38:19.768+01:00 DEBUG 5656 --- [predictive-maintenance-backend] [MessageBroker-1] org.hibernate.SQL                        : 
    insert 
    into
        sensor_telemetry
        (created_at, machine_id, sensor1, sensor10, sensor11, sensor12, sensor13, sensor14, sensor15, sensor16, sensor17, sensor18, sensor19, sensor2, sensor20, sensor21, sensor3, sensor4, sensor5, sensor6, sensor7, sensor8, sensor9, setting1, setting2, setting3, timestamp) 
    values
        (?, ?, ?, ?, ?, ?, ?, ?, ?, ?, ?, ?, ?, ?, ?, ?, ?, ?, ?, ?, ?, ?, ?, ?, ?, ?, ?)
2026-05-29T12:38:19.775+01:00 DEBUG 5656 --- [predictive-maintenance-backend] [MessageBroker-1] c.p.p.ml.service.MLServiceClient         : Calling ML service for machine 10: http://localhost:8000/predict
2026-05-29T12:38:19.991+01:00 DEBUG 5656 --- [predictive-maintenance-backend] [MessageBroker-1] c.p.p.ml.service.MLServiceClient         : ML prediction received for machine 10: RUL=80.09, anomaly=0.27, risk=MEDIUM
2026-05-29T12:38:19.994+01:00 DEBUG 5656 --- [predictive-maintenance-backend] [MessageBroker-1] org.hibernate.SQL                        : 
    insert 
    into
        prediction_history
        (ambient_temperature, anomaly_probability, anomaly_type, bearing_wear, confidence_score, created_at, current, efficiency_score, failure_probability, fatigue_index, health, load_factor, lubrication_level, machine_id, ml_prediction_available, operating_speed, power_consumption, predicted_failure_type, predicted_rul, pressure, recommended_action, remaining_useful_life, requires_immediate_action, risk_level, risk_score, severity, temperature, thermal_stress, timestamp, vibration, voltage) 
    values
        (?, ?, ?, ?, ?, ?, ?, ?, ?, ?, ?, ?, ?, ?, ?, ?, ?, ?, ?, ?, ?, ?, ?, ?, ?, ?, ?, ?, ?, ?, ?)
2026-05-29T12:38:20.003+01:00 DEBUG 5656 --- [predictive-maintenance-backend] [MessageBroker-1] c.p.p.w.service.MachineStreamingService  : Stored prediction history for machine 10
2026-05-29T12:38:20.005+01:00 DEBUG 5656 --- [predictive-maintenance-backend] [MessageBroker-1] c.p.p.w.service.MachineStreamingService  : Streamed dataset-driven telemetry for 1 machines
2026-05-29T12:38:20.010+01:00 DEBUG 5656 --- [predictive-maintenance-backend] [MessageBroker-1] org.hibernate.SQL                        : 
    update
        machines 
    set
        category=?,
        description=?,
        installation_date=?,
        last_maintenance_date=?,
        last_modified_date=?,
        location=?,
        manufacturer=?,
        model=?,
        name=?,
        next_maintenance_date=?,
        operating_hours=?,
        photo_content_type=?,
        photo_path=?,
        risk_score=?,
        serial_number=?,
        status=?,
        sub_category=? 
    where
        id=?
2026-05-29T12:38:21.763+01:00 DEBUG 5656 --- [predictive-maintenance-backend] [MessageBroker-1] org.hibernate.SQL                        : 
    select
        m1_0.id,
        m1_0.category,
        m1_0.created_date,
        m1_0.description,
        m1_0.installation_date,
        m1_0.last_maintenance_date,
        m1_0.last_modified_date,
        m1_0.location,
        m1_0.manufacturer,
        m1_0.model,
        m1_0.name,
        m1_0.next_maintenance_date,
        m1_0.operating_hours,
        m1_0.photo_content_type,
        m1_0.photo_path,
        m1_0.risk_score,
        m1_0.serial_number,
        m1_0.status,
        m1_0.sub_category 
    from
        machines m1_0
2026-05-29T12:38:21.769+01:00 DEBUG 5656 --- [predictive-maintenance-backend] [MessageBroker-1] org.hibernate.SQL                        : 
    insert 
    into
        sensor_telemetry
        (created_at, machine_id, sensor1, sensor10, sensor11, sensor12, sensor13, sensor14, sensor15, sensor16, sensor17, sensor18, sensor19, sensor2, sensor20, sensor21, sensor3, sensor4, sensor5, sensor6, sensor7, sensor8, sensor9, setting1, setting2, setting3, timestamp) 
    values
        (?, ?, ?, ?, ?, ?, ?, ?, ?, ?, ?, ?, ?, ?, ?, ?, ?, ?, ?, ?, ?, ?, ?, ?, ?, ?, ?)
2026-05-29T12:38:21.772+01:00 DEBUG 5656 --- [predictive-maintenance-backend] [MessageBroker-1] c.p.p.ml.service.MLServiceClient         : Calling ML service for machine 10: http://localhost:8000/predict
2026-05-29T12:38:21.989+01:00 DEBUG 5656 --- [predictive-maintenance-backend] [MessageBroker-1] c.p.p.ml.service.MLServiceClient         : ML prediction received for machine 10: RUL=80.62, anomaly=0.273, risk=MEDIUM
2026-05-29T12:38:21.991+01:00 DEBUG 5656 --- [predictive-maintenance-backend] [MessageBroker-1] org.hibernate.SQL                        : 
    insert 
    into
        prediction_history
        (ambient_temperature, anomaly_probability, anomaly_type, bearing_wear, confidence_score, created_at, current, efficiency_score, failure_probability, fatigue_index, health, load_factor, lubrication_level, machine_id, ml_prediction_available, operating_speed, power_consumption, predicted_failure_type, predicted_rul, pressure, recommended_action, remaining_useful_life, requires_immediate_action, risk_level, risk_score, severity, temperature, thermal_stress, timestamp, vibration, voltage) 
    values
        (?, ?, ?, ?, ?, ?, ?, ?, ?, ?, ?, ?, ?, ?, ?, ?, ?, ?, ?, ?, ?, ?, ?, ?, ?, ?, ?, ?, ?, ?, ?)
2026-05-29T12:38:21.997+01:00 DEBUG 5656 --- [predictive-maintenance-backend] [MessageBroker-1] c.p.p.w.service.MachineStreamingService  : Stored prediction history for machine 10
2026-05-29T12:38:21.999+01:00 DEBUG 5656 --- [predictive-maintenance-backend] [MessageBroker-1] c.p.p.w.service.MachineStreamingService  : Streamed dataset-driven telemetry for 1 machines
2026-05-29T12:38:22.006+01:00 DEBUG 5656 --- [predictive-maintenance-backend] [MessageBroker-1] org.hibernate.SQL                        : 
    update
        machines 
    set
        category=?,
        description=?,
        installation_date=?,
        last_maintenance_date=?,
        last_modified_date=?,
        location=?,
        manufacturer=?,
        model=?,
        name=?,
        next_maintenance_date=?,
        operating_hours=?,
        photo_content_type=?,
        photo_path=?,
        risk_score=?,
        serial_number=?,
        status=?,
        sub_category=? 
    where
        id=?
2026-05-29T12:38:23.754+01:00 DEBUG 5656 --- [predictive-maintenance-backend] [MessageBroker-1] org.hibernate.SQL                        : 
    select
        m1_0.id,
        m1_0.category,
        m1_0.created_date,
        m1_0.description,
        m1_0.installation_date,
        m1_0.last_maintenance_date,
        m1_0.last_modified_date,
        m1_0.location,
        m1_0.manufacturer,
        m1_0.model,
        m1_0.name,
        m1_0.next_maintenance_date,
        m1_0.operating_hours,
        m1_0.photo_content_type,
        m1_0.photo_path,
        m1_0.risk_score,
        m1_0.serial_number,
        m1_0.status,
        m1_0.sub_category 
    from
        machines m1_0
2026-05-29T12:38:23.758+01:00 DEBUG 5656 --- [predictive-maintenance-backend] [MessageBroker-1] org.hibernate.SQL                        : 
    insert 
    into
        sensor_telemetry
        (created_at, machine_id, sensor1, sensor10, sensor11, sensor12, sensor13, sensor14, sensor15, sensor16, sensor17, sensor18, sensor19, sensor2, sensor20, sensor21, sensor3, sensor4, sensor5, sensor6, sensor7, sensor8, sensor9, setting1, setting2, setting3, timestamp) 
    values
        (?, ?, ?, ?, ?, ?, ?, ?, ?, ?, ?, ?, ?, ?, ?, ?, ?, ?, ?, ?, ?, ?, ?, ?, ?, ?, ?)
2026-05-29T12:38:23.762+01:00 DEBUG 5656 --- [predictive-maintenance-backend] [MessageBroker-1] c.p.p.ml.service.MLServiceClient         : Calling ML service for machine 10: http://localhost:8000/predict
2026-05-29T12:38:23.915+01:00 DEBUG 5656 --- [predictive-maintenance-backend] [MessageBroker-1] c.p.p.ml.service.MLServiceClient         : ML prediction received for machine 10: RUL=80.9, anomaly=0.275, risk=MEDIUM
2026-05-29T12:38:23.918+01:00 DEBUG 5656 --- [predictive-maintenance-backend] [MessageBroker-1] org.hibernate.SQL                        : 
    insert 
    into
        prediction_history
        (ambient_temperature, anomaly_probability, anomaly_type, bearing_wear, confidence_score, created_at, current, efficiency_score, failure_probability, fatigue_index, health, load_factor, lubrication_level, machine_id, ml_prediction_available, operating_speed, power_consumption, predicted_failure_type, predicted_rul, pressure, recommended_action, remaining_useful_life, requires_immediate_action, risk_level, risk_score, severity, temperature, thermal_stress, timestamp, vibration, voltage) 
    values
        (?, ?, ?, ?, ?, ?, ?, ?, ?, ?, ?, ?, ?, ?, ?, ?, ?, ?, ?, ?, ?, ?, ?, ?, ?, ?, ?, ?, ?, ?, ?)
2026-05-29T12:38:23.924+01:00 DEBUG 5656 --- [predictive-maintenance-backend] [MessageBroker-1] c.p.p.w.service.MachineStreamingService  : Stored prediction history for machine 10
2026-05-29T12:38:23.928+01:00 DEBUG 5656 --- [predictive-maintenance-backend] [MessageBroker-1] c.p.p.w.service.MachineStreamingService  : Streamed dataset-driven telemetry for 1 machines
2026-05-29T12:38:23.934+01:00 DEBUG 5656 --- [predictive-maintenance-backend] [MessageBroker-1] org.hibernate.SQL                        : 
    update
        machines 
    set
        category=?,
        description=?,
        installation_date=?,
        last_maintenance_date=?,
        last_modified_date=?,
        location=?,
        manufacturer=?,
        model=?,
        name=?,
        next_maintenance_date=?,
        operating_hours=?,
        photo_content_type=?,
        photo_path=?,
        risk_score=?,
        serial_number=?,
        status=?,
        sub_category=? 
    where
        id=?
2026-05-29T12:38:25.762+01:00 DEBUG 5656 --- [predictive-maintenance-backend] [MessageBroker-6] org.hibernate.SQL                        : 
    select
        m1_0.id,
        m1_0.category,
        m1_0.created_date,
        m1_0.description,
        m1_0.installation_date,
        m1_0.last_maintenance_date,
        m1_0.last_modified_date,
        m1_0.location,
        m1_0.manufacturer,
        m1_0.model,
        m1_0.name,
        m1_0.next_maintenance_date,
        m1_0.operating_hours,
        m1_0.photo_content_type,
        m1_0.photo_path,
        m1_0.risk_score,
        m1_0.serial_number,
        m1_0.status,
        m1_0.sub_category 
    from
        machines m1_0
2026-05-29T12:38:25.767+01:00 DEBUG 5656 --- [predictive-maintenance-backend] [MessageBroker-6] org.hibernate.SQL                        : 
    insert 
    into
        sensor_telemetry
        (created_at, machine_id, sensor1, sensor10, sensor11, sensor12, sensor13, sensor14, sensor15, sensor16, sensor17, sensor18, sensor19, sensor2, sensor20, sensor21, sensor3, sensor4, sensor5, sensor6, sensor7, sensor8, sensor9, setting1, setting2, setting3, timestamp) 
    values
        (?, ?, ?, ?, ?, ?, ?, ?, ?, ?, ?, ?, ?, ?, ?, ?, ?, ?, ?, ?, ?, ?, ?, ?, ?, ?, ?)
2026-05-29T12:38:25.773+01:00 DEBUG 5656 --- [predictive-maintenance-backend] [MessageBroker-6] c.p.p.ml.service.MLServiceClient         : Calling ML service for machine 10: http://localhost:8000/predict
2026-05-29T12:38:25.988+01:00 DEBUG 5656 --- [predictive-maintenance-backend] [MessageBroker-6] c.p.p.ml.service.MLServiceClient         : ML prediction received for machine 10: RUL=81.5, anomaly=0.277, risk=MEDIUM
2026-05-29T12:38:25.990+01:00 DEBUG 5656 --- [predictive-maintenance-backend] [MessageBroker-6] org.hibernate.SQL                        : 
    insert 
    into
        prediction_history
        (ambient_temperature, anomaly_probability, anomaly_type, bearing_wear, confidence_score, created_at, current, efficiency_score, failure_probability, fatigue_index, health, load_factor, lubrication_level, machine_id, ml_prediction_available, operating_speed, power_consumption, predicted_failure_type, predicted_rul, pressure, recommended_action, remaining_useful_life, requires_immediate_action, risk_level, risk_score, severity, temperature, thermal_stress, timestamp, vibration, voltage) 
    values
        (?, ?, ?, ?, ?, ?, ?, ?, ?, ?, ?, ?, ?, ?, ?, ?, ?, ?, ?, ?, ?, ?, ?, ?, ?, ?, ?, ?, ?, ?, ?)
2026-05-29T12:38:25.995+01:00 DEBUG 5656 --- [predictive-maintenance-backend] [MessageBroker-6] c.p.p.w.service.MachineStreamingService  : Stored prediction history for machine 10
2026-05-29T12:38:25.996+01:00 DEBUG 5656 --- [predictive-maintenance-backend] [MessageBroker-6] c.p.p.w.service.MachineStreamingService  : Streamed dataset-driven telemetry for 1 machines
2026-05-29T12:38:25.999+01:00 DEBUG 5656 --- [predictive-maintenance-backend] [MessageBroker-6] org.hibernate.SQL                        : 
    update
        machines 
    set
        category=?,
        description=?,
        installation_date=?,
        last_maintenance_date=?,
        last_modified_date=?,
        location=?,
        manufacturer=?,
        model=?,
        name=?,
        next_maintenance_date=?,
        operating_hours=?,
        photo_content_type=?,
        photo_path=?,
        risk_score=?,
        serial_number=?,
        status=?,
        sub_category=? 
    where
        id=?
2026-05-29T12:38:27.768+01:00 DEBUG 5656 --- [predictive-maintenance-backend] [MessageBroker-6] org.hibernate.SQL                        : 
    select
        m1_0.id,
        m1_0.category,
        m1_0.created_date,
        m1_0.description,
        m1_0.installation_date,
        m1_0.last_maintenance_date,
        m1_0.last_modified_date,
        m1_0.location,
        m1_0.manufacturer,
        m1_0.model,
        m1_0.name,
        m1_0.next_maintenance_date,
        m1_0.operating_hours,
        m1_0.photo_content_type,
        m1_0.photo_path,
        m1_0.risk_score,
        m1_0.serial_number,
        m1_0.status,
        m1_0.sub_category 
    from
        machines m1_0
2026-05-29T12:38:27.774+01:00 DEBUG 5656 --- [predictive-maintenance-backend] [MessageBroker-6] org.hibernate.SQL                        : 
    insert 
    into
        sensor_telemetry
        (created_at, machine_id, sensor1, sensor10, sensor11, sensor12, sensor13, sensor14, sensor15, sensor16, sensor17, sensor18, sensor19, sensor2, sensor20, sensor21, sensor3, sensor4, sensor5, sensor6, sensor7, sensor8, sensor9, setting1, setting2, setting3, timestamp) 
    values
        (?, ?, ?, ?, ?, ?, ?, ?, ?, ?, ?, ?, ?, ?, ?, ?, ?, ?, ?, ?, ?, ?, ?, ?, ?, ?, ?)
2026-05-29T12:38:27.778+01:00 DEBUG 5656 --- [predictive-maintenance-backend] [MessageBroker-6] c.p.p.ml.service.MLServiceClient         : Calling ML service for machine 10: http://localhost:8000/predict
2026-05-29T12:38:27.980+01:00 DEBUG 5656 --- [predictive-maintenance-backend] [MessageBroker-6] c.p.p.ml.service.MLServiceClient         : ML prediction received for machine 10: RUL=82.06, anomaly=0.278, risk=MEDIUM
2026-05-29T12:38:27.982+01:00 DEBUG 5656 --- [predictive-maintenance-backend] [MessageBroker-6] org.hibernate.SQL                        : 
    insert 
    into
        prediction_history
        (ambient_temperature, anomaly_probability, anomaly_type, bearing_wear, confidence_score, created_at, current, efficiency_score, failure_probability, fatigue_index, health, load_factor, lubrication_level, machine_id, ml_prediction_available, operating_speed, power_consumption, predicted_failure_type, predicted_rul, pressure, recommended_action, remaining_useful_life, requires_immediate_action, risk_level, risk_score, severity, temperature, thermal_stress, timestamp, vibration, voltage) 
    values
        (?, ?, ?, ?, ?, ?, ?, ?, ?, ?, ?, ?, ?, ?, ?, ?, ?, ?, ?, ?, ?, ?, ?, ?, ?, ?, ?, ?, ?, ?, ?)
2026-05-29T12:38:27.986+01:00 DEBUG 5656 --- [predictive-maintenance-backend] [MessageBroker-6] c.p.p.w.service.MachineStreamingService  : Stored prediction history for machine 10
2026-05-29T12:38:27.988+01:00 DEBUG 5656 --- [predictive-maintenance-backend] [MessageBroker-6] c.p.p.w.service.MachineStreamingService  : Streamed dataset-driven telemetry for 1 machines
2026-05-29T12:38:27.996+01:00 DEBUG 5656 --- [predictive-maintenance-backend] [MessageBroker-6] org.hibernate.SQL                        : 
    update
        machines 
    set
        category=?,
        description=?,
        installation_date=?,
        last_maintenance_date=?,
        last_modified_date=?,
        location=?,
        manufacturer=?,
        model=?,
        name=?,
        next_maintenance_date=?,
        operating_hours=?,
        photo_content_type=?,
        photo_path=?,
        risk_score=?,
        serial_number=?,
        status=?,
        sub_category=? 
    where
        id=?
2026-05-29T12:38:28.661+01:00 DEBUG 5656 --- [predictive-maintenance-backend] [http-nio-8080-exec-7] o.s.security.web.FilterChainProxy        : Securing OPTIONS /api/v1/machines?page=0&size=1000
2026-05-29T12:38:28.675+01:00 DEBUG 5656 --- [predictive-maintenance-backend] [http-nio-8080-exec-10] o.s.security.web.FilterChainProxy        : Securing GET /api/v1/machines?page=0&size=1000
2026-05-29T12:38:28.694+01:00 DEBUG 5656 --- [predictive-maintenance-backend] [http-nio-8080-exec-10] o.s.security.web.FilterChainProxy        : Secured GET /api/v1/machines?page=0&size=1000
2026-05-29T12:38:28.701+01:00 DEBUG 5656 --- [predictive-maintenance-backend] [http-nio-8080-exec-10] org.hibernate.SQL                        : 
    select
        m1_0.id,
        m1_0.category,
        m1_0.created_date,
        m1_0.description,
        m1_0.installation_date,
        m1_0.last_maintenance_date,
        m1_0.last_modified_date,
        m1_0.location,
        m1_0.manufacturer,
        m1_0.model,
        m1_0.name,
        m1_0.next_maintenance_date,
        m1_0.operating_hours,
        m1_0.photo_content_type,
        m1_0.photo_path,
        m1_0.risk_score,
        m1_0.serial_number,
        m1_0.status,
        m1_0.sub_category 
    from
        machines m1_0
2026-05-29T12:38:28.731+01:00 DEBUG 5656 --- [predictive-maintenance-backend] [http-nio-8080-exec-2] o.s.security.web.FilterChainProxy        : Securing GET /ws-nlp/info?t=1780054708726
2026-05-29T12:38:28.738+01:00 DEBUG 5656 --- [predictive-maintenance-backend] [http-nio-8080-exec-2] o.s.s.w.a.AnonymousAuthenticationFilter  : Set SecurityContextHolder to anonymous SecurityContext
2026-05-29T12:38:28.762+01:00 DEBUG 5656 --- [predictive-maintenance-backend] [http-nio-8080-exec-2] o.s.security.web.FilterChainProxy        : Secured GET /ws-nlp/info?t=1780054708726
2026-05-29T12:38:28.796+01:00 DEBUG 5656 --- [predictive-maintenance-backend] [http-nio-8080-exec-8] o.s.security.web.FilterChainProxy        : Securing GET /ws-nlp/802/4mfhrp2x/websocket
2026-05-29T12:38:28.798+01:00 DEBUG 5656 --- [predictive-maintenance-backend] [http-nio-8080-exec-8] o.s.s.w.a.AnonymousAuthenticationFilter  : Set SecurityContextHolder to anonymous SecurityContext
2026-05-29T12:38:28.807+01:00 DEBUG 5656 --- [predictive-maintenance-backend] [http-nio-8080-exec-8] o.s.security.web.FilterChainProxy        : Secured GET /ws-nlp/802/4mfhrp2x/websocket
2026-05-29T12:38:29.762+01:00 DEBUG 5656 --- [predictive-maintenance-backend] [MessageBroker-16] org.hibernate.SQL                        : 
    select
        m1_0.id,
        m1_0.category,
        m1_0.created_date,
        m1_0.description,
        m1_0.installation_date,
        m1_0.last_maintenance_date,
        m1_0.last_modified_date,
        m1_0.location,
        m1_0.manufacturer,
        m1_0.model,
        m1_0.name,
        m1_0.next_maintenance_date,
        m1_0.operating_hours,
        m1_0.photo_content_type,
        m1_0.photo_path,
        m1_0.risk_score,
        m1_0.serial_number,
        m1_0.status,
        m1_0.sub_category 
    from
        machines m1_0
2026-05-29T12:38:29.764+01:00 DEBUG 5656 --- [predictive-maintenance-backend] [MessageBroker-16] org.hibernate.SQL                        : 
    insert 
    into
        sensor_telemetry
        (created_at, machine_id, sensor1, sensor10, sensor11, sensor12, sensor13, sensor14, sensor15, sensor16, sensor17, sensor18, sensor19, sensor2, sensor20, sensor21, sensor3, sensor4, sensor5, sensor6, sensor7, sensor8, sensor9, setting1, setting2, setting3, timestamp) 
    values
        (?, ?, ?, ?, ?, ?, ?, ?, ?, ?, ?, ?, ?, ?, ?, ?, ?, ?, ?, ?, ?, ?, ?, ?, ?, ?, ?)
2026-05-29T12:38:29.766+01:00 DEBUG 5656 --- [predictive-maintenance-backend] [MessageBroker-16] c.p.p.ml.service.MLServiceClient         : Calling ML service for machine 10: http://localhost:8000/predict
2026-05-29T12:38:29.914+01:00 DEBUG 5656 --- [predictive-maintenance-backend] [MessageBroker-16] c.p.p.ml.service.MLServiceClient         : ML prediction received for machine 10: RUL=82.93, anomaly=0.28, risk=MEDIUM
2026-05-29T12:38:29.915+01:00 DEBUG 5656 --- [predictive-maintenance-backend] [MessageBroker-16] org.hibernate.SQL                        : 
    insert 
    into
        prediction_history
        (ambient_temperature, anomaly_probability, anomaly_type, bearing_wear, confidence_score, created_at, current, efficiency_score, failure_probability, fatigue_index, health, load_factor, lubrication_level, machine_id, ml_prediction_available, operating_speed, power_consumption, predicted_failure_type, predicted_rul, pressure, recommended_action, remaining_useful_life, requires_immediate_action, risk_level, risk_score, severity, temperature, thermal_stress, timestamp, vibration, voltage) 
    values
        (?, ?, ?, ?, ?, ?, ?, ?, ?, ?, ?, ?, ?, ?, ?, ?, ?, ?, ?, ?, ?, ?, ?, ?, ?, ?, ?, ?, ?, ?, ?)
2026-05-29T12:38:29.917+01:00 DEBUG 5656 --- [predictive-maintenance-backend] [MessageBroker-16] c.p.p.w.service.MachineStreamingService  : Stored prediction history for machine 10
2026-05-29T12:38:29.919+01:00 DEBUG 5656 --- [predictive-maintenance-backend] [MessageBroker-16] c.p.p.w.service.MachineStreamingService  : Streamed dataset-driven telemetry for 1 machines
2026-05-29T12:38:29.924+01:00 DEBUG 5656 --- [predictive-maintenance-backend] [MessageBroker-16] org.hibernate.SQL                        : 
    update
        machines 
    set
        category=?,
        description=?,
        installation_date=?,
        last_maintenance_date=?,
        last_modified_date=?,
        location=?,
        manufacturer=?,
        model=?,
        name=?,
        next_maintenance_date=?,
        operating_hours=?,
        photo_content_type=?,
        photo_path=?,
        risk_score=?,
        serial_number=?,
        status=?,
        sub_category=? 
    where
        id=?
2026-05-29T12:38:31.758+01:00 DEBUG 5656 --- [predictive-maintenance-backend] [MessageBroker-16] org.hibernate.SQL                        : 
    select
        m1_0.id,
        m1_0.category,
        m1_0.created_date,
        m1_0.description,
        m1_0.installation_date,
        m1_0.last_maintenance_date,
        m1_0.last_modified_date,
        m1_0.location,
        m1_0.manufacturer,
        m1_0.model,
        m1_0.name,
        m1_0.next_maintenance_date,
        m1_0.operating_hours,
        m1_0.photo_content_type,
        m1_0.photo_path,
        m1_0.risk_score,
        m1_0.serial_number,
        m1_0.status,
        m1_0.sub_category 
    from
        machines m1_0
2026-05-29T12:38:31.761+01:00 DEBUG 5656 --- [predictive-maintenance-backend] [MessageBroker-16] org.hibernate.SQL                        : 
    insert 
    into
        sensor_telemetry
        (created_at, machine_id, sensor1, sensor10, sensor11, sensor12, sensor13, sensor14, sensor15, sensor16, sensor17, sensor18, sensor19, sensor2, sensor20, sensor21, sensor3, sensor4, sensor5, sensor6, sensor7, sensor8, sensor9, setting1, setting2, setting3, timestamp) 
    values
        (?, ?, ?, ?, ?, ?, ?, ?, ?, ?, ?, ?, ?, ?, ?, ?, ?, ?, ?, ?, ?, ?, ?, ?, ?, ?, ?)
2026-05-29T12:38:31.763+01:00 DEBUG 5656 --- [predictive-maintenance-backend] [MessageBroker-16] c.p.p.ml.service.MLServiceClient         : Calling ML service for machine 10: http://localhost:8000/predict
2026-05-29T12:38:31.951+01:00 DEBUG 5656 --- [predictive-maintenance-backend] [MessageBroker-16] c.p.p.ml.service.MLServiceClient         : ML prediction received for machine 10: RUL=83.46, anomaly=0.28, risk=MEDIUM
2026-05-29T12:38:31.952+01:00 DEBUG 5656 --- [predictive-maintenance-backend] [MessageBroker-16] org.hibernate.SQL                        : 
    insert 
    into
        prediction_history
        (ambient_temperature, anomaly_probability, anomaly_type, bearing_wear, confidence_score, created_at, current, efficiency_score, failure_probability, fatigue_index, health, load_factor, lubrication_level, machine_id, ml_prediction_available, operating_speed, power_consumption, predicted_failure_type, predicted_rul, pressure, recommended_action, remaining_useful_life, requires_immediate_action, risk_level, risk_score, severity, temperature, thermal_stress, timestamp, vibration, voltage) 
    values
        (?, ?, ?, ?, ?, ?, ?, ?, ?, ?, ?, ?, ?, ?, ?, ?, ?, ?, ?, ?, ?, ?, ?, ?, ?, ?, ?, ?, ?, ?, ?)
2026-05-29T12:38:31.956+01:00 DEBUG 5656 --- [predictive-maintenance-backend] [MessageBroker-16] c.p.p.w.service.MachineStreamingService  : Stored prediction history for machine 10
2026-05-29T12:38:31.957+01:00 DEBUG 5656 --- [predictive-maintenance-backend] [MessageBroker-16] c.p.p.w.service.MachineStreamingService  : Streamed dataset-driven telemetry for 1 machines
2026-05-29T12:38:31.958+01:00 DEBUG 5656 --- [predictive-maintenance-backend] [MessageBroker-16] org.hibernate.SQL                        : 
    update
        machines 
    set
        category=?,
        description=?,
        installation_date=?,
        last_maintenance_date=?,
        last_modified_date=?,
        location=?,
        manufacturer=?,
        model=?,
        name=?,
        next_maintenance_date=?,
        operating_hours=?,
        photo_content_type=?,
        photo_path=?,
        risk_score=?,
        serial_number=?,
        status=?,
        sub_category=? 
    where
        id=?
2026-05-29T12:38:32.071+01:00 DEBUG 5656 --- [predictive-maintenance-backend] [http-nio-8080-exec-1] o.s.security.web.FilterChainProxy        : Securing GET /api/v1/notifications?role=TECHNICIAN
2026-05-29T12:38:32.088+01:00 DEBUG 5656 --- [predictive-maintenance-backend] [http-nio-8080-exec-1] o.s.security.web.FilterChainProxy        : Secured GET /api/v1/notifications?role=TECHNICIAN
2026-05-29T12:38:32.094+01:00 DEBUG 5656 --- [predictive-maintenance-backend] [http-nio-8080-exec-1] horizationManagerBeforeMethodInterceptor : Authorizing method invocation ReflectiveMethodInvocation: public org.springframework.http.ResponseEntity com.pfe.predictive.notification.controller.NotificationController.getNotifications(java.lang.String); target is of class [com.pfe.predictive.notification.controller.NotificationController]
2026-05-29T12:38:32.096+01:00 DEBUG 5656 --- [predictive-maintenance-backend] [http-nio-8080-exec-5] o.s.security.web.FilterChainProxy        : Securing GET /api/v1/notifications/unread-count
2026-05-29T12:38:32.096+01:00 DEBUG 5656 --- [predictive-maintenance-backend] [http-nio-8080-exec-1] horizationManagerBeforeMethodInterceptor : Authorized method invocation ReflectiveMethodInvocation: public org.springframework.http.ResponseEntity com.pfe.predictive.notification.controller.NotificationController.getNotifications(java.lang.String); target is of class [com.pfe.predictive.notification.controller.NotificationController]
2026-05-29T12:38:32.107+01:00 DEBUG 5656 --- [predictive-maintenance-backend] [http-nio-8080-exec-1] org.hibernate.SQL                        : 
    select
        n1_0.id,
        n1_0.body,
        n1_0.created_at,
        n1_0.is_read,
        n1_0.machine_id,
        n1_0.prediction_record_id,
        n1_0.risk_level,
        n1_0.target_roles,
        n1_0.title 
    from
        notifications n1_0 
    where
        n1_0.target_roles like ? escape '\' 
    order by
        n1_0.created_at desc
2026-05-29T12:38:32.129+01:00 DEBUG 5656 --- [predictive-maintenance-backend] [http-nio-8080-exec-5] o.s.security.web.FilterChainProxy        : Secured GET /api/v1/notifications/unread-count
2026-05-29T12:38:32.131+01:00 DEBUG 5656 --- [predictive-maintenance-backend] [http-nio-8080-exec-5] horizationManagerBeforeMethodInterceptor : Authorizing method invocation ReflectiveMethodInvocation: public org.springframework.http.ResponseEntity com.pfe.predictive.notification.controller.NotificationController.getUnreadCount(); target is of class [com.pfe.predictive.notification.controller.NotificationController]
2026-05-29T12:38:32.134+01:00 DEBUG 5656 --- [predictive-maintenance-backend] [http-nio-8080-exec-5] horizationManagerBeforeMethodInterceptor : Authorized method invocation ReflectiveMethodInvocation: public org.springframework.http.ResponseEntity com.pfe.predictive.notification.controller.NotificationController.getUnreadCount(); target is of class [com.pfe.predictive.notification.controller.NotificationController]
2026-05-29T12:38:32.138+01:00 DEBUG 5656 --- [predictive-maintenance-backend] [http-nio-8080-exec-5] org.hibernate.SQL                        : 
    select
        count(n1_0.id) 
    from
        notifications n1_0 
    where
        not(n1_0.is_read)
2026-05-29T12:38:33.755+01:00 DEBUG 5656 --- [predictive-maintenance-backend] [MessageBroker-16] org.hibernate.SQL                        : 
    select
        m1_0.id,
        m1_0.category,
        m1_0.created_date,
        m1_0.description,
        m1_0.installation_date,
        m1_0.last_maintenance_date,
        m1_0.last_modified_date,
        m1_0.location,
        m1_0.manufacturer,
        m1_0.model,
        m1_0.name,
        m1_0.next_maintenance_date,
        m1_0.operating_hours,
        m1_0.photo_content_type,
        m1_0.photo_path,
        m1_0.risk_score,
        m1_0.serial_number,
        m1_0.status,
        m1_0.sub_category 
    from
        machines m1_0
2026-05-29T12:38:33.759+01:00 DEBUG 5656 --- [predictive-maintenance-backend] [MessageBroker-16] org.hibernate.SQL                        : 
    insert 
    into
        sensor_telemetry
        (created_at, machine_id, sensor1, sensor10, sensor11, sensor12, sensor13, sensor14, sensor15, sensor16, sensor17, sensor18, sensor19, sensor2, sensor20, sensor21, sensor3, sensor4, sensor5, sensor6, sensor7, sensor8, sensor9, setting1, setting2, setting3, timestamp) 
    values
        (?, ?, ?, ?, ?, ?, ?, ?, ?, ?, ?, ?, ?, ?, ?, ?, ?, ?, ?, ?, ?, ?, ?, ?, ?, ?, ?)
2026-05-29T12:38:33.762+01:00 DEBUG 5656 --- [predictive-maintenance-backend] [MessageBroker-16] c.p.p.ml.service.MLServiceClient         : Calling ML service for machine 10: http://localhost:8000/predict
2026-05-29T12:38:33.964+01:00 DEBUG 5656 --- [predictive-maintenance-backend] [MessageBroker-16] c.p.p.ml.service.MLServiceClient         : ML prediction received for machine 10: RUL=84.65, anomaly=0.281, risk=MEDIUM
2026-05-29T12:38:33.967+01:00 DEBUG 5656 --- [predictive-maintenance-backend] [MessageBroker-16] org.hibernate.SQL                        : 
    insert 
    into
        prediction_history
        (ambient_temperature, anomaly_probability, anomaly_type, bearing_wear, confidence_score, created_at, current, efficiency_score, failure_probability, fatigue_index, health, load_factor, lubrication_level, machine_id, ml_prediction_available, operating_speed, power_consumption, predicted_failure_type, predicted_rul, pressure, recommended_action, remaining_useful_life, requires_immediate_action, risk_level, risk_score, severity, temperature, thermal_stress, timestamp, vibration, voltage) 
    values
        (?, ?, ?, ?, ?, ?, ?, ?, ?, ?, ?, ?, ?, ?, ?, ?, ?, ?, ?, ?, ?, ?, ?, ?, ?, ?, ?, ?, ?, ?, ?)
2026-05-29T12:38:33.972+01:00 DEBUG 5656 --- [predictive-maintenance-backend] [MessageBroker-16] c.p.p.w.service.MachineStreamingService  : Stored prediction history for machine 10
2026-05-29T12:38:33.973+01:00 DEBUG 5656 --- [predictive-maintenance-backend] [MessageBroker-16] c.p.p.w.service.MachineStreamingService  : Streamed dataset-driven telemetry for 1 machines
2026-05-29T12:38:33.977+01:00 DEBUG 5656 --- [predictive-maintenance-backend] [MessageBroker-16] org.hibernate.SQL                        : 
    update
        machines 
    set
        category=?,
        description=?,
        installation_date=?,
        last_maintenance_date=?,
        last_modified_date=?,
        location=?,
        manufacturer=?,
        model=?,
        name=?,
        next_maintenance_date=?,
        operating_hours=?,
        photo_content_type=?,
        photo_path=?,
        risk_score=?,
        serial_number=?,
        status=?,
        sub_category=? 
    where
        id=?
2026-05-29T12:38:35.764+01:00 DEBUG 5656 --- [predictive-maintenance-backend] [MessageBroker-3] org.hibernate.SQL                        : 
    select
        m1_0.id,
        m1_0.category,
        m1_0.created_date,
        m1_0.description,
        m1_0.installation_date,
        m1_0.last_maintenance_date,
        m1_0.last_modified_date,
        m1_0.location,
        m1_0.manufacturer,
        m1_0.model,
        m1_0.name,
        m1_0.next_maintenance_date,
        m1_0.operating_hours,
        m1_0.photo_content_type,
        m1_0.photo_path,
        m1_0.risk_score,
        m1_0.serial_number,
        m1_0.status,
        m1_0.sub_category 
    from
        machines m1_0
2026-05-29T12:38:35.768+01:00 DEBUG 5656 --- [predictive-maintenance-backend] [MessageBroker-3] org.hibernate.SQL                        : 
    insert 
    into
        sensor_telemetry
        (created_at, machine_id, sensor1, sensor10, sensor11, sensor12, sensor13, sensor14, sensor15, sensor16, sensor17, sensor18, sensor19, sensor2, sensor20, sensor21, sensor3, sensor4, sensor5, sensor6, sensor7, sensor8, sensor9, setting1, setting2, setting3, timestamp) 
    values
        (?, ?, ?, ?, ?, ?, ?, ?, ?, ?, ?, ?, ?, ?, ?, ?, ?, ?, ?, ?, ?, ?, ?, ?, ?, ?, ?)
2026-05-29T12:38:35.772+01:00 DEBUG 5656 --- [predictive-maintenance-backend] [MessageBroker-3] c.p.p.ml.service.MLServiceClient         : Calling ML service for machine 10: http://localhost:8000/predict
2026-05-29T12:38:35.974+01:00 DEBUG 5656 --- [predictive-maintenance-backend] [MessageBroker-3] c.p.p.ml.service.MLServiceClient         : ML prediction received for machine 10: RUL=85.75, anomaly=0.281, risk=MEDIUM
2026-05-29T12:38:35.976+01:00 DEBUG 5656 --- [predictive-maintenance-backend] [MessageBroker-3] org.hibernate.SQL                        : 
    insert 
    into
        prediction_history
        (ambient_temperature, anomaly_probability, anomaly_type, bearing_wear, confidence_score, created_at, current, efficiency_score, failure_probability, fatigue_index, health, load_factor, lubrication_level, machine_id, ml_prediction_available, operating_speed, power_consumption, predicted_failure_type, predicted_rul, pressure, recommended_action, remaining_useful_life, requires_immediate_action, risk_level, risk_score, severity, temperature, thermal_stress, timestamp, vibration, voltage) 
    values
        (?, ?, ?, ?, ?, ?, ?, ?, ?, ?, ?, ?, ?, ?, ?, ?, ?, ?, ?, ?, ?, ?, ?, ?, ?, ?, ?, ?, ?, ?, ?)
2026-05-29T12:38:35.981+01:00 DEBUG 5656 --- [predictive-maintenance-backend] [MessageBroker-3] c.p.p.w.service.MachineStreamingService  : Stored prediction history for machine 10
2026-05-29T12:38:35.984+01:00 DEBUG 5656 --- [predictive-maintenance-backend] [MessageBroker-3] c.p.p.w.service.MachineStreamingService  : Streamed dataset-driven telemetry for 1 machines
2026-05-29T12:38:35.987+01:00 DEBUG 5656 --- [predictive-maintenance-backend] [MessageBroker-3] org.hibernate.SQL                        : 
    update
        machines 
    set
        category=?,
        description=?,
        installation_date=?,
        last_maintenance_date=?,
        last_modified_date=?,
        location=?,
        manufacturer=?,
        model=?,
        name=?,
        next_maintenance_date=?,
        operating_hours=?,
        photo_content_type=?,
        photo_path=?,
        risk_score=?,
        serial_number=?,
        status=?,
        sub_category=? 
    where
        id=?
2026-05-29T12:38:37.761+01:00 DEBUG 5656 --- [predictive-maintenance-backend] [MessageBroker-3] org.hibernate.SQL                        : 
    select
        m1_0.id,
        m1_0.category,
        m1_0.created_date,
        m1_0.description,
        m1_0.installation_date,
        m1_0.last_maintenance_date,
        m1_0.last_modified_date,
        m1_0.location,
        m1_0.manufacturer,
        m1_0.model,
        m1_0.name,
        m1_0.next_maintenance_date,
        m1_0.operating_hours,
        m1_0.photo_content_type,
        m1_0.photo_path,
        m1_0.risk_score,
        m1_0.serial_number,
        m1_0.status,
        m1_0.sub_category 
    from
        machines m1_0
2026-05-29T12:38:37.767+01:00 DEBUG 5656 --- [predictive-maintenance-backend] [MessageBroker-3] org.hibernate.SQL                        : 
    insert 
    into
        sensor_telemetry
        (created_at, machine_id, sensor1, sensor10, sensor11, sensor12, sensor13, sensor14, sensor15, sensor16, sensor17, sensor18, sensor19, sensor2, sensor20, sensor21, sensor3, sensor4, sensor5, sensor6, sensor7, sensor8, sensor9, setting1, setting2, setting3, timestamp) 
    values
        (?, ?, ?, ?, ?, ?, ?, ?, ?, ?, ?, ?, ?, ?, ?, ?, ?, ?, ?, ?, ?, ?, ?, ?, ?, ?, ?)
2026-05-29T12:38:37.771+01:00 DEBUG 5656 --- [predictive-maintenance-backend] [MessageBroker-3] c.p.p.ml.service.MLServiceClient         : Calling ML service for machine 10: http://localhost:8000/predict
2026-05-29T12:38:37.979+01:00 DEBUG 5656 --- [predictive-maintenance-backend] [MessageBroker-3] c.p.p.ml.service.MLServiceClient         : ML prediction received for machine 10: RUL=86.71, anomaly=0.281, risk=MEDIUM
2026-05-29T12:38:37.981+01:00 DEBUG 5656 --- [predictive-maintenance-backend] [MessageBroker-3] org.hibernate.SQL                        : 
    insert 
    into
        prediction_history
        (ambient_temperature, anomaly_probability, anomaly_type, bearing_wear, confidence_score, created_at, current, efficiency_score, failure_probability, fatigue_index, health, load_factor, lubrication_level, machine_id, ml_prediction_available, operating_speed, power_consumption, predicted_failure_type, predicted_rul, pressure, recommended_action, remaining_useful_life, requires_immediate_action, risk_level, risk_score, severity, temperature, thermal_stress, timestamp, vibration, voltage) 
    values
        (?, ?, ?, ?, ?, ?, ?, ?, ?, ?, ?, ?, ?, ?, ?, ?, ?, ?, ?, ?, ?, ?, ?, ?, ?, ?, ?, ?, ?, ?, ?)
2026-05-29T12:38:37.985+01:00 DEBUG 5656 --- [predictive-maintenance-backend] [MessageBroker-3] c.p.p.w.service.MachineStreamingService  : Stored prediction history for machine 10
2026-05-29T12:38:37.987+01:00 DEBUG 5656 --- [predictive-maintenance-backend] [MessageBroker-3] c.p.p.w.service.MachineStreamingService  : Streamed dataset-driven telemetry for 1 machines
2026-05-29T12:38:37.997+01:00 DEBUG 5656 --- [predictive-maintenance-backend] [MessageBroker-3] org.hibernate.SQL                        : 
    update
        machines 
    set
        category=?,
        description=?,
        installation_date=?,
        last_maintenance_date=?,
        last_modified_date=?,
        location=?,
        manufacturer=?,
        model=?,
        name=?,
        next_maintenance_date=?,
        operating_hours=?,
        photo_content_type=?,
        photo_path=?,
        risk_score=?,
        serial_number=?,
        status=?,
        sub_category=? 
    where
        id=?
2026-05-29T12:38:39.758+01:00 DEBUG 5656 --- [predictive-maintenance-backend] [MessageBroker-7] org.hibernate.SQL                        : 
    select
        m1_0.id,
        m1_0.category,
        m1_0.created_date,
        m1_0.description,
        m1_0.installation_date,
        m1_0.last_maintenance_date,
        m1_0.last_modified_date,
        m1_0.location,
        m1_0.manufacturer,
        m1_0.model,
        m1_0.name,
        m1_0.next_maintenance_date,
        m1_0.operating_hours,
        m1_0.photo_content_type,
        m1_0.photo_path,
        m1_0.risk_score,
        m1_0.serial_number,
        m1_0.status,
        m1_0.sub_category 
    from
        machines m1_0
2026-05-29T12:38:39.762+01:00 DEBUG 5656 --- [predictive-maintenance-backend] [MessageBroker-7] org.hibernate.SQL                        : 
    insert 
    into
        sensor_telemetry
        (created_at, machine_id, sensor1, sensor10, sensor11, sensor12, sensor13, sensor14, sensor15, sensor16, sensor17, sensor18, sensor19, sensor2, sensor20, sensor21, sensor3, sensor4, sensor5, sensor6, sensor7, sensor8, sensor9, setting1, setting2, setting3, timestamp) 
    values
        (?, ?, ?, ?, ?, ?, ?, ?, ?, ?, ?, ?, ?, ?, ?, ?, ?, ?, ?, ?, ?, ?, ?, ?, ?, ?, ?)
2026-05-29T12:38:39.764+01:00 DEBUG 5656 --- [predictive-maintenance-backend] [MessageBroker-7] c.p.p.ml.service.MLServiceClient         : Calling ML service for machine 10: http://localhost:8000/predict
2026-05-29T12:38:39.973+01:00 DEBUG 5656 --- [predictive-maintenance-backend] [MessageBroker-7] c.p.p.ml.service.MLServiceClient         : ML prediction received for machine 10: RUL=88.09, anomaly=0.281, risk=MEDIUM
2026-05-29T12:38:39.977+01:00 DEBUG 5656 --- [predictive-maintenance-backend] [MessageBroker-7] org.hibernate.SQL                        : 
    insert 
    into
        prediction_history
        (ambient_temperature, anomaly_probability, anomaly_type, bearing_wear, confidence_score, created_at, current, efficiency_score, failure_probability, fatigue_index, health, load_factor, lubrication_level, machine_id, ml_prediction_available, operating_speed, power_consumption, predicted_failure_type, predicted_rul, pressure, recommended_action, remaining_useful_life, requires_immediate_action, risk_level, risk_score, severity, temperature, thermal_stress, timestamp, vibration, voltage) 
    values
        (?, ?, ?, ?, ?, ?, ?, ?, ?, ?, ?, ?, ?, ?, ?, ?, ?, ?, ?, ?, ?, ?, ?, ?, ?, ?, ?, ?, ?, ?, ?)
2026-05-29T12:38:39.982+01:00 DEBUG 5656 --- [predictive-maintenance-backend] [MessageBroker-7] c.p.p.w.service.MachineStreamingService  : Stored prediction history for machine 10
2026-05-29T12:38:39.984+01:00 DEBUG 5656 --- [predictive-maintenance-backend] [MessageBroker-7] c.p.p.w.service.MachineStreamingService  : Streamed dataset-driven telemetry for 1 machines
2026-05-29T12:38:39.991+01:00 DEBUG 5656 --- [predictive-maintenance-backend] [MessageBroker-7] org.hibernate.SQL                        : 
    update
        machines 
    set
        category=?,
        description=?,
        installation_date=?,
        last_maintenance_date=?,
        last_modified_date=?,
        location=?,
        manufacturer=?,
        model=?,
        name=?,
        next_maintenance_date=?,
        operating_hours=?,
        photo_content_type=?,
        photo_path=?,
        risk_score=?,
        serial_number=?,
        status=?,
        sub_category=? 
    where
        id=?
2026-05-29T12:38:41.762+01:00 DEBUG 5656 --- [predictive-maintenance-backend] [MessageBroker-7] org.hibernate.SQL                        : 
    select
        m1_0.id,
        m1_0.category,
        m1_0.created_date,
        m1_0.description,
        m1_0.installation_date,
        m1_0.last_maintenance_date,
        m1_0.last_modified_date,
        m1_0.location,
        m1_0.manufacturer,
        m1_0.model,
        m1_0.name,
        m1_0.next_maintenance_date,
        m1_0.operating_hours,
        m1_0.photo_content_type,
        m1_0.photo_path,
        m1_0.risk_score,
        m1_0.serial_number,
        m1_0.status,
        m1_0.sub_category 
    from
        machines m1_0
2026-05-29T12:38:41.767+01:00 DEBUG 5656 --- [predictive-maintenance-backend] [MessageBroker-7] org.hibernate.SQL                        : 
    insert 
    into
        sensor_telemetry
        (created_at, machine_id, sensor1, sensor10, sensor11, sensor12, sensor13, sensor14, sensor15, sensor16, sensor17, sensor18, sensor19, sensor2, sensor20, sensor21, sensor3, sensor4, sensor5, sensor6, sensor7, sensor8, sensor9, setting1, setting2, setting3, timestamp) 
    values
        (?, ?, ?, ?, ?, ?, ?, ?, ?, ?, ?, ?, ?, ?, ?, ?, ?, ?, ?, ?, ?, ?, ?, ?, ?, ?, ?)
2026-05-29T12:38:41.769+01:00 DEBUG 5656 --- [predictive-maintenance-backend] [MessageBroker-7] c.p.p.ml.service.MLServiceClient         : Calling ML service for machine 10: http://localhost:8000/predict
2026-05-29T12:38:41.965+01:00 DEBUG 5656 --- [predictive-maintenance-backend] [MessageBroker-7] c.p.p.ml.service.MLServiceClient         : ML prediction received for machine 10: RUL=89.2, anomaly=0.28, risk=MEDIUM
2026-05-29T12:38:41.968+01:00 DEBUG 5656 --- [predictive-maintenance-backend] [MessageBroker-7] org.hibernate.SQL                        : 
    insert 
    into
        prediction_history
        (ambient_temperature, anomaly_probability, anomaly_type, bearing_wear, confidence_score, created_at, current, efficiency_score, failure_probability, fatigue_index, health, load_factor, lubrication_level, machine_id, ml_prediction_available, operating_speed, power_consumption, predicted_failure_type, predicted_rul, pressure, recommended_action, remaining_useful_life, requires_immediate_action, risk_level, risk_score, severity, temperature, thermal_stress, timestamp, vibration, voltage) 
    values
        (?, ?, ?, ?, ?, ?, ?, ?, ?, ?, ?, ?, ?, ?, ?, ?, ?, ?, ?, ?, ?, ?, ?, ?, ?, ?, ?, ?, ?, ?, ?)
2026-05-29T12:38:41.974+01:00 DEBUG 5656 --- [predictive-maintenance-backend] [MessageBroker-7] c.p.p.w.service.MachineStreamingService  : Stored prediction history for machine 10
2026-05-29T12:38:41.977+01:00 DEBUG 5656 --- [predictive-maintenance-backend] [MessageBroker-7] c.p.p.w.service.MachineStreamingService  : Streamed dataset-driven telemetry for 1 machines
2026-05-29T12:38:41.981+01:00 DEBUG 5656 --- [predictive-maintenance-backend] [MessageBroker-7] org.hibernate.SQL                        : 
    update
        machines 
    set
        category=?,
        description=?,
        installation_date=?,
        last_maintenance_date=?,
        last_modified_date=?,
        location=?,
        manufacturer=?,
        model=?,
        name=?,
        next_maintenance_date=?,
        operating_hours=?,
        photo_content_type=?,
        photo_path=?,
        risk_score=?,
        serial_number=?,
        status=?,
        sub_category=? 
    where
        id=?
2026-05-29T12:38:43.757+01:00 DEBUG 5656 --- [predictive-maintenance-backend] [MessageBroker-7] org.hibernate.SQL                        : 
    select
        m1_0.id,
        m1_0.category,
        m1_0.created_date,
        m1_0.description,
        m1_0.installation_date,
        m1_0.last_maintenance_date,
        m1_0.last_modified_date,
        m1_0.location,
        m1_0.manufacturer,
        m1_0.model,
        m1_0.name,
        m1_0.next_maintenance_date,
        m1_0.operating_hours,
        m1_0.photo_content_type,
        m1_0.photo_path,
        m1_0.risk_score,
        m1_0.serial_number,
        m1_0.status,
        m1_0.sub_category 
    from
        machines m1_0
2026-05-29T12:38:43.761+01:00 DEBUG 5656 --- [predictive-maintenance-backend] [MessageBroker-7] org.hibernate.SQL                        : 
    insert 
    into
        sensor_telemetry
        (created_at, machine_id, sensor1, sensor10, sensor11, sensor12, sensor13, sensor14, sensor15, sensor16, sensor17, sensor18, sensor19, sensor2, sensor20, sensor21, sensor3, sensor4, sensor5, sensor6, sensor7, sensor8, sensor9, setting1, setting2, setting3, timestamp) 
    values
        (?, ?, ?, ?, ?, ?, ?, ?, ?, ?, ?, ?, ?, ?, ?, ?, ?, ?, ?, ?, ?, ?, ?, ?, ?, ?, ?)
2026-05-29T12:38:43.764+01:00 DEBUG 5656 --- [predictive-maintenance-backend] [MessageBroker-7] c.p.p.ml.service.MLServiceClient         : Calling ML service for machine 10: http://localhost:8000/predict
2026-05-29T12:38:43.985+01:00 DEBUG 5656 --- [predictive-maintenance-backend] [MessageBroker-7] c.p.p.ml.service.MLServiceClient         : ML prediction received for machine 10: RUL=90.69, anomaly=0.28, risk=MEDIUM
2026-05-29T12:38:43.987+01:00 DEBUG 5656 --- [predictive-maintenance-backend] [MessageBroker-7] org.hibernate.SQL                        : 
    insert 
    into
        prediction_history
        (ambient_temperature, anomaly_probability, anomaly_type, bearing_wear, confidence_score, created_at, current, efficiency_score, failure_probability, fatigue_index, health, load_factor, lubrication_level, machine_id, ml_prediction_available, operating_speed, power_consumption, predicted_failure_type, predicted_rul, pressure, recommended_action, remaining_useful_life, requires_immediate_action, risk_level, risk_score, severity, temperature, thermal_stress, timestamp, vibration, voltage) 
    values
        (?, ?, ?, ?, ?, ?, ?, ?, ?, ?, ?, ?, ?, ?, ?, ?, ?, ?, ?, ?, ?, ?, ?, ?, ?, ?, ?, ?, ?, ?, ?)
2026-05-29T12:38:43.993+01:00 DEBUG 5656 --- [predictive-maintenance-backend] [MessageBroker-7] c.p.p.w.service.MachineStreamingService  : Stored prediction history for machine 10
2026-05-29T12:38:43.994+01:00 DEBUG 5656 --- [predictive-maintenance-backend] [MessageBroker-7] c.p.p.w.service.MachineStreamingService  : Streamed dataset-driven telemetry for 1 machines
2026-05-29T12:38:43.997+01:00 DEBUG 5656 --- [predictive-maintenance-backend] [MessageBroker-7] org.hibernate.SQL                        : 
    update
        machines 
    set
        category=?,
        description=?,
        installation_date=?,
        last_maintenance_date=?,
        last_modified_date=?,
        location=?,
        manufacturer=?,
        model=?,
        name=?,
        next_maintenance_date=?,
        operating_hours=?,
        photo_content_type=?,
        photo_path=?,
        risk_score=?,
        serial_number=?,
        status=?,
        sub_category=? 
    where
        id=?
2026-05-29T12:38:45.764+01:00 DEBUG 5656 --- [predictive-maintenance-backend] [MessageBroker-13] org.hibernate.SQL                        : 
    select
        m1_0.id,
        m1_0.category,
        m1_0.created_date,
        m1_0.description,
        m1_0.installation_date,
        m1_0.last_maintenance_date,
        m1_0.last_modified_date,
        m1_0.location,
        m1_0.manufacturer,
        m1_0.model,
        m1_0.name,
        m1_0.next_maintenance_date,
        m1_0.operating_hours,
        m1_0.photo_content_type,
        m1_0.photo_path,
        m1_0.risk_score,
        m1_0.serial_number,
        m1_0.status,
        m1_0.sub_category 
    from
        machines m1_0
2026-05-29T12:38:45.768+01:00 DEBUG 5656 --- [predictive-maintenance-backend] [MessageBroker-13] org.hibernate.SQL                        : 
    insert 
    into
        sensor_telemetry
        (created_at, machine_id, sensor1, sensor10, sensor11, sensor12, sensor13, sensor14, sensor15, sensor16, sensor17, sensor18, sensor19, sensor2, sensor20, sensor21, sensor3, sensor4, sensor5, sensor6, sensor7, sensor8, sensor9, setting1, setting2, setting3, timestamp) 
    values
        (?, ?, ?, ?, ?, ?, ?, ?, ?, ?, ?, ?, ?, ?, ?, ?, ?, ?, ?, ?, ?, ?, ?, ?, ?, ?, ?)
2026-05-29T12:38:45.772+01:00 DEBUG 5656 --- [predictive-maintenance-backend] [MessageBroker-13] c.p.p.ml.service.MLServiceClient         : Calling ML service for machine 10: http://localhost:8000/predict
2026-05-29T12:38:45.921+01:00 DEBUG 5656 --- [predictive-maintenance-backend] [MessageBroker-13] c.p.p.ml.service.MLServiceClient         : ML prediction received for machine 10: RUL=92.32, anomaly=0.279, risk=MEDIUM
2026-05-29T12:38:45.924+01:00 DEBUG 5656 --- [predictive-maintenance-backend] [MessageBroker-13] org.hibernate.SQL                        : 
    insert 
    into
        prediction_history
        (ambient_temperature, anomaly_probability, anomaly_type, bearing_wear, confidence_score, created_at, current, efficiency_score, failure_probability, fatigue_index, health, load_factor, lubrication_level, machine_id, ml_prediction_available, operating_speed, power_consumption, predicted_failure_type, predicted_rul, pressure, recommended_action, remaining_useful_life, requires_immediate_action, risk_level, risk_score, severity, temperature, thermal_stress, timestamp, vibration, voltage) 
    values
        (?, ?, ?, ?, ?, ?, ?, ?, ?, ?, ?, ?, ?, ?, ?, ?, ?, ?, ?, ?, ?, ?, ?, ?, ?, ?, ?, ?, ?, ?, ?)
2026-05-29T12:38:45.929+01:00 DEBUG 5656 --- [predictive-maintenance-backend] [MessageBroker-13] c.p.p.w.service.MachineStreamingService  : Stored prediction history for machine 10
2026-05-29T12:38:45.930+01:00 DEBUG 5656 --- [predictive-maintenance-backend] [MessageBroker-13] c.p.p.w.service.MachineStreamingService  : Streamed dataset-driven telemetry for 1 machines
2026-05-29T12:38:45.937+01:00 DEBUG 5656 --- [predictive-maintenance-backend] [MessageBroker-13] org.hibernate.SQL                        : 
    update
        machines 
    set
        category=?,
        description=?,
        installation_date=?,
        last_maintenance_date=?,
        last_modified_date=?,
        location=?,
        manufacturer=?,
        model=?,
        name=?,
        next_maintenance_date=?,
        operating_hours=?,
        photo_content_type=?,
        photo_path=?,
        risk_score=?,
        serial_number=?,
        status=?,
        sub_category=? 
    where
        id=?
2026-05-29T12:38:47.762+01:00 DEBUG 5656 --- [predictive-maintenance-backend] [MessageBroker-13] org.hibernate.SQL                        : 
    select
        m1_0.id,
        m1_0.category,
        m1_0.created_date,
        m1_0.description,
        m1_0.installation_date,
        m1_0.last_maintenance_date,
        m1_0.last_modified_date,
        m1_0.location,
        m1_0.manufacturer,
        m1_0.model,
        m1_0.name,
        m1_0.next_maintenance_date,
        m1_0.operating_hours,
        m1_0.photo_content_type,
        m1_0.photo_path,
        m1_0.risk_score,
        m1_0.serial_number,
        m1_0.status,
        m1_0.sub_category 
    from
        machines m1_0
2026-05-29T12:38:47.768+01:00 DEBUG 5656 --- [predictive-maintenance-backend] [MessageBroker-13] org.hibernate.SQL                        : 
    insert 
    into
        sensor_telemetry
        (created_at, machine_id, sensor1, sensor10, sensor11, sensor12, sensor13, sensor14, sensor15, sensor16, sensor17, sensor18, sensor19, sensor2, sensor20, sensor21, sensor3, sensor4, sensor5, sensor6, sensor7, sensor8, sensor9, setting1, setting2, setting3, timestamp) 
    values
        (?, ?, ?, ?, ?, ?, ?, ?, ?, ?, ?, ?, ?, ?, ?, ?, ?, ?, ?, ?, ?, ?, ?, ?, ?, ?, ?)
2026-05-29T12:38:47.772+01:00 DEBUG 5656 --- [predictive-maintenance-backend] [MessageBroker-13] c.p.p.ml.service.MLServiceClient         : Calling ML service for machine 10: http://localhost:8000/predict
2026-05-29T12:38:47.990+01:00 DEBUG 5656 --- [predictive-maintenance-backend] [MessageBroker-13] c.p.p.ml.service.MLServiceClient         : ML prediction received for machine 10: RUL=93.65, anomaly=0.278, risk=MEDIUM
2026-05-29T12:38:47.992+01:00 DEBUG 5656 --- [predictive-maintenance-backend] [MessageBroker-13] org.hibernate.SQL                        : 
    insert 
    into
        prediction_history
        (ambient_temperature, anomaly_probability, anomaly_type, bearing_wear, confidence_score, created_at, current, efficiency_score, failure_probability, fatigue_index, health, load_factor, lubrication_level, machine_id, ml_prediction_available, operating_speed, power_consumption, predicted_failure_type, predicted_rul, pressure, recommended_action, remaining_useful_life, requires_immediate_action, risk_level, risk_score, severity, temperature, thermal_stress, timestamp, vibration, voltage) 
    values
        (?, ?, ?, ?, ?, ?, ?, ?, ?, ?, ?, ?, ?, ?, ?, ?, ?, ?, ?, ?, ?, ?, ?, ?, ?, ?, ?, ?, ?, ?, ?)
2026-05-29T12:38:47.997+01:00 DEBUG 5656 --- [predictive-maintenance-backend] [MessageBroker-13] c.p.p.w.service.MachineStreamingService  : Stored prediction history for machine 10
2026-05-29T12:38:47.999+01:00 DEBUG 5656 --- [predictive-maintenance-backend] [MessageBroker-13] c.p.p.w.service.MachineStreamingService  : Streamed dataset-driven telemetry for 1 machines
2026-05-29T12:38:48.001+01:00 DEBUG 5656 --- [predictive-maintenance-backend] [MessageBroker-13] org.hibernate.SQL                        : 
    update
        machines 
    set
        category=?,
        description=?,
        installation_date=?,
        last_maintenance_date=?,
        last_modified_date=?,
        location=?,
        manufacturer=?,
        model=?,
        name=?,
        next_maintenance_date=?,
        operating_hours=?,
        photo_content_type=?,
        photo_path=?,
        risk_score=?,
        serial_number=?,
        status=?,
        sub_category=? 
    where
        id=?
2026-05-29T12:38:48.051+01:00 DEBUG 5656 --- [predictive-maintenance-backend] [http-nio-8080-exec-3] o.s.security.web.FilterChainProxy        : Securing POST /api/v1/nlp/analyze
2026-05-29T12:38:48.065+01:00 DEBUG 5656 --- [predictive-maintenance-backend] [http-nio-8080-exec-3] o.s.security.web.FilterChainProxy        : Secured POST /api/v1/nlp/analyze
2026-05-29T12:38:48.112+01:00 DEBUG 5656 --- [predictive-maintenance-backend] [http-nio-8080-exec-3] horizationManagerBeforeMethodInterceptor : Authorizing method invocation ReflectiveMethodInvocation: public org.springframework.http.ResponseEntity com.pfe.predictive.nlp.controller.NlpAnalysisController.analyze(com.pfe.predictive.nlp.dto.NlpRequestDTO); target is of class [com.pfe.predictive.nlp.controller.NlpAnalysisController]
2026-05-29T12:38:48.115+01:00 DEBUG 5656 --- [predictive-maintenance-backend] [http-nio-8080-exec-3] horizationManagerBeforeMethodInterceptor : Authorized method invocation ReflectiveMethodInvocation: public org.springframework.http.ResponseEntity com.pfe.predictive.nlp.controller.NlpAnalysisController.analyze(com.pfe.predictive.nlp.dto.NlpRequestDTO); target is of class [com.pfe.predictive.nlp.controller.NlpAnalysisController]
2026-05-29T12:38:48.117+01:00  INFO 5656 --- [predictive-maintenance-backend] [http-nio-8080-exec-3] c.p.p.nlp.service.NlpAnalysisService     : Analyzing technician report for machine 10
2026-05-29T12:38:49.755+01:00 DEBUG 5656 --- [predictive-maintenance-backend] [MessageBroker-19] org.hibernate.SQL                        : 
    select
        m1_0.id,
        m1_0.category,
        m1_0.created_date,
        m1_0.description,
        m1_0.installation_date,
        m1_0.last_maintenance_date,
        m1_0.last_modified_date,
        m1_0.location,
        m1_0.manufacturer,
        m1_0.model,
        m1_0.name,
        m1_0.next_maintenance_date,
        m1_0.operating_hours,
        m1_0.photo_content_type,
        m1_0.photo_path,
        m1_0.risk_score,
        m1_0.serial_number,
        m1_0.status,
        m1_0.sub_category 
    from
        machines m1_0
2026-05-29T12:38:49.758+01:00 DEBUG 5656 --- [predictive-maintenance-backend] [MessageBroker-19] org.hibernate.SQL                        : 
    insert 
    into
        sensor_telemetry
        (created_at, machine_id, sensor1, sensor10, sensor11, sensor12, sensor13, sensor14, sensor15, sensor16, sensor17, sensor18, sensor19, sensor2, sensor20, sensor21, sensor3, sensor4, sensor5, sensor6, sensor7, sensor8, sensor9, setting1, setting2, setting3, timestamp) 
    values
        (?, ?, ?, ?, ?, ?, ?, ?, ?, ?, ?, ?, ?, ?, ?, ?, ?, ?, ?, ?, ?, ?, ?, ?, ?, ?, ?)
2026-05-29T12:38:49.759+01:00 DEBUG 5656 --- [predictive-maintenance-backend] [MessageBroker-19] c.p.p.ml.service.MLServiceClient         : Calling ML service for machine 10: http://localhost:8000/predict
2026-05-29T12:38:49.894+01:00 DEBUG 5656 --- [predictive-maintenance-backend] [MessageBroker-19] c.p.p.ml.service.MLServiceClient         : ML prediction received for machine 10: RUL=95.3, anomaly=0.277, risk=MEDIUM
2026-05-29T12:38:49.896+01:00 DEBUG 5656 --- [predictive-maintenance-backend] [MessageBroker-19] org.hibernate.SQL                        : 
    insert 
    into
        prediction_history
        (ambient_temperature, anomaly_probability, anomaly_type, bearing_wear, confidence_score, created_at, current, efficiency_score, failure_probability, fatigue_index, health, load_factor, lubrication_level, machine_id, ml_prediction_available, operating_speed, power_consumption, predicted_failure_type, predicted_rul, pressure, recommended_action, remaining_useful_life, requires_immediate_action, risk_level, risk_score, severity, temperature, thermal_stress, timestamp, vibration, voltage) 
    values
        (?, ?, ?, ?, ?, ?, ?, ?, ?, ?, ?, ?, ?, ?, ?, ?, ?, ?, ?, ?, ?, ?, ?, ?, ?, ?, ?, ?, ?, ?, ?)
2026-05-29T12:38:49.901+01:00 DEBUG 5656 --- [predictive-maintenance-backend] [MessageBroker-19] c.p.p.w.service.MachineStreamingService  : Stored prediction history for machine 10
2026-05-29T12:38:49.903+01:00 DEBUG 5656 --- [predictive-maintenance-backend] [MessageBroker-19] c.p.p.w.service.MachineStreamingService  : Streamed dataset-driven telemetry for 1 machines
2026-05-29T12:38:49.906+01:00 DEBUG 5656 --- [predictive-maintenance-backend] [MessageBroker-19] org.hibernate.SQL                        : 
    update
        machines 
    set
        category=?,
        description=?,
        installation_date=?,
        last_maintenance_date=?,
        last_modified_date=?,
        location=?,
        manufacturer=?,
        model=?,
        name=?,
        next_maintenance_date=?,
        operating_hours=?,
        photo_content_type=?,
        photo_path=?,
        risk_score=?,
        serial_number=?,
        status=?,
        sub_category=? 
    where
        id=?
2026-05-29T12:38:51.760+01:00 DEBUG 5656 --- [predictive-maintenance-backend] [MessageBroker-19] org.hibernate.SQL                        : 
    select
        m1_0.id,
        m1_0.category,
        m1_0.created_date,
        m1_0.description,
        m1_0.installation_date,
        m1_0.last_maintenance_date,
        m1_0.last_modified_date,
        m1_0.location,
        m1_0.manufacturer,
        m1_0.model,
        m1_0.name,
        m1_0.next_maintenance_date,
        m1_0.operating_hours,
        m1_0.photo_content_type,
        m1_0.photo_path,
        m1_0.risk_score,
        m1_0.serial_number,
        m1_0.status,
        m1_0.sub_category 
    from
        machines m1_0
2026-05-29T12:38:51.765+01:00 DEBUG 5656 --- [predictive-maintenance-backend] [MessageBroker-19] org.hibernate.SQL                        : 
    insert 
    into
        sensor_telemetry
        (created_at, machine_id, sensor1, sensor10, sensor11, sensor12, sensor13, sensor14, sensor15, sensor16, sensor17, sensor18, sensor19, sensor2, sensor20, sensor21, sensor3, sensor4, sensor5, sensor6, sensor7, sensor8, sensor9, setting1, setting2, setting3, timestamp) 
    values
        (?, ?, ?, ?, ?, ?, ?, ?, ?, ?, ?, ?, ?, ?, ?, ?, ?, ?, ?, ?, ?, ?, ?, ?, ?, ?, ?)
2026-05-29T12:38:51.768+01:00 DEBUG 5656 --- [predictive-maintenance-backend] [MessageBroker-19] c.p.p.ml.service.MLServiceClient         : Calling ML service for machine 10: http://localhost:8000/predict
2026-05-29T12:38:51.967+01:00 DEBUG 5656 --- [predictive-maintenance-backend] [MessageBroker-19] c.p.p.ml.service.MLServiceClient         : ML prediction received for machine 10: RUL=97.03, anomaly=0.277, risk=LOW
2026-05-29T12:38:51.969+01:00 DEBUG 5656 --- [predictive-maintenance-backend] [MessageBroker-19] org.hibernate.SQL                        : 
    insert 
    into
        prediction_history
        (ambient_temperature, anomaly_probability, anomaly_type, bearing_wear, confidence_score, created_at, current, efficiency_score, failure_probability, fatigue_index, health, load_factor, lubrication_level, machine_id, ml_prediction_available, operating_speed, power_consumption, predicted_failure_type, predicted_rul, pressure, recommended_action, remaining_useful_life, requires_immediate_action, risk_level, risk_score, severity, temperature, thermal_stress, timestamp, vibration, voltage) 
    values
        (?, ?, ?, ?, ?, ?, ?, ?, ?, ?, ?, ?, ?, ?, ?, ?, ?, ?, ?, ?, ?, ?, ?, ?, ?, ?, ?, ?, ?, ?, ?)
2026-05-29T12:38:51.975+01:00 DEBUG 5656 --- [predictive-maintenance-backend] [MessageBroker-19] c.p.p.w.service.MachineStreamingService  : Stored prediction history for machine 10
2026-05-29T12:38:51.977+01:00 DEBUG 5656 --- [predictive-maintenance-backend] [MessageBroker-19] c.p.p.w.service.MachineStreamingService  : Streamed dataset-driven telemetry for 1 machines
2026-05-29T12:38:51.985+01:00 DEBUG 5656 --- [predictive-maintenance-backend] [MessageBroker-19] org.hibernate.SQL                        : 
    update
        machines 
    set
        category=?,
        description=?,
        installation_date=?,
        last_maintenance_date=?,
        last_modified_date=?,
        location=?,
        manufacturer=?,
        model=?,
        name=?,
        next_maintenance_date=?,
        operating_hours=?,
        photo_content_type=?,
        photo_path=?,
        risk_score=?,
        serial_number=?,
        status=?,
        sub_category=? 
    where
        id=?
2026-05-29T12:38:53.755+01:00 DEBUG 5656 --- [predictive-maintenance-backend] [MessageBroker-19] org.hibernate.SQL                        : 
    select
        m1_0.id,
        m1_0.category,
        m1_0.created_date,
        m1_0.description,
        m1_0.installation_date,
        m1_0.last_maintenance_date,
        m1_0.last_modified_date,
        m1_0.location,
        m1_0.manufacturer,
        m1_0.model,
        m1_0.name,
        m1_0.next_maintenance_date,
        m1_0.operating_hours,
        m1_0.photo_content_type,
        m1_0.photo_path,
        m1_0.risk_score,
        m1_0.serial_number,
        m1_0.status,
        m1_0.sub_category 
    from
        machines m1_0
2026-05-29T12:38:53.762+01:00 DEBUG 5656 --- [predictive-maintenance-backend] [MessageBroker-19] org.hibernate.SQL                        : 
    insert 
    into
        sensor_telemetry
        (created_at, machine_id, sensor1, sensor10, sensor11, sensor12, sensor13, sensor14, sensor15, sensor16, sensor17, sensor18, sensor19, sensor2, sensor20, sensor21, sensor3, sensor4, sensor5, sensor6, sensor7, sensor8, sensor9, setting1, setting2, setting3, timestamp) 
    values
        (?, ?, ?, ?, ?, ?, ?, ?, ?, ?, ?, ?, ?, ?, ?, ?, ?, ?, ?, ?, ?, ?, ?, ?, ?, ?, ?)
2026-05-29T12:38:53.765+01:00 DEBUG 5656 --- [predictive-maintenance-backend] [MessageBroker-19] c.p.p.ml.service.MLServiceClient         : Calling ML service for machine 10: http://localhost:8000/predict
2026-05-29T12:38:53.971+01:00 DEBUG 5656 --- [predictive-maintenance-backend] [MessageBroker-19] c.p.p.ml.service.MLServiceClient         : ML prediction received for machine 10: RUL=98.94, anomaly=0.277, risk=LOW
2026-05-29T12:38:53.975+01:00 DEBUG 5656 --- [predictive-maintenance-backend] [MessageBroker-19] org.hibernate.SQL                        : 
    insert 
    into
        prediction_history
        (ambient_temperature, anomaly_probability, anomaly_type, bearing_wear, confidence_score, created_at, current, efficiency_score, failure_probability, fatigue_index, health, load_factor, lubrication_level, machine_id, ml_prediction_available, operating_speed, power_consumption, predicted_failure_type, predicted_rul, pressure, recommended_action, remaining_useful_life, requires_immediate_action, risk_level, risk_score, severity, temperature, thermal_stress, timestamp, vibration, voltage) 
    values
        (?, ?, ?, ?, ?, ?, ?, ?, ?, ?, ?, ?, ?, ?, ?, ?, ?, ?, ?, ?, ?, ?, ?, ?, ?, ?, ?, ?, ?, ?, ?)
2026-05-29T12:38:53.981+01:00 DEBUG 5656 --- [predictive-maintenance-backend] [MessageBroker-19] c.p.p.w.service.MachineStreamingService  : Stored prediction history for machine 10
2026-05-29T12:38:53.983+01:00 DEBUG 5656 --- [predictive-maintenance-backend] [MessageBroker-19] c.p.p.w.service.MachineStreamingService  : Streamed dataset-driven telemetry for 1 machines
2026-05-29T12:38:53.988+01:00 DEBUG 5656 --- [predictive-maintenance-backend] [MessageBroker-19] org.hibernate.SQL                        : 
    update
        machines 
    set
        category=?,
        description=?,
        installation_date=?,
        last_maintenance_date=?,
        last_modified_date=?,
        location=?,
        manufacturer=?,
        model=?,
        name=?,
        next_maintenance_date=?,
        operating_hours=?,
        photo_content_type=?,
        photo_path=?,
        risk_score=?,
        serial_number=?,
        status=?,
        sub_category=? 
    where
        id=?
2026-05-29T12:38:55.768+01:00 DEBUG 5656 --- [predictive-maintenance-backend] [MessageBroker-15] org.hibernate.SQL                        : 
    select
        m1_0.id,
        m1_0.category,
        m1_0.created_date,
        m1_0.description,
        m1_0.installation_date,
        m1_0.last_maintenance_date,
        m1_0.last_modified_date,
        m1_0.location,
        m1_0.manufacturer,
        m1_0.model,
        m1_0.name,
        m1_0.next_maintenance_date,
        m1_0.operating_hours,
        m1_0.photo_content_type,
        m1_0.photo_path,
        m1_0.risk_score,
        m1_0.serial_number,
        m1_0.status,
        m1_0.sub_category 
    from
        machines m1_0
2026-05-29T12:38:55.773+01:00 DEBUG 5656 --- [predictive-maintenance-backend] [MessageBroker-15] org.hibernate.SQL                        : 
    insert 
    into
        sensor_telemetry
        (created_at, machine_id, sensor1, sensor10, sensor11, sensor12, sensor13, sensor14, sensor15, sensor16, sensor17, sensor18, sensor19, sensor2, sensor20, sensor21, sensor3, sensor4, sensor5, sensor6, sensor7, sensor8, sensor9, setting1, setting2, setting3, timestamp) 
    values
        (?, ?, ?, ?, ?, ?, ?, ?, ?, ?, ?, ?, ?, ?, ?, ?, ?, ?, ?, ?, ?, ?, ?, ?, ?, ?, ?)
2026-05-29T12:38:55.775+01:00 DEBUG 5656 --- [predictive-maintenance-backend] [MessageBroker-15] c.p.p.ml.service.MLServiceClient         : Calling ML service for machine 10: http://localhost:8000/predict
2026-05-29T12:38:56.007+01:00 DEBUG 5656 --- [predictive-maintenance-backend] [MessageBroker-15] c.p.p.ml.service.MLServiceClient         : ML prediction received for machine 10: RUL=101.09, anomaly=0.277, risk=LOW
2026-05-29T12:38:56.008+01:00 DEBUG 5656 --- [predictive-maintenance-backend] [MessageBroker-15] org.hibernate.SQL                        : 
    insert 
    into
        prediction_history
        (ambient_temperature, anomaly_probability, anomaly_type, bearing_wear, confidence_score, created_at, current, efficiency_score, failure_probability, fatigue_index, health, load_factor, lubrication_level, machine_id, ml_prediction_available, operating_speed, power_consumption, predicted_failure_type, predicted_rul, pressure, recommended_action, remaining_useful_life, requires_immediate_action, risk_level, risk_score, severity, temperature, thermal_stress, timestamp, vibration, voltage) 
    values
        (?, ?, ?, ?, ?, ?, ?, ?, ?, ?, ?, ?, ?, ?, ?, ?, ?, ?, ?, ?, ?, ?, ?, ?, ?, ?, ?, ?, ?, ?, ?)
2026-05-29T12:38:56.010+01:00 DEBUG 5656 --- [predictive-maintenance-backend] [MessageBroker-15] c.p.p.w.service.MachineStreamingService  : Stored prediction history for machine 10
2026-05-29T12:38:56.012+01:00 DEBUG 5656 --- [predictive-maintenance-backend] [MessageBroker-15] c.p.p.w.service.MachineStreamingService  : Streamed dataset-driven telemetry for 1 machines
2026-05-29T12:38:56.014+01:00 DEBUG 5656 --- [predictive-maintenance-backend] [MessageBroker-15] org.hibernate.SQL                        : 
    update
        machines 
    set
        category=?,
        description=?,
        installation_date=?,
        last_maintenance_date=?,
        last_modified_date=?,
        location=?,
        manufacturer=?,
        model=?,
        name=?,
        next_maintenance_date=?,
        operating_hours=?,
        photo_content_type=?,
        photo_path=?,
        risk_score=?,
        serial_number=?,
        status=?,
        sub_category=? 
    where
        id=?
2026-05-29T12:38:57.762+01:00 DEBUG 5656 --- [predictive-maintenance-backend] [MessageBroker-15] org.hibernate.SQL                        : 
    select
        m1_0.id,
        m1_0.category,
        m1_0.created_date,
        m1_0.description,
        m1_0.installation_date,
        m1_0.last_maintenance_date,
        m1_0.last_modified_date,
        m1_0.location,
        m1_0.manufacturer,
        m1_0.model,
        m1_0.name,
        m1_0.next_maintenance_date,
        m1_0.operating_hours,
        m1_0.photo_content_type,
        m1_0.photo_path,
        m1_0.risk_score,
        m1_0.serial_number,
        m1_0.status,
        m1_0.sub_category 
    from
        machines m1_0
2026-05-29T12:38:57.765+01:00 DEBUG 5656 --- [predictive-maintenance-backend] [MessageBroker-15] org.hibernate.SQL                        : 
    insert 
    into
        sensor_telemetry
        (created_at, machine_id, sensor1, sensor10, sensor11, sensor12, sensor13, sensor14, sensor15, sensor16, sensor17, sensor18, sensor19, sensor2, sensor20, sensor21, sensor3, sensor4, sensor5, sensor6, sensor7, sensor8, sensor9, setting1, setting2, setting3, timestamp) 
    values
        (?, ?, ?, ?, ?, ?, ?, ?, ?, ?, ?, ?, ?, ?, ?, ?, ?, ?, ?, ?, ?, ?, ?, ?, ?, ?, ?)
2026-05-29T12:38:57.768+01:00 DEBUG 5656 --- [predictive-maintenance-backend] [MessageBroker-15] c.p.p.ml.service.MLServiceClient         : Calling ML service for machine 10: http://localhost:8000/predict
2026-05-29T12:38:57.944+01:00 DEBUG 5656 --- [predictive-maintenance-backend] [MessageBroker-15] c.p.p.ml.service.MLServiceClient         : ML prediction received for machine 10: RUL=101.89, anomaly=0.251, risk=LOW
2026-05-29T12:38:57.947+01:00 DEBUG 5656 --- [predictive-maintenance-backend] [MessageBroker-15] org.hibernate.SQL                        : 
    insert 
    into
        prediction_history
        (ambient_temperature, anomaly_probability, anomaly_type, bearing_wear, confidence_score, created_at, current, efficiency_score, failure_probability, fatigue_index, health, load_factor, lubrication_level, machine_id, ml_prediction_available, operating_speed, power_consumption, predicted_failure_type, predicted_rul, pressure, recommended_action, remaining_useful_life, requires_immediate_action, risk_level, risk_score, severity, temperature, thermal_stress, timestamp, vibration, voltage) 
    values
        (?, ?, ?, ?, ?, ?, ?, ?, ?, ?, ?, ?, ?, ?, ?, ?, ?, ?, ?, ?, ?, ?, ?, ?, ?, ?, ?, ?, ?, ?, ?)
2026-05-29T12:38:57.952+01:00 DEBUG 5656 --- [predictive-maintenance-backend] [MessageBroker-15] c.p.p.w.service.MachineStreamingService  : Stored prediction history for machine 10
2026-05-29T12:38:57.954+01:00 DEBUG 5656 --- [predictive-maintenance-backend] [MessageBroker-15] c.p.p.w.service.MachineStreamingService  : Streamed dataset-driven telemetry for 1 machines
2026-05-29T12:38:57.958+01:00 DEBUG 5656 --- [predictive-maintenance-backend] [MessageBroker-15] org.hibernate.SQL                        : 
    update
        machines 
    set
        category=?,
        description=?,
        installation_date=?,
        last_maintenance_date=?,
        last_modified_date=?,
        location=?,
        manufacturer=?,
        model=?,
        name=?,
        next_maintenance_date=?,
        operating_hours=?,
        photo_content_type=?,
        photo_path=?,
        risk_score=?,
        serial_number=?,
        status=?,
        sub_category=? 
    where
        id=?
2026-05-29T12:38:59.762+01:00 DEBUG 5656 --- [predictive-maintenance-backend] [MessageBroker-12] org.hibernate.SQL                        : 
    select
        m1_0.id,
        m1_0.category,
        m1_0.created_date,
        m1_0.description,
        m1_0.installation_date,
        m1_0.last_maintenance_date,
        m1_0.last_modified_date,
        m1_0.location,
        m1_0.manufacturer,
        m1_0.model,
        m1_0.name,
        m1_0.next_maintenance_date,
        m1_0.operating_hours,
        m1_0.photo_content_type,
        m1_0.photo_path,
        m1_0.risk_score,
        m1_0.serial_number,
        m1_0.status,
        m1_0.sub_category 
    from
        machines m1_0
2026-05-29T12:38:59.767+01:00 DEBUG 5656 --- [predictive-maintenance-backend] [MessageBroker-12] org.hibernate.SQL                        : 
    insert 
    into
        sensor_telemetry
        (created_at, machine_id, sensor1, sensor10, sensor11, sensor12, sensor13, sensor14, sensor15, sensor16, sensor17, sensor18, sensor19, sensor2, sensor20, sensor21, sensor3, sensor4, sensor5, sensor6, sensor7, sensor8, sensor9, setting1, setting2, setting3, timestamp) 
    values
        (?, ?, ?, ?, ?, ?, ?, ?, ?, ?, ?, ?, ?, ?, ?, ?, ?, ?, ?, ?, ?, ?, ?, ?, ?, ?, ?)
2026-05-29T12:38:59.770+01:00 DEBUG 5656 --- [predictive-maintenance-backend] [MessageBroker-12] c.p.p.ml.service.MLServiceClient         : Calling ML service for machine 10: http://localhost:8000/predict
2026-05-29T12:38:59.942+01:00 DEBUG 5656 --- [predictive-maintenance-backend] [MessageBroker-12] c.p.p.ml.service.MLServiceClient         : ML prediction received for machine 10: RUL=102.96, anomaly=0.203, risk=LOW
2026-05-29T12:38:59.944+01:00 DEBUG 5656 --- [predictive-maintenance-backend] [MessageBroker-12] org.hibernate.SQL                        : 
    insert 
    into
        prediction_history
        (ambient_temperature, anomaly_probability, anomaly_type, bearing_wear, confidence_score, created_at, current, efficiency_score, failure_probability, fatigue_index, health, load_factor, lubrication_level, machine_id, ml_prediction_available, operating_speed, power_consumption, predicted_failure_type, predicted_rul, pressure, recommended_action, remaining_useful_life, requires_immediate_action, risk_level, risk_score, severity, temperature, thermal_stress, timestamp, vibration, voltage) 
    values
        (?, ?, ?, ?, ?, ?, ?, ?, ?, ?, ?, ?, ?, ?, ?, ?, ?, ?, ?, ?, ?, ?, ?, ?, ?, ?, ?, ?, ?, ?, ?)
2026-05-29T12:38:59.950+01:00 DEBUG 5656 --- [predictive-maintenance-backend] [MessageBroker-12] c.p.p.w.service.MachineStreamingService  : Stored prediction history for machine 10
2026-05-29T12:38:59.951+01:00 DEBUG 5656 --- [predictive-maintenance-backend] [MessageBroker-12] c.p.p.w.service.MachineStreamingService  : Streamed dataset-driven telemetry for 1 machines
2026-05-29T12:38:59.954+01:00 DEBUG 5656 --- [predictive-maintenance-backend] [MessageBroker-12] org.hibernate.SQL                        : 
    update
        machines 
    set
        category=?,
        description=?,
        installation_date=?,
        last_maintenance_date=?,
        last_modified_date=?,
        location=?,
        manufacturer=?,
        model=?,
        name=?,
        next_maintenance_date=?,
        operating_hours=?,
        photo_content_type=?,
        photo_path=?,
        risk_score=?,
        serial_number=?,
        status=?,
        sub_category=? 
    where
        id=?
2026-05-29T12:39:01.754+01:00 DEBUG 5656 --- [predictive-maintenance-backend] [MessageBroker-12] org.hibernate.SQL                        : 
    select
        m1_0.id,
        m1_0.category,
        m1_0.created_date,
        m1_0.description,
        m1_0.installation_date,
        m1_0.last_maintenance_date,
        m1_0.last_modified_date,
        m1_0.location,
        m1_0.manufacturer,
        m1_0.model,
        m1_0.name,
        m1_0.next_maintenance_date,
        m1_0.operating_hours,
        m1_0.photo_content_type,
        m1_0.photo_path,
        m1_0.risk_score,
        m1_0.serial_number,
        m1_0.status,
        m1_0.sub_category 
    from
        machines m1_0
2026-05-29T12:39:01.757+01:00 DEBUG 5656 --- [predictive-maintenance-backend] [MessageBroker-12] org.hibernate.SQL                        : 
    insert 
    into
        sensor_telemetry
        (created_at, machine_id, sensor1, sensor10, sensor11, sensor12, sensor13, sensor14, sensor15, sensor16, sensor17, sensor18, sensor19, sensor2, sensor20, sensor21, sensor3, sensor4, sensor5, sensor6, sensor7, sensor8, sensor9, setting1, setting2, setting3, timestamp) 
    values
        (?, ?, ?, ?, ?, ?, ?, ?, ?, ?, ?, ?, ?, ?, ?, ?, ?, ?, ?, ?, ?, ?, ?, ?, ?, ?, ?)
2026-05-29T12:39:01.759+01:00 DEBUG 5656 --- [predictive-maintenance-backend] [MessageBroker-12] c.p.p.ml.service.MLServiceClient         : Calling ML service for machine 10: http://localhost:8000/predict
2026-05-29T12:39:01.901+01:00 DEBUG 5656 --- [predictive-maintenance-backend] [MessageBroker-12] c.p.p.ml.service.MLServiceClient         : ML prediction received for machine 10: RUL=103.04, anomaly=0.273, risk=LOW
2026-05-29T12:39:01.902+01:00 DEBUG 5656 --- [predictive-maintenance-backend] [MessageBroker-12] org.hibernate.SQL                        : 
    insert 
    into
        prediction_history
        (ambient_temperature, anomaly_probability, anomaly_type, bearing_wear, confidence_score, created_at, current, efficiency_score, failure_probability, fatigue_index, health, load_factor, lubrication_level, machine_id, ml_prediction_available, operating_speed, power_consumption, predicted_failure_type, predicted_rul, pressure, recommended_action, remaining_useful_life, requires_immediate_action, risk_level, risk_score, severity, temperature, thermal_stress, timestamp, vibration, voltage) 
    values
        (?, ?, ?, ?, ?, ?, ?, ?, ?, ?, ?, ?, ?, ?, ?, ?, ?, ?, ?, ?, ?, ?, ?, ?, ?, ?, ?, ?, ?, ?, ?)
2026-05-29T12:39:01.907+01:00 DEBUG 5656 --- [predictive-maintenance-backend] [MessageBroker-12] c.p.p.w.service.MachineStreamingService  : Stored prediction history for machine 10
2026-05-29T12:39:01.909+01:00 DEBUG 5656 --- [predictive-maintenance-backend] [MessageBroker-12] c.p.p.w.service.MachineStreamingService  : Streamed dataset-driven telemetry for 1 machines
2026-05-29T12:39:01.915+01:00 DEBUG 5656 --- [predictive-maintenance-backend] [MessageBroker-12] org.hibernate.SQL                        : 
    update
        machines 
    set
        category=?,
        description=?,
        installation_date=?,
        last_maintenance_date=?,
        last_modified_date=?,
        location=?,
        manufacturer=?,
        model=?,
        name=?,
        next_maintenance_date=?,
        operating_hours=?,
        photo_content_type=?,
        photo_path=?,
        risk_score=?,
        serial_number=?,
        status=?,
        sub_category=? 
    where
        id=?
2026-05-29T12:39:02.739+01:00 DEBUG 5656 --- [predictive-maintenance-backend] [http-nio-8080-exec-7] o.s.security.web.FilterChainProxy        : Securing GET /api/v1/notifications?role=TECHNICIAN
2026-05-29T12:39:02.743+01:00 DEBUG 5656 --- [predictive-maintenance-backend] [http-nio-8080-exec-10] o.s.security.web.FilterChainProxy        : Securing GET /api/v1/notifications/unread-count
2026-05-29T12:39:02.766+01:00 DEBUG 5656 --- [predictive-maintenance-backend] [http-nio-8080-exec-7] o.s.security.web.FilterChainProxy        : Secured GET /api/v1/notifications?role=TECHNICIAN
2026-05-29T12:39:02.771+01:00 DEBUG 5656 --- [predictive-maintenance-backend] [http-nio-8080-exec-10] o.s.security.web.FilterChainProxy        : Secured GET /api/v1/notifications/unread-count
2026-05-29T12:39:02.774+01:00 DEBUG 5656 --- [predictive-maintenance-backend] [http-nio-8080-exec-7] horizationManagerBeforeMethodInterceptor : Authorizing method invocation ReflectiveMethodInvocation: public org.springframework.http.ResponseEntity com.pfe.predictive.notification.controller.NotificationController.getNotifications(java.lang.String); target is of class [com.pfe.predictive.notification.controller.NotificationController]
2026-05-29T12:39:02.777+01:00 DEBUG 5656 --- [predictive-maintenance-backend] [http-nio-8080-exec-7] horizationManagerBeforeMethodInterceptor : Authorized method invocation ReflectiveMethodInvocation: public org.springframework.http.ResponseEntity com.pfe.predictive.notification.controller.NotificationController.getNotifications(java.lang.String); target is of class [com.pfe.predictive.notification.controller.NotificationController]
2026-05-29T12:39:02.778+01:00 DEBUG 5656 --- [predictive-maintenance-backend] [http-nio-8080-exec-10] horizationManagerBeforeMethodInterceptor : Authorizing method invocation ReflectiveMethodInvocation: public org.springframework.http.ResponseEntity com.pfe.predictive.notification.controller.NotificationController.getUnreadCount(); target is of class [com.pfe.predictive.notification.controller.NotificationController]
2026-05-29T12:39:02.779+01:00 DEBUG 5656 --- [predictive-maintenance-backend] [http-nio-8080-exec-10] horizationManagerBeforeMethodInterceptor : Authorized method invocation ReflectiveMethodInvocation: public org.springframework.http.ResponseEntity com.pfe.predictive.notification.controller.NotificationController.getUnreadCount(); target is of class [com.pfe.predictive.notification.controller.NotificationController]
2026-05-29T12:39:02.781+01:00 DEBUG 5656 --- [predictive-maintenance-backend] [http-nio-8080-exec-7] org.hibernate.SQL                        : 
    select
        n1_0.id,
        n1_0.body,
        n1_0.created_at,
        n1_0.is_read,
        n1_0.machine_id,
        n1_0.prediction_record_id,
        n1_0.risk_level,
        n1_0.target_roles,
        n1_0.title 
    from
        notifications n1_0 
    where
        n1_0.target_roles like ? escape '\' 
    order by
        n1_0.created_at desc
2026-05-29T12:39:02.784+01:00 DEBUG 5656 --- [predictive-maintenance-backend] [http-nio-8080-exec-10] org.hibernate.SQL                        : 
    select
        count(n1_0.id) 
    from
        notifications n1_0 
    where
        not(n1_0.is_read)
2026-05-29T12:39:03.760+01:00 DEBUG 5656 --- [predictive-maintenance-backend] [MessageBroker-12] org.hibernate.SQL                        : 
    select
        m1_0.id,
        m1_0.category,
        m1_0.created_date,
        m1_0.description,
        m1_0.installation_date,
        m1_0.last_maintenance_date,
        m1_0.last_modified_date,
        m1_0.location,
        m1_0.manufacturer,
        m1_0.model,
        m1_0.name,
        m1_0.next_maintenance_date,
        m1_0.operating_hours,
        m1_0.photo_content_type,
        m1_0.photo_path,
        m1_0.risk_score,
        m1_0.serial_number,
        m1_0.status,
        m1_0.sub_category 
    from
        machines m1_0
2026-05-29T12:39:03.762+01:00 DEBUG 5656 --- [predictive-maintenance-backend] [MessageBroker-12] org.hibernate.SQL                        : 
    insert 
    into
        sensor_telemetry
        (created_at, machine_id, sensor1, sensor10, sensor11, sensor12, sensor13, sensor14, sensor15, sensor16, sensor17, sensor18, sensor19, sensor2, sensor20, sensor21, sensor3, sensor4, sensor5, sensor6, sensor7, sensor8, sensor9, setting1, setting2, setting3, timestamp) 
    values
        (?, ?, ?, ?, ?, ?, ?, ?, ?, ?, ?, ?, ?, ?, ?, ?, ?, ?, ?, ?, ?, ?, ?, ?, ?, ?, ?)
2026-05-29T12:39:03.765+01:00 DEBUG 5656 --- [predictive-maintenance-backend] [MessageBroker-12] c.p.p.ml.service.MLServiceClient         : Calling ML service for machine 10: http://localhost:8000/predict
2026-05-29T12:39:03.917+01:00 DEBUG 5656 --- [predictive-maintenance-backend] [MessageBroker-12] c.p.p.ml.service.MLServiceClient         : ML prediction received for machine 10: RUL=104.13, anomaly=0.275, risk=LOW
2026-05-29T12:39:03.920+01:00 DEBUG 5656 --- [predictive-maintenance-backend] [MessageBroker-12] org.hibernate.SQL                        : 
    insert 
    into
        prediction_history
        (ambient_temperature, anomaly_probability, anomaly_type, bearing_wear, confidence_score, created_at, current, efficiency_score, failure_probability, fatigue_index, health, load_factor, lubrication_level, machine_id, ml_prediction_available, operating_speed, power_consumption, predicted_failure_type, predicted_rul, pressure, recommended_action, remaining_useful_life, requires_immediate_action, risk_level, risk_score, severity, temperature, thermal_stress, timestamp, vibration, voltage) 
    values
        (?, ?, ?, ?, ?, ?, ?, ?, ?, ?, ?, ?, ?, ?, ?, ?, ?, ?, ?, ?, ?, ?, ?, ?, ?, ?, ?, ?, ?, ?, ?)
2026-05-29T12:39:03.931+01:00 DEBUG 5656 --- [predictive-maintenance-backend] [MessageBroker-12] c.p.p.w.service.MachineStreamingService  : Stored prediction history for machine 10
2026-05-29T12:39:03.936+01:00 DEBUG 5656 --- [predictive-maintenance-backend] [MessageBroker-12] c.p.p.w.service.MachineStreamingService  : Streamed dataset-driven telemetry for 1 machines
2026-05-29T12:39:03.940+01:00 DEBUG 5656 --- [predictive-maintenance-backend] [MessageBroker-12] org.hibernate.SQL                        : 
    update
        machines 
    set
        category=?,
        description=?,
        installation_date=?,
        last_maintenance_date=?,
        last_modified_date=?,
        location=?,
        manufacturer=?,
        model=?,
        name=?,
        next_maintenance_date=?,
        operating_hours=?,
        photo_content_type=?,
        photo_path=?,
        risk_score=?,
        serial_number=?,
        status=?,
        sub_category=? 
    where
        id=?
2026-05-29T12:39:05.765+01:00 DEBUG 5656 --- [predictive-maintenance-backend] [MessageBroker-9] org.hibernate.SQL                        : 
    select
        m1_0.id,
        m1_0.category,
        m1_0.created_date,
        m1_0.description,
        m1_0.installation_date,
        m1_0.last_maintenance_date,
        m1_0.last_modified_date,
        m1_0.location,
        m1_0.manufacturer,
        m1_0.model,
        m1_0.name,
        m1_0.next_maintenance_date,
        m1_0.operating_hours,
        m1_0.photo_content_type,
        m1_0.photo_path,
        m1_0.risk_score,
        m1_0.serial_number,
        m1_0.status,
        m1_0.sub_category 
    from
        machines m1_0
2026-05-29T12:39:05.771+01:00 DEBUG 5656 --- [predictive-maintenance-backend] [MessageBroker-9] org.hibernate.SQL                        : 
    insert 
    into
        sensor_telemetry
        (created_at, machine_id, sensor1, sensor10, sensor11, sensor12, sensor13, sensor14, sensor15, sensor16, sensor17, sensor18, sensor19, sensor2, sensor20, sensor21, sensor3, sensor4, sensor5, sensor6, sensor7, sensor8, sensor9, setting1, setting2, setting3, timestamp) 
    values
        (?, ?, ?, ?, ?, ?, ?, ?, ?, ?, ?, ?, ?, ?, ?, ?, ?, ?, ?, ?, ?, ?, ?, ?, ?, ?, ?)
2026-05-29T12:39:05.777+01:00 DEBUG 5656 --- [predictive-maintenance-backend] [MessageBroker-9] c.p.p.ml.service.MLServiceClient         : Calling ML service for machine 10: http://localhost:8000/predict
2026-05-29T12:39:06.095+01:00 DEBUG 5656 --- [predictive-maintenance-backend] [MessageBroker-9] c.p.p.ml.service.MLServiceClient         : ML prediction received for machine 10: RUL=105.86, anomaly=0.274, risk=LOW
2026-05-29T12:39:06.102+01:00 DEBUG 5656 --- [predictive-maintenance-backend] [MessageBroker-9] org.hibernate.SQL                        : 
    insert 
    into
        prediction_history
        (ambient_temperature, anomaly_probability, anomaly_type, bearing_wear, confidence_score, created_at, current, efficiency_score, failure_probability, fatigue_index, health, load_factor, lubrication_level, machine_id, ml_prediction_available, operating_speed, power_consumption, predicted_failure_type, predicted_rul, pressure, recommended_action, remaining_useful_life, requires_immediate_action, risk_level, risk_score, severity, temperature, thermal_stress, timestamp, vibration, voltage) 
    values
        (?, ?, ?, ?, ?, ?, ?, ?, ?, ?, ?, ?, ?, ?, ?, ?, ?, ?, ?, ?, ?, ?, ?, ?, ?, ?, ?, ?, ?, ?, ?)
2026-05-29T12:39:06.116+01:00 DEBUG 5656 --- [predictive-maintenance-backend] [MessageBroker-9] c.p.p.w.service.MachineStreamingService  : Stored prediction history for machine 10
2026-05-29T12:39:06.127+01:00 DEBUG 5656 --- [predictive-maintenance-backend] [MessageBroker-9] c.p.p.w.service.MachineStreamingService  : Streamed dataset-driven telemetry for 1 machines
2026-05-29T12:39:06.146+01:00 DEBUG 5656 --- [predictive-maintenance-backend] [MessageBroker-9] org.hibernate.SQL                        : 
    update
        machines 
    set
        category=?,
        description=?,
        installation_date=?,
        last_maintenance_date=?,
        last_modified_date=?,
        location=?,
        manufacturer=?,
        model=?,
        name=?,
        next_maintenance_date=?,
        operating_hours=?,
        photo_content_type=?,
        photo_path=?,
        risk_score=?,
        serial_number=?,
        status=?,
        sub_category=? 
    where
        id=?
2026-05-29T12:39:07.760+01:00 DEBUG 5656 --- [predictive-maintenance-backend] [MessageBroker-9] org.hibernate.SQL                        : 
    select
        m1_0.id,
        m1_0.category,
        m1_0.created_date,
        m1_0.description,
        m1_0.installation_date,
        m1_0.last_maintenance_date,
        m1_0.last_modified_date,
        m1_0.location,
        m1_0.manufacturer,
        m1_0.model,
        m1_0.name,
        m1_0.next_maintenance_date,
        m1_0.operating_hours,
        m1_0.photo_content_type,
        m1_0.photo_path,
        m1_0.risk_score,
        m1_0.serial_number,
        m1_0.status,
        m1_0.sub_category 
    from
        machines m1_0
2026-05-29T12:39:07.767+01:00 DEBUG 5656 --- [predictive-maintenance-backend] [MessageBroker-9] org.hibernate.SQL                        : 
    insert 
    into
        sensor_telemetry
        (created_at, machine_id, sensor1, sensor10, sensor11, sensor12, sensor13, sensor14, sensor15, sensor16, sensor17, sensor18, sensor19, sensor2, sensor20, sensor21, sensor3, sensor4, sensor5, sensor6, sensor7, sensor8, sensor9, setting1, setting2, setting3, timestamp) 
    values
        (?, ?, ?, ?, ?, ?, ?, ?, ?, ?, ?, ?, ?, ?, ?, ?, ?, ?, ?, ?, ?, ?, ?, ?, ?, ?, ?)
2026-05-29T12:39:07.770+01:00 DEBUG 5656 --- [predictive-maintenance-backend] [MessageBroker-9] c.p.p.ml.service.MLServiceClient         : Calling ML service for machine 10: http://localhost:8000/predict
2026-05-29T12:39:07.985+01:00 DEBUG 5656 --- [predictive-maintenance-backend] [MessageBroker-9] c.p.p.ml.service.MLServiceClient         : ML prediction received for machine 10: RUL=108.04, anomaly=0.274, risk=LOW
2026-05-29T12:39:07.988+01:00 DEBUG 5656 --- [predictive-maintenance-backend] [MessageBroker-9] org.hibernate.SQL                        : 
    insert 
    into
        prediction_history
        (ambient_temperature, anomaly_probability, anomaly_type, bearing_wear, confidence_score, created_at, current, efficiency_score, failure_probability, fatigue_index, health, load_factor, lubrication_level, machine_id, ml_prediction_available, operating_speed, power_consumption, predicted_failure_type, predicted_rul, pressure, recommended_action, remaining_useful_life, requires_immediate_action, risk_level, risk_score, severity, temperature, thermal_stress, timestamp, vibration, voltage) 
    values
        (?, ?, ?, ?, ?, ?, ?, ?, ?, ?, ?, ?, ?, ?, ?, ?, ?, ?, ?, ?, ?, ?, ?, ?, ?, ?, ?, ?, ?, ?, ?)
2026-05-29T12:39:07.992+01:00 DEBUG 5656 --- [predictive-maintenance-backend] [MessageBroker-9] c.p.p.w.service.MachineStreamingService  : Stored prediction history for machine 10
2026-05-29T12:39:07.996+01:00 DEBUG 5656 --- [predictive-maintenance-backend] [MessageBroker-9] c.p.p.w.service.MachineStreamingService  : Streamed dataset-driven telemetry for 1 machines
2026-05-29T12:39:08.003+01:00 DEBUG 5656 --- [predictive-maintenance-backend] [MessageBroker-9] org.hibernate.SQL                        : 
    update
        machines 
    set
        category=?,
        description=?,
        installation_date=?,
        last_maintenance_date=?,
        last_modified_date=?,
        location=?,
        manufacturer=?,
        model=?,
        name=?,
        next_maintenance_date=?,
        operating_hours=?,
        photo_content_type=?,
        photo_path=?,
        risk_score=?,
        serial_number=?,
        status=?,
        sub_category=? 
    where
        id=?
2026-05-29T12:39:09.762+01:00 DEBUG 5656 --- [predictive-maintenance-backend] [MessageBroker-3] org.hibernate.SQL                        : 
    select
        m1_0.id,
        m1_0.category,
        m1_0.created_date,
        m1_0.description,
        m1_0.installation_date,
        m1_0.last_maintenance_date,
        m1_0.last_modified_date,
        m1_0.location,
        m1_0.manufacturer,
        m1_0.model,
        m1_0.name,
        m1_0.next_maintenance_date,
        m1_0.operating_hours,
        m1_0.photo_content_type,
        m1_0.photo_path,
        m1_0.risk_score,
        m1_0.serial_number,
        m1_0.status,
        m1_0.sub_category 
    from
        machines m1_0
2026-05-29T12:39:09.767+01:00 DEBUG 5656 --- [predictive-maintenance-backend] [MessageBroker-3] org.hibernate.SQL                        : 
    insert 
    into
        sensor_telemetry
        (created_at, machine_id, sensor1, sensor10, sensor11, sensor12, sensor13, sensor14, sensor15, sensor16, sensor17, sensor18, sensor19, sensor2, sensor20, sensor21, sensor3, sensor4, sensor5, sensor6, sensor7, sensor8, sensor9, setting1, setting2, setting3, timestamp) 
    values
        (?, ?, ?, ?, ?, ?, ?, ?, ?, ?, ?, ?, ?, ?, ?, ?, ?, ?, ?, ?, ?, ?, ?, ?, ?, ?, ?)
2026-05-29T12:39:09.769+01:00 DEBUG 5656 --- [predictive-maintenance-backend] [MessageBroker-3] c.p.p.ml.service.MLServiceClient         : Calling ML service for machine 10: http://localhost:8000/predict
2026-05-29T12:39:09.917+01:00 DEBUG 5656 --- [predictive-maintenance-backend] [MessageBroker-3] c.p.p.ml.service.MLServiceClient         : ML prediction received for machine 10: RUL=110.93, anomaly=0.274, risk=LOW
2026-05-29T12:39:09.920+01:00 DEBUG 5656 --- [predictive-maintenance-backend] [MessageBroker-3] org.hibernate.SQL                        : 
    insert 
    into
        prediction_history
        (ambient_temperature, anomaly_probability, anomaly_type, bearing_wear, confidence_score, created_at, current, efficiency_score, failure_probability, fatigue_index, health, load_factor, lubrication_level, machine_id, ml_prediction_available, operating_speed, power_consumption, predicted_failure_type, predicted_rul, pressure, recommended_action, remaining_useful_life, requires_immediate_action, risk_level, risk_score, severity, temperature, thermal_stress, timestamp, vibration, voltage) 
    values
        (?, ?, ?, ?, ?, ?, ?, ?, ?, ?, ?, ?, ?, ?, ?, ?, ?, ?, ?, ?, ?, ?, ?, ?, ?, ?, ?, ?, ?, ?, ?)
2026-05-29T12:39:09.926+01:00 DEBUG 5656 --- [predictive-maintenance-backend] [MessageBroker-3] c.p.p.w.service.MachineStreamingService  : Stored prediction history for machine 10
2026-05-29T12:39:09.928+01:00 DEBUG 5656 --- [predictive-maintenance-backend] [MessageBroker-3] c.p.p.w.service.MachineStreamingService  : Streamed dataset-driven telemetry for 1 machines
2026-05-29T12:39:09.933+01:00 DEBUG 5656 --- [predictive-maintenance-backend] [MessageBroker-3] org.hibernate.SQL                        : 
    update
        machines 
    set
        category=?,
        description=?,
        installation_date=?,
        last_maintenance_date=?,
        last_modified_date=?,
        location=?,
        manufacturer=?,
        model=?,
        name=?,
        next_maintenance_date=?,
        operating_hours=?,
        photo_content_type=?,
        photo_path=?,
        risk_score=?,
        serial_number=?,
        status=?,
        sub_category=? 
    where
        id=?
2026-05-29T12:39:11.761+01:00 DEBUG 5656 --- [predictive-maintenance-backend] [MessageBroker-3] org.hibernate.SQL                        : 
    select
        m1_0.id,
        m1_0.category,
        m1_0.created_date,
        m1_0.description,
        m1_0.installation_date,
        m1_0.last_maintenance_date,
        m1_0.last_modified_date,
        m1_0.location,
        m1_0.manufacturer,
        m1_0.model,
        m1_0.name,
        m1_0.next_maintenance_date,
        m1_0.operating_hours,
        m1_0.photo_content_type,
        m1_0.photo_path,
        m1_0.risk_score,
        m1_0.serial_number,
        m1_0.status,
        m1_0.sub_category 
    from
        machines m1_0
2026-05-29T12:39:11.767+01:00 DEBUG 5656 --- [predictive-maintenance-backend] [MessageBroker-3] org.hibernate.SQL                        : 
    insert 
    into
        sensor_telemetry
        (created_at, machine_id, sensor1, sensor10, sensor11, sensor12, sensor13, sensor14, sensor15, sensor16, sensor17, sensor18, sensor19, sensor2, sensor20, sensor21, sensor3, sensor4, sensor5, sensor6, sensor7, sensor8, sensor9, setting1, setting2, setting3, timestamp) 
    values
        (?, ?, ?, ?, ?, ?, ?, ?, ?, ?, ?, ?, ?, ?, ?, ?, ?, ?, ?, ?, ?, ?, ?, ?, ?, ?, ?)
2026-05-29T12:39:11.770+01:00 DEBUG 5656 --- [predictive-maintenance-backend] [MessageBroker-3] c.p.p.ml.service.MLServiceClient         : Calling ML service for machine 10: http://localhost:8000/predict
2026-05-29T12:39:11.942+01:00 DEBUG 5656 --- [predictive-maintenance-backend] [MessageBroker-3] c.p.p.ml.service.MLServiceClient         : ML prediction received for machine 10: RUL=111.69, anomaly=0.274, risk=LOW
2026-05-29T12:39:11.944+01:00 DEBUG 5656 --- [predictive-maintenance-backend] [MessageBroker-3] org.hibernate.SQL                        : 
    insert 
    into
        prediction_history
        (ambient_temperature, anomaly_probability, anomaly_type, bearing_wear, confidence_score, created_at, current, efficiency_score, failure_probability, fatigue_index, health, load_factor, lubrication_level, machine_id, ml_prediction_available, operating_speed, power_consumption, predicted_failure_type, predicted_rul, pressure, recommended_action, remaining_useful_life, requires_immediate_action, risk_level, risk_score, severity, temperature, thermal_stress, timestamp, vibration, voltage) 
    values
        (?, ?, ?, ?, ?, ?, ?, ?, ?, ?, ?, ?, ?, ?, ?, ?, ?, ?, ?, ?, ?, ?, ?, ?, ?, ?, ?, ?, ?, ?, ?)
2026-05-29T12:39:11.950+01:00 DEBUG 5656 --- [predictive-maintenance-backend] [MessageBroker-3] c.p.p.w.service.MachineStreamingService  : Stored prediction history for machine 10
2026-05-29T12:39:11.952+01:00 DEBUG 5656 --- [predictive-maintenance-backend] [MessageBroker-3] c.p.p.w.service.MachineStreamingService  : Streamed dataset-driven telemetry for 1 machines
2026-05-29T12:39:11.955+01:00 DEBUG 5656 --- [predictive-maintenance-backend] [MessageBroker-3] org.hibernate.SQL                        : 
    update
        machines 
    set
        category=?,
        description=?,
        installation_date=?,
        last_maintenance_date=?,
        last_modified_date=?,
        location=?,
        manufacturer=?,
        model=?,
        name=?,
        next_maintenance_date=?,
        operating_hours=?,
        photo_content_type=?,
        photo_path=?,
        risk_score=?,
        serial_number=?,
        status=?,
        sub_category=? 
    where
        id=?
2026-05-29T12:39:13.755+01:00 DEBUG 5656 --- [predictive-maintenance-backend] [MessageBroker-3] org.hibernate.SQL                        : 
    select
        m1_0.id,
        m1_0.category,
        m1_0.created_date,
        m1_0.description,
        m1_0.installation_date,
        m1_0.last_maintenance_date,
        m1_0.last_modified_date,
        m1_0.location,
        m1_0.manufacturer,
        m1_0.model,
        m1_0.name,
        m1_0.next_maintenance_date,
        m1_0.operating_hours,
        m1_0.photo_content_type,
        m1_0.photo_path,
        m1_0.risk_score,
        m1_0.serial_number,
        m1_0.status,
        m1_0.sub_category 
    from
        machines m1_0
2026-05-29T12:39:13.758+01:00 DEBUG 5656 --- [predictive-maintenance-backend] [MessageBroker-3] org.hibernate.SQL                        : 
    insert 
    into
        sensor_telemetry
        (created_at, machine_id, sensor1, sensor10, sensor11, sensor12, sensor13, sensor14, sensor15, sensor16, sensor17, sensor18, sensor19, sensor2, sensor20, sensor21, sensor3, sensor4, sensor5, sensor6, sensor7, sensor8, sensor9, setting1, setting2, setting3, timestamp) 
    values
        (?, ?, ?, ?, ?, ?, ?, ?, ?, ?, ?, ?, ?, ?, ?, ?, ?, ?, ?, ?, ?, ?, ?, ?, ?, ?, ?)
2026-05-29T12:39:13.760+01:00 DEBUG 5656 --- [predictive-maintenance-backend] [MessageBroker-3] c.p.p.ml.service.MLServiceClient         : Calling ML service for machine 10: http://localhost:8000/predict
2026-05-29T12:39:13.915+01:00 DEBUG 5656 --- [predictive-maintenance-backend] [MessageBroker-3] c.p.p.ml.service.MLServiceClient         : ML prediction received for machine 10: RUL=104.71, anomaly=0.274, risk=LOW
2026-05-29T12:39:13.916+01:00 DEBUG 5656 --- [predictive-maintenance-backend] [MessageBroker-3] org.hibernate.SQL                        : 
    insert 
    into
        prediction_history
        (ambient_temperature, anomaly_probability, anomaly_type, bearing_wear, confidence_score, created_at, current, efficiency_score, failure_probability, fatigue_index, health, load_factor, lubrication_level, machine_id, ml_prediction_available, operating_speed, power_consumption, predicted_failure_type, predicted_rul, pressure, recommended_action, remaining_useful_life, requires_immediate_action, risk_level, risk_score, severity, temperature, thermal_stress, timestamp, vibration, voltage) 
    values
        (?, ?, ?, ?, ?, ?, ?, ?, ?, ?, ?, ?, ?, ?, ?, ?, ?, ?, ?, ?, ?, ?, ?, ?, ?, ?, ?, ?, ?, ?, ?)
2026-05-29T12:39:13.920+01:00 DEBUG 5656 --- [predictive-maintenance-backend] [MessageBroker-3] c.p.p.w.service.MachineStreamingService  : Stored prediction history for machine 10
2026-05-29T12:39:13.921+01:00 DEBUG 5656 --- [predictive-maintenance-backend] [MessageBroker-3] c.p.p.w.service.MachineStreamingService  : Streamed dataset-driven telemetry for 1 machines
2026-05-29T12:39:13.925+01:00 DEBUG 5656 --- [predictive-maintenance-backend] [MessageBroker-3] org.hibernate.SQL                        : 
    update
        machines 
    set
        category=?,
        description=?,
        installation_date=?,
        last_maintenance_date=?,
        last_modified_date=?,
        location=?,
        manufacturer=?,
        model=?,
        name=?,
        next_maintenance_date=?,
        operating_hours=?,
        photo_content_type=?,
        photo_path=?,
        risk_score=?,
        serial_number=?,
        status=?,
        sub_category=? 
    where
        id=?
2026-05-29T12:39:15.762+01:00 DEBUG 5656 --- [predictive-maintenance-backend] [MessageBroker-15] org.hibernate.SQL                        : 
    select
        m1_0.id,
        m1_0.category,
        m1_0.created_date,
        m1_0.description,
        m1_0.installation_date,
        m1_0.last_maintenance_date,
        m1_0.last_modified_date,
        m1_0.location,
        m1_0.manufacturer,
        m1_0.model,
        m1_0.name,
        m1_0.next_maintenance_date,
        m1_0.operating_hours,
        m1_0.photo_content_type,
        m1_0.photo_path,
        m1_0.risk_score,
        m1_0.serial_number,
        m1_0.status,
        m1_0.sub_category 
    from
        machines m1_0
2026-05-29T12:39:15.765+01:00 DEBUG 5656 --- [predictive-maintenance-backend] [MessageBroker-15] org.hibernate.SQL                        : 
    insert 
    into
        sensor_telemetry
        (created_at, machine_id, sensor1, sensor10, sensor11, sensor12, sensor13, sensor14, sensor15, sensor16, sensor17, sensor18, sensor19, sensor2, sensor20, sensor21, sensor3, sensor4, sensor5, sensor6, sensor7, sensor8, sensor9, setting1, setting2, setting3, timestamp) 
    values
        (?, ?, ?, ?, ?, ?, ?, ?, ?, ?, ?, ?, ?, ?, ?, ?, ?, ?, ?, ?, ?, ?, ?, ?, ?, ?, ?)
2026-05-29T12:39:15.768+01:00 DEBUG 5656 --- [predictive-maintenance-backend] [MessageBroker-15] c.p.p.ml.service.MLServiceClient         : Calling ML service for machine 10: http://localhost:8000/predict
2026-05-29T12:39:15.935+01:00 DEBUG 5656 --- [predictive-maintenance-backend] [MessageBroker-15] c.p.p.ml.service.MLServiceClient         : ML prediction received for machine 10: RUL=96.68, anomaly=0.274, risk=MEDIUM
2026-05-29T12:39:15.938+01:00 DEBUG 5656 --- [predictive-maintenance-backend] [MessageBroker-15] org.hibernate.SQL                        : 
    insert 
    into
        prediction_history
        (ambient_temperature, anomaly_probability, anomaly_type, bearing_wear, confidence_score, created_at, current, efficiency_score, failure_probability, fatigue_index, health, load_factor, lubrication_level, machine_id, ml_prediction_available, operating_speed, power_consumption, predicted_failure_type, predicted_rul, pressure, recommended_action, remaining_useful_life, requires_immediate_action, risk_level, risk_score, severity, temperature, thermal_stress, timestamp, vibration, voltage) 
    values
        (?, ?, ?, ?, ?, ?, ?, ?, ?, ?, ?, ?, ?, ?, ?, ?, ?, ?, ?, ?, ?, ?, ?, ?, ?, ?, ?, ?, ?, ?, ?)
2026-05-29T12:39:15.944+01:00 DEBUG 5656 --- [predictive-maintenance-backend] [MessageBroker-15] c.p.p.w.service.MachineStreamingService  : Stored prediction history for machine 10
2026-05-29T12:39:15.949+01:00 DEBUG 5656 --- [predictive-maintenance-backend] [MessageBroker-15] c.p.p.w.service.MachineStreamingService  : Streamed dataset-driven telemetry for 1 machines
2026-05-29T12:39:15.956+01:00 DEBUG 5656 --- [predictive-maintenance-backend] [MessageBroker-15] org.hibernate.SQL                        : 
    update
        machines 
    set
        category=?,
        description=?,
        installation_date=?,
        last_maintenance_date=?,
        last_modified_date=?,
        location=?,
        manufacturer=?,
        model=?,
        name=?,
        next_maintenance_date=?,
        operating_hours=?,
        photo_content_type=?,
        photo_path=?,
        risk_score=?,
        serial_number=?,
        status=?,
        sub_category=? 
    where
        id=?
2026-05-29T12:39:17.760+01:00 DEBUG 5656 --- [predictive-maintenance-backend] [MessageBroker-15] org.hibernate.SQL                        : 
    select
        m1_0.id,
        m1_0.category,
        m1_0.created_date,
        m1_0.description,
        m1_0.installation_date,
        m1_0.last_maintenance_date,
        m1_0.last_modified_date,
        m1_0.location,
        m1_0.manufacturer,
        m1_0.model,
        m1_0.name,
        m1_0.next_maintenance_date,
        m1_0.operating_hours,
        m1_0.photo_content_type,
        m1_0.photo_path,
        m1_0.risk_score,
        m1_0.serial_number,
        m1_0.status,
        m1_0.sub_category 
    from
        machines m1_0
2026-05-29T12:39:17.763+01:00 DEBUG 5656 --- [predictive-maintenance-backend] [MessageBroker-15] org.hibernate.SQL                        : 
    insert 
    into
        sensor_telemetry
        (created_at, machine_id, sensor1, sensor10, sensor11, sensor12, sensor13, sensor14, sensor15, sensor16, sensor17, sensor18, sensor19, sensor2, sensor20, sensor21, sensor3, sensor4, sensor5, sensor6, sensor7, sensor8, sensor9, setting1, setting2, setting3, timestamp) 
    values
        (?, ?, ?, ?, ?, ?, ?, ?, ?, ?, ?, ?, ?, ?, ?, ?, ?, ?, ?, ?, ?, ?, ?, ?, ?, ?, ?)
2026-05-29T12:39:17.765+01:00 DEBUG 5656 --- [predictive-maintenance-backend] [MessageBroker-15] c.p.p.ml.service.MLServiceClient         : Calling ML service for machine 10: http://localhost:8000/predict
2026-05-29T12:39:17.920+01:00 DEBUG 5656 --- [predictive-maintenance-backend] [MessageBroker-15] c.p.p.ml.service.MLServiceClient         : ML prediction received for machine 10: RUL=88.24, anomaly=0.274, risk=MEDIUM
2026-05-29T12:39:17.921+01:00 DEBUG 5656 --- [predictive-maintenance-backend] [MessageBroker-15] org.hibernate.SQL                        : 
    insert 
    into
        prediction_history
        (ambient_temperature, anomaly_probability, anomaly_type, bearing_wear, confidence_score, created_at, current, efficiency_score, failure_probability, fatigue_index, health, load_factor, lubrication_level, machine_id, ml_prediction_available, operating_speed, power_consumption, predicted_failure_type, predicted_rul, pressure, recommended_action, remaining_useful_life, requires_immediate_action, risk_level, risk_score, severity, temperature, thermal_stress, timestamp, vibration, voltage) 
    values
        (?, ?, ?, ?, ?, ?, ?, ?, ?, ?, ?, ?, ?, ?, ?, ?, ?, ?, ?, ?, ?, ?, ?, ?, ?, ?, ?, ?, ?, ?, ?)
2026-05-29T12:39:17.924+01:00 DEBUG 5656 --- [predictive-maintenance-backend] [MessageBroker-15] c.p.p.w.service.MachineStreamingService  : Stored prediction history for machine 10
2026-05-29T12:39:17.925+01:00 DEBUG 5656 --- [predictive-maintenance-backend] [MessageBroker-15] c.p.p.w.service.MachineStreamingService  : Streamed dataset-driven telemetry for 1 machines
2026-05-29T12:39:17.926+01:00 DEBUG 5656 --- [predictive-maintenance-backend] [MessageBroker-15] org.hibernate.SQL                        : 
    update
        machines 
    set
        category=?,
        description=?,
        installation_date=?,
        last_maintenance_date=?,
        last_modified_date=?,
        location=?,
        manufacturer=?,
        model=?,
        name=?,
        next_maintenance_date=?,
        operating_hours=?,
        photo_content_type=?,
        photo_path=?,
        risk_score=?,
        serial_number=?,
        status=?,
        sub_category=? 
    where
        id=?
2026-05-29T12:39:19.763+01:00 DEBUG 5656 --- [predictive-maintenance-backend] [MessageBroker-18] org.hibernate.SQL                        : 
    select
        m1_0.id,
        m1_0.category,
        m1_0.created_date,
        m1_0.description,
        m1_0.installation_date,
        m1_0.last_maintenance_date,
        m1_0.last_modified_date,
        m1_0.location,
        m1_0.manufacturer,
        m1_0.model,
        m1_0.name,
        m1_0.next_maintenance_date,
        m1_0.operating_hours,
        m1_0.photo_content_type,
        m1_0.photo_path,
        m1_0.risk_score,
        m1_0.serial_number,
        m1_0.status,
        m1_0.sub_category 
    from
        machines m1_0
2026-05-29T12:39:19.765+01:00 DEBUG 5656 --- [predictive-maintenance-backend] [MessageBroker-18] org.hibernate.SQL                        : 
    insert 
    into
        sensor_telemetry
        (created_at, machine_id, sensor1, sensor10, sensor11, sensor12, sensor13, sensor14, sensor15, sensor16, sensor17, sensor18, sensor19, sensor2, sensor20, sensor21, sensor3, sensor4, sensor5, sensor6, sensor7, sensor8, sensor9, setting1, setting2, setting3, timestamp) 
    values
        (?, ?, ?, ?, ?, ?, ?, ?, ?, ?, ?, ?, ?, ?, ?, ?, ?, ?, ?, ?, ?, ?, ?, ?, ?, ?, ?)
2026-05-29T12:39:19.767+01:00 DEBUG 5656 --- [predictive-maintenance-backend] [MessageBroker-18] c.p.p.ml.service.MLServiceClient         : Calling ML service for machine 10: http://localhost:8000/predict
2026-05-29T12:39:19.929+01:00 DEBUG 5656 --- [predictive-maintenance-backend] [MessageBroker-18] c.p.p.ml.service.MLServiceClient         : ML prediction received for machine 10: RUL=81.51, anomaly=0.274, risk=MEDIUM
2026-05-29T12:39:19.930+01:00 DEBUG 5656 --- [predictive-maintenance-backend] [MessageBroker-18] org.hibernate.SQL                        : 
    insert 
    into
        prediction_history
        (ambient_temperature, anomaly_probability, anomaly_type, bearing_wear, confidence_score, created_at, current, efficiency_score, failure_probability, fatigue_index, health, load_factor, lubrication_level, machine_id, ml_prediction_available, operating_speed, power_consumption, predicted_failure_type, predicted_rul, pressure, recommended_action, remaining_useful_life, requires_immediate_action, risk_level, risk_score, severity, temperature, thermal_stress, timestamp, vibration, voltage) 
    values
        (?, ?, ?, ?, ?, ?, ?, ?, ?, ?, ?, ?, ?, ?, ?, ?, ?, ?, ?, ?, ?, ?, ?, ?, ?, ?, ?, ?, ?, ?, ?)
2026-05-29T12:39:19.934+01:00 DEBUG 5656 --- [predictive-maintenance-backend] [MessageBroker-18] c.p.p.w.service.MachineStreamingService  : Stored prediction history for machine 10
2026-05-29T12:39:19.936+01:00 DEBUG 5656 --- [predictive-maintenance-backend] [MessageBroker-18] c.p.p.w.service.MachineStreamingService  : Streamed dataset-driven telemetry for 1 machines
2026-05-29T12:39:19.939+01:00 DEBUG 5656 --- [predictive-maintenance-backend] [MessageBroker-18] org.hibernate.SQL                        : 
    update
        machines 
    set
        category=?,
        description=?,
        installation_date=?,
        last_maintenance_date=?,
        last_modified_date=?,
        location=?,
        manufacturer=?,
        model=?,
        name=?,
        next_maintenance_date=?,
        operating_hours=?,
        photo_content_type=?,
        photo_path=?,
        risk_score=?,
        serial_number=?,
        status=?,
        sub_category=? 
    where
        id=?
2026-05-29T12:39:21.764+01:00 DEBUG 5656 --- [predictive-maintenance-backend] [MessageBroker-18] org.hibernate.SQL                        : 
    select
        m1_0.id,
        m1_0.category,
        m1_0.created_date,
        m1_0.description,
        m1_0.installation_date,
        m1_0.last_maintenance_date,
        m1_0.last_modified_date,
        m1_0.location,
        m1_0.manufacturer,
        m1_0.model,
        m1_0.name,
        m1_0.next_maintenance_date,
        m1_0.operating_hours,
        m1_0.photo_content_type,
        m1_0.photo_path,
        m1_0.risk_score,
        m1_0.serial_number,
        m1_0.status,
        m1_0.sub_category 
    from
        machines m1_0
2026-05-29T12:39:21.768+01:00 DEBUG 5656 --- [predictive-maintenance-backend] [MessageBroker-18] org.hibernate.SQL                        : 
    insert 
    into
        sensor_telemetry
        (created_at, machine_id, sensor1, sensor10, sensor11, sensor12, sensor13, sensor14, sensor15, sensor16, sensor17, sensor18, sensor19, sensor2, sensor20, sensor21, sensor3, sensor4, sensor5, sensor6, sensor7, sensor8, sensor9, setting1, setting2, setting3, timestamp) 
    values
        (?, ?, ?, ?, ?, ?, ?, ?, ?, ?, ?, ?, ?, ?, ?, ?, ?, ?, ?, ?, ?, ?, ?, ?, ?, ?, ?)
2026-05-29T12:39:21.772+01:00 DEBUG 5656 --- [predictive-maintenance-backend] [MessageBroker-18] c.p.p.ml.service.MLServiceClient         : Calling ML service for machine 10: http://localhost:8000/predict
2026-05-29T12:39:21.941+01:00 DEBUG 5656 --- [predictive-maintenance-backend] [MessageBroker-18] c.p.p.ml.service.MLServiceClient         : ML prediction received for machine 10: RUL=78.49, anomaly=0.274, risk=MEDIUM
2026-05-29T12:39:21.942+01:00 DEBUG 5656 --- [predictive-maintenance-backend] [MessageBroker-18] org.hibernate.SQL                        : 
    insert 
    into
        prediction_history
        (ambient_temperature, anomaly_probability, anomaly_type, bearing_wear, confidence_score, created_at, current, efficiency_score, failure_probability, fatigue_index, health, load_factor, lubrication_level, machine_id, ml_prediction_available, operating_speed, power_consumption, predicted_failure_type, predicted_rul, pressure, recommended_action, remaining_useful_life, requires_immediate_action, risk_level, risk_score, severity, temperature, thermal_stress, timestamp, vibration, voltage) 
    values
        (?, ?, ?, ?, ?, ?, ?, ?, ?, ?, ?, ?, ?, ?, ?, ?, ?, ?, ?, ?, ?, ?, ?, ?, ?, ?, ?, ?, ?, ?, ?)
2026-05-29T12:39:21.946+01:00 DEBUG 5656 --- [predictive-maintenance-backend] [MessageBroker-18] c.p.p.w.service.MachineStreamingService  : Stored prediction history for machine 10
2026-05-29T12:39:21.947+01:00 DEBUG 5656 --- [predictive-maintenance-backend] [MessageBroker-18] c.p.p.w.service.MachineStreamingService  : Streamed dataset-driven telemetry for 1 machines
2026-05-29T12:39:21.951+01:00 DEBUG 5656 --- [predictive-maintenance-backend] [MessageBroker-18] org.hibernate.SQL                        : 
    update
        machines 
    set
        category=?,
        description=?,
        installation_date=?,
        last_maintenance_date=?,
        last_modified_date=?,
        location=?,
        manufacturer=?,
        model=?,
        name=?,
        next_maintenance_date=?,
        operating_hours=?,
        photo_content_type=?,
        photo_path=?,
        risk_score=?,
        serial_number=?,
        status=?,
        sub_category=? 
    where
        id=?
2026-05-29T12:39:23.755+01:00 DEBUG 5656 --- [predictive-maintenance-backend] [MessageBroker-18] org.hibernate.SQL                        : 
    select
        m1_0.id,
        m1_0.category,
        m1_0.created_date,
        m1_0.description,
        m1_0.installation_date,
        m1_0.last_maintenance_date,
        m1_0.last_modified_date,
        m1_0.location,
        m1_0.manufacturer,
        m1_0.model,
        m1_0.name,
        m1_0.next_maintenance_date,
        m1_0.operating_hours,
        m1_0.photo_content_type,
        m1_0.photo_path,
        m1_0.risk_score,
        m1_0.serial_number,
        m1_0.status,
        m1_0.sub_category 
    from
        machines m1_0
2026-05-29T12:39:23.757+01:00 DEBUG 5656 --- [predictive-maintenance-backend] [MessageBroker-18] org.hibernate.SQL                        : 
    insert 
    into
        sensor_telemetry
        (created_at, machine_id, sensor1, sensor10, sensor11, sensor12, sensor13, sensor14, sensor15, sensor16, sensor17, sensor18, sensor19, sensor2, sensor20, sensor21, sensor3, sensor4, sensor5, sensor6, sensor7, sensor8, sensor9, setting1, setting2, setting3, timestamp) 
    values
        (?, ?, ?, ?, ?, ?, ?, ?, ?, ?, ?, ?, ?, ?, ?, ?, ?, ?, ?, ?, ?, ?, ?, ?, ?, ?, ?)
2026-05-29T12:39:23.759+01:00 DEBUG 5656 --- [predictive-maintenance-backend] [MessageBroker-18] c.p.p.ml.service.MLServiceClient         : Calling ML service for machine 10: http://localhost:8000/predict
2026-05-29T12:39:23.909+01:00 DEBUG 5656 --- [predictive-maintenance-backend] [MessageBroker-18] c.p.p.ml.service.MLServiceClient         : ML prediction received for machine 10: RUL=78.01, anomaly=0.273, risk=MEDIUM
2026-05-29T12:39:23.911+01:00 DEBUG 5656 --- [predictive-maintenance-backend] [MessageBroker-18] org.hibernate.SQL                        : 
    insert 
    into
        prediction_history
        (ambient_temperature, anomaly_probability, anomaly_type, bearing_wear, confidence_score, created_at, current, efficiency_score, failure_probability, fatigue_index, health, load_factor, lubrication_level, machine_id, ml_prediction_available, operating_speed, power_consumption, predicted_failure_type, predicted_rul, pressure, recommended_action, remaining_useful_life, requires_immediate_action, risk_level, risk_score, severity, temperature, thermal_stress, timestamp, vibration, voltage) 
    values
        (?, ?, ?, ?, ?, ?, ?, ?, ?, ?, ?, ?, ?, ?, ?, ?, ?, ?, ?, ?, ?, ?, ?, ?, ?, ?, ?, ?, ?, ?, ?)
2026-05-29T12:39:23.916+01:00 DEBUG 5656 --- [predictive-maintenance-backend] [MessageBroker-18] c.p.p.w.service.MachineStreamingService  : Stored prediction history for machine 10
2026-05-29T12:39:23.917+01:00 DEBUG 5656 --- [predictive-maintenance-backend] [MessageBroker-18] c.p.p.w.service.MachineStreamingService  : Streamed dataset-driven telemetry for 1 machines
2026-05-29T12:39:23.921+01:00 DEBUG 5656 --- [predictive-maintenance-backend] [MessageBroker-18] org.hibernate.SQL                        : 
    update
        machines 
    set
        category=?,
        description=?,
        installation_date=?,
        last_maintenance_date=?,
        last_modified_date=?,
        location=?,
        manufacturer=?,
        model=?,
        name=?,
        next_maintenance_date=?,
        operating_hours=?,
        photo_content_type=?,
        photo_path=?,
        risk_score=?,
        serial_number=?,
        status=?,
        sub_category=? 
    where
        id=?
2026-05-29T12:39:25.758+01:00 DEBUG 5656 --- [predictive-maintenance-backend] [MessageBroker-4] org.hibernate.SQL                        : 
    select
        m1_0.id,
        m1_0.category,
        m1_0.created_date,
        m1_0.description,
        m1_0.installation_date,
        m1_0.last_maintenance_date,
        m1_0.last_modified_date,
        m1_0.location,
        m1_0.manufacturer,
        m1_0.model,
        m1_0.name,
        m1_0.next_maintenance_date,
        m1_0.operating_hours,
        m1_0.photo_content_type,
        m1_0.photo_path,
        m1_0.risk_score,
        m1_0.serial_number,
        m1_0.status,
        m1_0.sub_category 
    from
        machines m1_0
2026-05-29T12:39:25.762+01:00 DEBUG 5656 --- [predictive-maintenance-backend] [MessageBroker-4] org.hibernate.SQL                        : 
    insert 
    into
        sensor_telemetry
        (created_at, machine_id, sensor1, sensor10, sensor11, sensor12, sensor13, sensor14, sensor15, sensor16, sensor17, sensor18, sensor19, sensor2, sensor20, sensor21, sensor3, sensor4, sensor5, sensor6, sensor7, sensor8, sensor9, setting1, setting2, setting3, timestamp) 
    values
        (?, ?, ?, ?, ?, ?, ?, ?, ?, ?, ?, ?, ?, ?, ?, ?, ?, ?, ?, ?, ?, ?, ?, ?, ?, ?, ?)
2026-05-29T12:39:25.766+01:00 DEBUG 5656 --- [predictive-maintenance-backend] [MessageBroker-4] c.p.p.ml.service.MLServiceClient         : Calling ML service for machine 10: http://localhost:8000/predict
2026-05-29T12:39:25.896+01:00 DEBUG 5656 --- [predictive-maintenance-backend] [MessageBroker-4] c.p.p.ml.service.MLServiceClient         : ML prediction received for machine 10: RUL=77.38, anomaly=0.272, risk=MEDIUM
2026-05-29T12:39:25.897+01:00 DEBUG 5656 --- [predictive-maintenance-backend] [MessageBroker-4] org.hibernate.SQL                        : 
    insert 
    into
        prediction_history
        (ambient_temperature, anomaly_probability, anomaly_type, bearing_wear, confidence_score, created_at, current, efficiency_score, failure_probability, fatigue_index, health, load_factor, lubrication_level, machine_id, ml_prediction_available, operating_speed, power_consumption, predicted_failure_type, predicted_rul, pressure, recommended_action, remaining_useful_life, requires_immediate_action, risk_level, risk_score, severity, temperature, thermal_stress, timestamp, vibration, voltage) 
    values
        (?, ?, ?, ?, ?, ?, ?, ?, ?, ?, ?, ?, ?, ?, ?, ?, ?, ?, ?, ?, ?, ?, ?, ?, ?, ?, ?, ?, ?, ?, ?)
2026-05-29T12:39:25.899+01:00 DEBUG 5656 --- [predictive-maintenance-backend] [MessageBroker-4] c.p.p.w.service.MachineStreamingService  : Stored prediction history for machine 10
2026-05-29T12:39:25.899+01:00 DEBUG 5656 --- [predictive-maintenance-backend] [MessageBroker-4] c.p.p.w.service.MachineStreamingService  : Streamed dataset-driven telemetry for 1 machines
2026-05-29T12:39:25.900+01:00 DEBUG 5656 --- [predictive-maintenance-backend] [MessageBroker-4] org.hibernate.SQL                        : 
    update
        machines 
    set
        category=?,
        description=?,
        installation_date=?,
        last_maintenance_date=?,
        last_modified_date=?,
        location=?,
        manufacturer=?,
        model=?,
        name=?,
        next_maintenance_date=?,
        operating_hours=?,
        photo_content_type=?,
        photo_path=?,
        risk_score=?,
        serial_number=?,
        status=?,
        sub_category=? 
    where
        id=?
2026-05-29T12:39:27.753+01:00 DEBUG 5656 --- [predictive-maintenance-backend] [MessageBroker-4] org.hibernate.SQL                        : 
    select
        m1_0.id,
        m1_0.category,
        m1_0.created_date,
        m1_0.description,
        m1_0.installation_date,
        m1_0.last_maintenance_date,
        m1_0.last_modified_date,
        m1_0.location,
        m1_0.manufacturer,
        m1_0.model,
        m1_0.name,
        m1_0.next_maintenance_date,
        m1_0.operating_hours,
        m1_0.photo_content_type,
        m1_0.photo_path,
        m1_0.risk_score,
        m1_0.serial_number,
        m1_0.status,
        m1_0.sub_category 
    from
        machines m1_0
2026-05-29T12:39:27.757+01:00 DEBUG 5656 --- [predictive-maintenance-backend] [MessageBroker-4] org.hibernate.SQL                        : 
    insert 
    into
        sensor_telemetry
        (created_at, machine_id, sensor1, sensor10, sensor11, sensor12, sensor13, sensor14, sensor15, sensor16, sensor17, sensor18, sensor19, sensor2, sensor20, sensor21, sensor3, sensor4, sensor5, sensor6, sensor7, sensor8, sensor9, setting1, setting2, setting3, timestamp) 
    values
        (?, ?, ?, ?, ?, ?, ?, ?, ?, ?, ?, ?, ?, ?, ?, ?, ?, ?, ?, ?, ?, ?, ?, ?, ?, ?, ?)
2026-05-29T12:39:27.758+01:00 DEBUG 5656 --- [predictive-maintenance-backend] [MessageBroker-4] c.p.p.ml.service.MLServiceClient         : Calling ML service for machine 10: http://localhost:8000/predict
2026-05-29T12:39:27.934+01:00 DEBUG 5656 --- [predictive-maintenance-backend] [MessageBroker-4] c.p.p.ml.service.MLServiceClient         : ML prediction received for machine 10: RUL=77.0, anomaly=0.271, risk=MEDIUM
2026-05-29T12:39:27.936+01:00 DEBUG 5656 --- [predictive-maintenance-backend] [MessageBroker-4] org.hibernate.SQL                        : 
    insert 
    into
        prediction_history
        (ambient_temperature, anomaly_probability, anomaly_type, bearing_wear, confidence_score, created_at, current, efficiency_score, failure_probability, fatigue_index, health, load_factor, lubrication_level, machine_id, ml_prediction_available, operating_speed, power_consumption, predicted_failure_type, predicted_rul, pressure, recommended_action, remaining_useful_life, requires_immediate_action, risk_level, risk_score, severity, temperature, thermal_stress, timestamp, vibration, voltage) 
    values
        (?, ?, ?, ?, ?, ?, ?, ?, ?, ?, ?, ?, ?, ?, ?, ?, ?, ?, ?, ?, ?, ?, ?, ?, ?, ?, ?, ?, ?, ?, ?)
2026-05-29T12:39:27.939+01:00 DEBUG 5656 --- [predictive-maintenance-backend] [MessageBroker-4] c.p.p.w.service.MachineStreamingService  : Stored prediction history for machine 10
2026-05-29T12:39:27.940+01:00 DEBUG 5656 --- [predictive-maintenance-backend] [MessageBroker-4] c.p.p.w.service.MachineStreamingService  : Streamed dataset-driven telemetry for 1 machines
2026-05-29T12:39:27.941+01:00 DEBUG 5656 --- [predictive-maintenance-backend] [MessageBroker-4] org.hibernate.SQL                        : 
    update
        machines 
    set
        category=?,
        description=?,
        installation_date=?,
        last_maintenance_date=?,
        last_modified_date=?,
        location=?,
        manufacturer=?,
        model=?,
        name=?,
        next_maintenance_date=?,
        operating_hours=?,
        photo_content_type=?,
        photo_path=?,
        risk_score=?,
        serial_number=?,
        status=?,
        sub_category=? 
    where
        id=?
2026-05-29T12:39:29.754+01:00 DEBUG 5656 --- [predictive-maintenance-backend] [MessageBroker-3] org.hibernate.SQL                        : 
    select
        m1_0.id,
        m1_0.category,
        m1_0.created_date,
        m1_0.description,
        m1_0.installation_date,
        m1_0.last_maintenance_date,
        m1_0.last_modified_date,
        m1_0.location,
        m1_0.manufacturer,
        m1_0.model,
        m1_0.name,
        m1_0.next_maintenance_date,
        m1_0.operating_hours,
        m1_0.photo_content_type,
        m1_0.photo_path,
        m1_0.risk_score,
        m1_0.serial_number,
        m1_0.status,
        m1_0.sub_category 
    from
        machines m1_0
2026-05-29T12:39:29.757+01:00 DEBUG 5656 --- [predictive-maintenance-backend] [MessageBroker-3] org.hibernate.SQL                        : 
    insert 
    into
        sensor_telemetry
        (created_at, machine_id, sensor1, sensor10, sensor11, sensor12, sensor13, sensor14, sensor15, sensor16, sensor17, sensor18, sensor19, sensor2, sensor20, sensor21, sensor3, sensor4, sensor5, sensor6, sensor7, sensor8, sensor9, setting1, setting2, setting3, timestamp) 
    values
        (?, ?, ?, ?, ?, ?, ?, ?, ?, ?, ?, ?, ?, ?, ?, ?, ?, ?, ?, ?, ?, ?, ?, ?, ?, ?, ?)
2026-05-29T12:39:29.759+01:00 DEBUG 5656 --- [predictive-maintenance-backend] [MessageBroker-3] c.p.p.ml.service.MLServiceClient         : Calling ML service for machine 10: http://localhost:8000/predict
2026-05-29T12:39:29.936+01:00 DEBUG 5656 --- [predictive-maintenance-backend] [MessageBroker-3] c.p.p.ml.service.MLServiceClient         : ML prediction received for machine 10: RUL=77.0, anomaly=0.269, risk=MEDIUM
2026-05-29T12:39:29.938+01:00 DEBUG 5656 --- [predictive-maintenance-backend] [MessageBroker-3] org.hibernate.SQL                        : 
    insert 
    into
        prediction_history
        (ambient_temperature, anomaly_probability, anomaly_type, bearing_wear, confidence_score, created_at, current, efficiency_score, failure_probability, fatigue_index, health, load_factor, lubrication_level, machine_id, ml_prediction_available, operating_speed, power_consumption, predicted_failure_type, predicted_rul, pressure, recommended_action, remaining_useful_life, requires_immediate_action, risk_level, risk_score, severity, temperature, thermal_stress, timestamp, vibration, voltage) 
    values
        (?, ?, ?, ?, ?, ?, ?, ?, ?, ?, ?, ?, ?, ?, ?, ?, ?, ?, ?, ?, ?, ?, ?, ?, ?, ?, ?, ?, ?, ?, ?)
2026-05-29T12:39:29.942+01:00 DEBUG 5656 --- [predictive-maintenance-backend] [MessageBroker-3] c.p.p.w.service.MachineStreamingService  : Stored prediction history for machine 10
2026-05-29T12:39:29.943+01:00 DEBUG 5656 --- [predictive-maintenance-backend] [MessageBroker-3] c.p.p.w.service.MachineStreamingService  : Streamed dataset-driven telemetry for 1 machines
2026-05-29T12:39:29.949+01:00 DEBUG 5656 --- [predictive-maintenance-backend] [MessageBroker-3] org.hibernate.SQL                        : 
    update
        machines 
    set
        category=?,
        description=?,
        installation_date=?,
        last_maintenance_date=?,
        last_modified_date=?,
        location=?,
        manufacturer=?,
        model=?,
        name=?,
        next_maintenance_date=?,
        operating_hours=?,
        photo_content_type=?,
        photo_path=?,
        risk_score=?,
        serial_number=?,
        status=?,
        sub_category=? 
    where
        id=?
2026-05-29T12:39:31.755+01:00 DEBUG 5656 --- [predictive-maintenance-backend] [MessageBroker-3] org.hibernate.SQL                        : 
    select
        m1_0.id,
        m1_0.category,
        m1_0.created_date,
        m1_0.description,
        m1_0.installation_date,
        m1_0.last_maintenance_date,
        m1_0.last_modified_date,
        m1_0.location,
        m1_0.manufacturer,
        m1_0.model,
        m1_0.name,
        m1_0.next_maintenance_date,
        m1_0.operating_hours,
        m1_0.photo_content_type,
        m1_0.photo_path,
        m1_0.risk_score,
        m1_0.serial_number,
        m1_0.status,
        m1_0.sub_category 
    from
        machines m1_0
2026-05-29T12:39:31.757+01:00 DEBUG 5656 --- [predictive-maintenance-backend] [MessageBroker-3] org.hibernate.SQL                        : 
    insert 
    into
        sensor_telemetry
        (created_at, machine_id, sensor1, sensor10, sensor11, sensor12, sensor13, sensor14, sensor15, sensor16, sensor17, sensor18, sensor19, sensor2, sensor20, sensor21, sensor3, sensor4, sensor5, sensor6, sensor7, sensor8, sensor9, setting1, setting2, setting3, timestamp) 
    values
        (?, ?, ?, ?, ?, ?, ?, ?, ?, ?, ?, ?, ?, ?, ?, ?, ?, ?, ?, ?, ?, ?, ?, ?, ?, ?, ?)
2026-05-29T12:39:31.760+01:00 DEBUG 5656 --- [predictive-maintenance-backend] [MessageBroker-3] c.p.p.ml.service.MLServiceClient         : Calling ML service for machine 10: http://localhost:8000/predict
2026-05-29T12:39:31.894+01:00 DEBUG 5656 --- [predictive-maintenance-backend] [MessageBroker-3] c.p.p.ml.service.MLServiceClient         : ML prediction received for machine 10: RUL=76.79, anomaly=0.268, risk=MEDIUM
2026-05-29T12:39:31.896+01:00 DEBUG 5656 --- [predictive-maintenance-backend] [MessageBroker-3] org.hibernate.SQL                        : 
    insert 
    into
        prediction_history
        (ambient_temperature, anomaly_probability, anomaly_type, bearing_wear, confidence_score, created_at, current, efficiency_score, failure_probability, fatigue_index, health, load_factor, lubrication_level, machine_id, ml_prediction_available, operating_speed, power_consumption, predicted_failure_type, predicted_rul, pressure, recommended_action, remaining_useful_life, requires_immediate_action, risk_level, risk_score, severity, temperature, thermal_stress, timestamp, vibration, voltage) 
    values
        (?, ?, ?, ?, ?, ?, ?, ?, ?, ?, ?, ?, ?, ?, ?, ?, ?, ?, ?, ?, ?, ?, ?, ?, ?, ?, ?, ?, ?, ?, ?)
2026-05-29T12:39:31.901+01:00 DEBUG 5656 --- [predictive-maintenance-backend] [MessageBroker-3] c.p.p.w.service.MachineStreamingService  : Stored prediction history for machine 10
2026-05-29T12:39:31.902+01:00 DEBUG 5656 --- [predictive-maintenance-backend] [MessageBroker-3] c.p.p.w.service.MachineStreamingService  : Streamed dataset-driven telemetry for 1 machines
2026-05-29T12:39:31.906+01:00 DEBUG 5656 --- [predictive-maintenance-backend] [MessageBroker-3] org.hibernate.SQL                        : 
    update
        machines 
    set
        category=?,
        description=?,
        installation_date=?,
        last_maintenance_date=?,
        last_modified_date=?,
        location=?,
        manufacturer=?,
        model=?,
        name=?,
        next_maintenance_date=?,
        operating_hours=?,
        photo_content_type=?,
        photo_path=?,
        risk_score=?,
        serial_number=?,
        status=?,
        sub_category=? 
    where
        id=?
2026-05-29T12:39:32.751+01:00 DEBUG 5656 --- [predictive-maintenance-backend] [http-nio-8080-exec-6] o.s.security.web.FilterChainProxy        : Securing GET /api/v1/notifications/unread-count
2026-05-29T12:39:32.751+01:00 DEBUG 5656 --- [predictive-maintenance-backend] [http-nio-8080-exec-8] o.s.security.web.FilterChainProxy        : Securing GET /api/v1/notifications?role=TECHNICIAN
2026-05-29T12:39:32.779+01:00 DEBUG 5656 --- [predictive-maintenance-backend] [http-nio-8080-exec-6] o.s.security.web.FilterChainProxy        : Secured GET /api/v1/notifications/unread-count
2026-05-29T12:39:32.780+01:00 DEBUG 5656 --- [predictive-maintenance-backend] [http-nio-8080-exec-8] o.s.security.web.FilterChainProxy        : Secured GET /api/v1/notifications?role=TECHNICIAN
2026-05-29T12:39:32.782+01:00 DEBUG 5656 --- [predictive-maintenance-backend] [http-nio-8080-exec-6] horizationManagerBeforeMethodInterceptor : Authorizing method invocation ReflectiveMethodInvocation: public org.springframework.http.ResponseEntity com.pfe.predictive.notification.controller.NotificationController.getUnreadCount(); target is of class [com.pfe.predictive.notification.controller.NotificationController]
2026-05-29T12:39:32.783+01:00 DEBUG 5656 --- [predictive-maintenance-backend] [http-nio-8080-exec-8] horizationManagerBeforeMethodInterceptor : Authorizing method invocation ReflectiveMethodInvocation: public org.springframework.http.ResponseEntity com.pfe.predictive.notification.controller.NotificationController.getNotifications(java.lang.String); target is of class [com.pfe.predictive.notification.controller.NotificationController]
2026-05-29T12:39:32.787+01:00 DEBUG 5656 --- [predictive-maintenance-backend] [http-nio-8080-exec-8] horizationManagerBeforeMethodInterceptor : Authorized method invocation ReflectiveMethodInvocation: public org.springframework.http.ResponseEntity com.pfe.predictive.notification.controller.NotificationController.getNotifications(java.lang.String); target is of class [com.pfe.predictive.notification.controller.NotificationController]
2026-05-29T12:39:32.787+01:00 DEBUG 5656 --- [predictive-maintenance-backend] [http-nio-8080-exec-6] horizationManagerBeforeMethodInterceptor : Authorized method invocation ReflectiveMethodInvocation: public org.springframework.http.ResponseEntity com.pfe.predictive.notification.controller.NotificationController.getUnreadCount(); target is of class [com.pfe.predictive.notification.controller.NotificationController]
2026-05-29T12:39:32.792+01:00 DEBUG 5656 --- [predictive-maintenance-backend] [http-nio-8080-exec-6] org.hibernate.SQL                        : 
    select
        count(n1_0.id) 
    from
        notifications n1_0 
    where
        not(n1_0.is_read)
2026-05-29T12:39:32.794+01:00 DEBUG 5656 --- [predictive-maintenance-backend] [http-nio-8080-exec-8] org.hibernate.SQL                        : 
    select
        n1_0.id,
        n1_0.body,
        n1_0.created_at,
        n1_0.is_read,
        n1_0.machine_id,
        n1_0.prediction_record_id,
        n1_0.risk_level,
        n1_0.target_roles,
        n1_0.title 
    from
        notifications n1_0 
    where
        n1_0.target_roles like ? escape '\' 
    order by
        n1_0.created_at desc
2026-05-29T12:39:33.766+01:00 DEBUG 5656 --- [predictive-maintenance-backend] [MessageBroker-3] org.hibernate.SQL                        : 
    select
        m1_0.id,
        m1_0.category,
        m1_0.created_date,
        m1_0.description,
        m1_0.installation_date,
        m1_0.last_maintenance_date,
        m1_0.last_modified_date,
        m1_0.location,
        m1_0.manufacturer,
        m1_0.model,
        m1_0.name,
        m1_0.next_maintenance_date,
        m1_0.operating_hours,
        m1_0.photo_content_type,
        m1_0.photo_path,
        m1_0.risk_score,
        m1_0.serial_number,
        m1_0.status,
        m1_0.sub_category 
    from
        machines m1_0
2026-05-29T12:39:33.769+01:00 DEBUG 5656 --- [predictive-maintenance-backend] [MessageBroker-3] org.hibernate.SQL                        : 
    insert 
    into
        sensor_telemetry
        (created_at, machine_id, sensor1, sensor10, sensor11, sensor12, sensor13, sensor14, sensor15, sensor16, sensor17, sensor18, sensor19, sensor2, sensor20, sensor21, sensor3, sensor4, sensor5, sensor6, sensor7, sensor8, sensor9, setting1, setting2, setting3, timestamp) 
    values
        (?, ?, ?, ?, ?, ?, ?, ?, ?, ?, ?, ?, ?, ?, ?, ?, ?, ?, ?, ?, ?, ?, ?, ?, ?, ?, ?)
2026-05-29T12:39:33.772+01:00 DEBUG 5656 --- [predictive-maintenance-backend] [MessageBroker-3] c.p.p.ml.service.MLServiceClient         : Calling ML service for machine 10: http://localhost:8000/predict
2026-05-29T12:39:33.922+01:00 DEBUG 5656 --- [predictive-maintenance-backend] [MessageBroker-3] c.p.p.ml.service.MLServiceClient         : ML prediction received for machine 10: RUL=76.83, anomaly=0.266, risk=MEDIUM
2026-05-29T12:39:33.923+01:00 DEBUG 5656 --- [predictive-maintenance-backend] [MessageBroker-3] org.hibernate.SQL                        : 
    insert 
    into
        prediction_history
        (ambient_temperature, anomaly_probability, anomaly_type, bearing_wear, confidence_score, created_at, current, efficiency_score, failure_probability, fatigue_index, health, load_factor, lubrication_level, machine_id, ml_prediction_available, operating_speed, power_consumption, predicted_failure_type, predicted_rul, pressure, recommended_action, remaining_useful_life, requires_immediate_action, risk_level, risk_score, severity, temperature, thermal_stress, timestamp, vibration, voltage) 
    values
        (?, ?, ?, ?, ?, ?, ?, ?, ?, ?, ?, ?, ?, ?, ?, ?, ?, ?, ?, ?, ?, ?, ?, ?, ?, ?, ?, ?, ?, ?, ?)
2026-05-29T12:39:33.928+01:00 DEBUG 5656 --- [predictive-maintenance-backend] [MessageBroker-3] c.p.p.w.service.MachineStreamingService  : Stored prediction history for machine 10
2026-05-29T12:39:33.929+01:00 DEBUG 5656 --- [predictive-maintenance-backend] [MessageBroker-3] c.p.p.w.service.MachineStreamingService  : Streamed dataset-driven telemetry for 1 machines
2026-05-29T12:39:33.932+01:00 DEBUG 5656 --- [predictive-maintenance-backend] [MessageBroker-3] org.hibernate.SQL                        : 
    update
        machines 
    set
        category=?,
        description=?,
        installation_date=?,
        last_maintenance_date=?,
        last_modified_date=?,
        location=?,
        manufacturer=?,
        model=?,
        name=?,
        next_maintenance_date=?,
        operating_hours=?,
        photo_content_type=?,
        photo_path=?,
        risk_score=?,
        serial_number=?,
        status=?,
        sub_category=? 
    where
        id=?
2026-05-29T12:39:35.767+01:00 DEBUG 5656 --- [predictive-maintenance-backend] [MessageBroker-10] org.hibernate.SQL                        : 
    select
        m1_0.id,
        m1_0.category,
        m1_0.created_date,
        m1_0.description,
        m1_0.installation_date,
        m1_0.last_maintenance_date,
        m1_0.last_modified_date,
        m1_0.location,
        m1_0.manufacturer,
        m1_0.model,
        m1_0.name,
        m1_0.next_maintenance_date,
        m1_0.operating_hours,
        m1_0.photo_content_type,
        m1_0.photo_path,
        m1_0.risk_score,
        m1_0.serial_number,
        m1_0.status,
        m1_0.sub_category 
    from
        machines m1_0
2026-05-29T12:39:35.771+01:00 DEBUG 5656 --- [predictive-maintenance-backend] [MessageBroker-10] org.hibernate.SQL                        : 
    insert 
    into
        sensor_telemetry
        (created_at, machine_id, sensor1, sensor10, sensor11, sensor12, sensor13, sensor14, sensor15, sensor16, sensor17, sensor18, sensor19, sensor2, sensor20, sensor21, sensor3, sensor4, sensor5, sensor6, sensor7, sensor8, sensor9, setting1, setting2, setting3, timestamp) 
    values
        (?, ?, ?, ?, ?, ?, ?, ?, ?, ?, ?, ?, ?, ?, ?, ?, ?, ?, ?, ?, ?, ?, ?, ?, ?, ?, ?)
2026-05-29T12:39:35.774+01:00 DEBUG 5656 --- [predictive-maintenance-backend] [MessageBroker-10] c.p.p.ml.service.MLServiceClient         : Calling ML service for machine 10: http://localhost:8000/predict
2026-05-29T12:39:35.916+01:00 DEBUG 5656 --- [predictive-maintenance-backend] [MessageBroker-10] c.p.p.ml.service.MLServiceClient         : ML prediction received for machine 10: RUL=76.96, anomaly=0.263, risk=MEDIUM
2026-05-29T12:39:35.918+01:00 DEBUG 5656 --- [predictive-maintenance-backend] [MessageBroker-10] org.hibernate.SQL                        : 
    insert 
    into
        prediction_history
        (ambient_temperature, anomaly_probability, anomaly_type, bearing_wear, confidence_score, created_at, current, efficiency_score, failure_probability, fatigue_index, health, load_factor, lubrication_level, machine_id, ml_prediction_available, operating_speed, power_consumption, predicted_failure_type, predicted_rul, pressure, recommended_action, remaining_useful_life, requires_immediate_action, risk_level, risk_score, severity, temperature, thermal_stress, timestamp, vibration, voltage) 
    values
        (?, ?, ?, ?, ?, ?, ?, ?, ?, ?, ?, ?, ?, ?, ?, ?, ?, ?, ?, ?, ?, ?, ?, ?, ?, ?, ?, ?, ?, ?, ?)
2026-05-29T12:39:35.921+01:00 DEBUG 5656 --- [predictive-maintenance-backend] [MessageBroker-10] c.p.p.w.service.MachineStreamingService  : Stored prediction history for machine 10
2026-05-29T12:39:35.922+01:00 DEBUG 5656 --- [predictive-maintenance-backend] [MessageBroker-10] c.p.p.w.service.MachineStreamingService  : Streamed dataset-driven telemetry for 1 machines
2026-05-29T12:39:35.926+01:00 DEBUG 5656 --- [predictive-maintenance-backend] [MessageBroker-10] org.hibernate.SQL                        : 
    update
        machines 
    set
        category=?,
        description=?,
        installation_date=?,
        last_maintenance_date=?,
        last_modified_date=?,
        location=?,
        manufacturer=?,
        model=?,
        name=?,
        next_maintenance_date=?,
        operating_hours=?,
        photo_content_type=?,
        photo_path=?,
        risk_score=?,
        serial_number=?,
        status=?,
        sub_category=? 
    where
        id=?
2026-05-29T12:39:37.767+01:00 DEBUG 5656 --- [predictive-maintenance-backend] [MessageBroker-10] org.hibernate.SQL                        : 
    select
        m1_0.id,
        m1_0.category,
        m1_0.created_date,
        m1_0.description,
        m1_0.installation_date,
        m1_0.last_maintenance_date,
        m1_0.last_modified_date,
        m1_0.location,
        m1_0.manufacturer,
        m1_0.model,
        m1_0.name,
        m1_0.next_maintenance_date,
        m1_0.operating_hours,
        m1_0.photo_content_type,
        m1_0.photo_path,
        m1_0.risk_score,
        m1_0.serial_number,
        m1_0.status,
        m1_0.sub_category 
    from
        machines m1_0
2026-05-29T12:39:37.772+01:00 DEBUG 5656 --- [predictive-maintenance-backend] [MessageBroker-10] org.hibernate.SQL                        : 
    insert 
    into
        sensor_telemetry
        (created_at, machine_id, sensor1, sensor10, sensor11, sensor12, sensor13, sensor14, sensor15, sensor16, sensor17, sensor18, sensor19, sensor2, sensor20, sensor21, sensor3, sensor4, sensor5, sensor6, sensor7, sensor8, sensor9, setting1, setting2, setting3, timestamp) 
    values
        (?, ?, ?, ?, ?, ?, ?, ?, ?, ?, ?, ?, ?, ?, ?, ?, ?, ?, ?, ?, ?, ?, ?, ?, ?, ?, ?)
2026-05-29T12:39:37.775+01:00 DEBUG 5656 --- [predictive-maintenance-backend] [MessageBroker-10] c.p.p.ml.service.MLServiceClient         : Calling ML service for machine 10: http://localhost:8000/predict
2026-05-29T12:39:37.932+01:00 DEBUG 5656 --- [predictive-maintenance-backend] [MessageBroker-10] c.p.p.ml.service.MLServiceClient         : ML prediction received for machine 10: RUL=77.38, anomaly=0.26, risk=MEDIUM
2026-05-29T12:39:37.933+01:00 DEBUG 5656 --- [predictive-maintenance-backend] [MessageBroker-10] org.hibernate.SQL                        : 
    insert 
    into
        prediction_history
        (ambient_temperature, anomaly_probability, anomaly_type, bearing_wear, confidence_score, created_at, current, efficiency_score, failure_probability, fatigue_index, health, load_factor, lubrication_level, machine_id, ml_prediction_available, operating_speed, power_consumption, predicted_failure_type, predicted_rul, pressure, recommended_action, remaining_useful_life, requires_immediate_action, risk_level, risk_score, severity, temperature, thermal_stress, timestamp, vibration, voltage) 
    values
        (?, ?, ?, ?, ?, ?, ?, ?, ?, ?, ?, ?, ?, ?, ?, ?, ?, ?, ?, ?, ?, ?, ?, ?, ?, ?, ?, ?, ?, ?, ?)
2026-05-29T12:39:37.937+01:00 DEBUG 5656 --- [predictive-maintenance-backend] [MessageBroker-10] c.p.p.w.service.MachineStreamingService  : Stored prediction history for machine 10
2026-05-29T12:39:37.938+01:00 DEBUG 5656 --- [predictive-maintenance-backend] [MessageBroker-10] c.p.p.w.service.MachineStreamingService  : Streamed dataset-driven telemetry for 1 machines
2026-05-29T12:39:37.941+01:00 DEBUG 5656 --- [predictive-maintenance-backend] [MessageBroker-10] org.hibernate.SQL                        : 
    update
        machines 
    set
        category=?,
        description=?,
        installation_date=?,
        last_maintenance_date=?,
        last_modified_date=?,
        location=?,
        manufacturer=?,
        model=?,
        name=?,
        next_maintenance_date=?,
        operating_hours=?,
        photo_content_type=?,
        photo_path=?,
        risk_score=?,
        serial_number=?,
        status=?,
        sub_category=? 
    where
        id=?
2026-05-29T12:39:39.753+01:00 DEBUG 5656 --- [predictive-maintenance-backend] [MessageBroker-12] org.hibernate.SQL                        : 
    select
        m1_0.id,
        m1_0.category,
        m1_0.created_date,
        m1_0.description,
        m1_0.installation_date,
        m1_0.last_maintenance_date,
        m1_0.last_modified_date,
        m1_0.location,
        m1_0.manufacturer,
        m1_0.model,
        m1_0.name,
        m1_0.next_maintenance_date,
        m1_0.operating_hours,
        m1_0.photo_content_type,
        m1_0.photo_path,
        m1_0.risk_score,
        m1_0.serial_number,
        m1_0.status,
        m1_0.sub_category 
    from
        machines m1_0
2026-05-29T12:39:39.756+01:00 DEBUG 5656 --- [predictive-maintenance-backend] [MessageBroker-12] org.hibernate.SQL                        : 
    insert 
    into
        sensor_telemetry
        (created_at, machine_id, sensor1, sensor10, sensor11, sensor12, sensor13, sensor14, sensor15, sensor16, sensor17, sensor18, sensor19, sensor2, sensor20, sensor21, sensor3, sensor4, sensor5, sensor6, sensor7, sensor8, sensor9, setting1, setting2, setting3, timestamp) 
    values
        (?, ?, ?, ?, ?, ?, ?, ?, ?, ?, ?, ?, ?, ?, ?, ?, ?, ?, ?, ?, ?, ?, ?, ?, ?, ?, ?)
2026-05-29T12:39:39.758+01:00 DEBUG 5656 --- [predictive-maintenance-backend] [MessageBroker-12] c.p.p.ml.service.MLServiceClient         : Calling ML service for machine 10: http://localhost:8000/predict
2026-05-29T12:39:39.933+01:00 DEBUG 5656 --- [predictive-maintenance-backend] [MessageBroker-12] c.p.p.ml.service.MLServiceClient         : ML prediction received for machine 10: RUL=77.79, anomaly=0.258, risk=MEDIUM
2026-05-29T12:39:39.934+01:00 DEBUG 5656 --- [predictive-maintenance-backend] [MessageBroker-12] org.hibernate.SQL                        : 
    insert 
    into
        prediction_history
        (ambient_temperature, anomaly_probability, anomaly_type, bearing_wear, confidence_score, created_at, current, efficiency_score, failure_probability, fatigue_index, health, load_factor, lubrication_level, machine_id, ml_prediction_available, operating_speed, power_consumption, predicted_failure_type, predicted_rul, pressure, recommended_action, remaining_useful_life, requires_immediate_action, risk_level, risk_score, severity, temperature, thermal_stress, timestamp, vibration, voltage) 
    values
        (?, ?, ?, ?, ?, ?, ?, ?, ?, ?, ?, ?, ?, ?, ?, ?, ?, ?, ?, ?, ?, ?, ?, ?, ?, ?, ?, ?, ?, ?, ?)
2026-05-29T12:39:39.936+01:00 DEBUG 5656 --- [predictive-maintenance-backend] [MessageBroker-12] c.p.p.w.service.MachineStreamingService  : Stored prediction history for machine 10
2026-05-29T12:39:39.937+01:00 DEBUG 5656 --- [predictive-maintenance-backend] [MessageBroker-12] c.p.p.w.service.MachineStreamingService  : Streamed dataset-driven telemetry for 1 machines
2026-05-29T12:39:39.939+01:00 DEBUG 5656 --- [predictive-maintenance-backend] [MessageBroker-12] org.hibernate.SQL                        : 
    update
        machines 
    set
        category=?,
        description=?,
        installation_date=?,
        last_maintenance_date=?,
        last_modified_date=?,
        location=?,
        manufacturer=?,
        model=?,
        name=?,
        next_maintenance_date=?,
        operating_hours=?,
        photo_content_type=?,
        photo_path=?,
        risk_score=?,
        serial_number=?,
        status=?,
        sub_category=? 
    where
        id=?
2026-05-29T12:39:41.751+01:00 DEBUG 5656 --- [predictive-maintenance-backend] [MessageBroker-12] org.hibernate.SQL                        : 
    select
        m1_0.id,
        m1_0.category,
        m1_0.created_date,
        m1_0.description,
        m1_0.installation_date,
        m1_0.last_maintenance_date,
        m1_0.last_modified_date,
        m1_0.location,
        m1_0.manufacturer,
        m1_0.model,
        m1_0.name,
        m1_0.next_maintenance_date,
        m1_0.operating_hours,
        m1_0.photo_content_type,
        m1_0.photo_path,
        m1_0.risk_score,
        m1_0.serial_number,
        m1_0.status,
        m1_0.sub_category 
    from
        machines m1_0
2026-05-29T12:39:41.752+01:00 DEBUG 5656 --- [predictive-maintenance-backend] [MessageBroker-12] org.hibernate.SQL                        : 
    insert 
    into
        sensor_telemetry
        (created_at, machine_id, sensor1, sensor10, sensor11, sensor12, sensor13, sensor14, sensor15, sensor16, sensor17, sensor18, sensor19, sensor2, sensor20, sensor21, sensor3, sensor4, sensor5, sensor6, sensor7, sensor8, sensor9, setting1, setting2, setting3, timestamp) 
    values
        (?, ?, ?, ?, ?, ?, ?, ?, ?, ?, ?, ?, ?, ?, ?, ?, ?, ?, ?, ?, ?, ?, ?, ?, ?, ?, ?)
2026-05-29T12:39:41.753+01:00 DEBUG 5656 --- [predictive-maintenance-backend] [MessageBroker-12] c.p.p.ml.service.MLServiceClient         : Calling ML service for machine 10: http://localhost:8000/predict
2026-05-29T12:39:41.816+01:00 DEBUG 5656 --- [predictive-maintenance-backend] [MessageBroker-12] c.p.p.ml.service.MLServiceClient         : ML prediction received for machine 10: RUL=78.27, anomaly=0.255, risk=MEDIUM
2026-05-29T12:39:41.817+01:00 DEBUG 5656 --- [predictive-maintenance-backend] [MessageBroker-12] org.hibernate.SQL                        : 
    insert 
    into
        prediction_history
        (ambient_temperature, anomaly_probability, anomaly_type, bearing_wear, confidence_score, created_at, current, efficiency_score, failure_probability, fatigue_index, health, load_factor, lubrication_level, machine_id, ml_prediction_available, operating_speed, power_consumption, predicted_failure_type, predicted_rul, pressure, recommended_action, remaining_useful_life, requires_immediate_action, risk_level, risk_score, severity, temperature, thermal_stress, timestamp, vibration, voltage) 
    values
        (?, ?, ?, ?, ?, ?, ?, ?, ?, ?, ?, ?, ?, ?, ?, ?, ?, ?, ?, ?, ?, ?, ?, ?, ?, ?, ?, ?, ?, ?, ?)
2026-05-29T12:39:41.819+01:00 DEBUG 5656 --- [predictive-maintenance-backend] [MessageBroker-12] c.p.p.w.service.MachineStreamingService  : Stored prediction history for machine 10
2026-05-29T12:39:41.819+01:00 DEBUG 5656 --- [predictive-maintenance-backend] [MessageBroker-12] c.p.p.w.service.MachineStreamingService  : Streamed dataset-driven telemetry for 1 machines
2026-05-29T12:39:41.821+01:00 DEBUG 5656 --- [predictive-maintenance-backend] [MessageBroker-12] org.hibernate.SQL                        : 
    update
        machines 
    set
        category=?,
        description=?,
        installation_date=?,
        last_maintenance_date=?,
        last_modified_date=?,
        location=?,
        manufacturer=?,
        model=?,
        name=?,
        next_maintenance_date=?,
        operating_hours=?,
        photo_content_type=?,
        photo_path=?,
        risk_score=?,
        serial_number=?,
        status=?,
        sub_category=? 
    where
        id=?
2026-05-29T12:39:43.761+01:00 DEBUG 5656 --- [predictive-maintenance-backend] [MessageBroker-12] org.hibernate.SQL                        : 
    select
        m1_0.id,
        m1_0.category,
        m1_0.created_date,
        m1_0.description,
        m1_0.installation_date,
        m1_0.last_maintenance_date,
        m1_0.last_modified_date,
        m1_0.location,
        m1_0.manufacturer,
        m1_0.model,
        m1_0.name,
        m1_0.next_maintenance_date,
        m1_0.operating_hours,
        m1_0.photo_content_type,
        m1_0.photo_path,
        m1_0.risk_score,
        m1_0.serial_number,
        m1_0.status,
        m1_0.sub_category 
    from
        machines m1_0
2026-05-29T12:39:43.765+01:00 DEBUG 5656 --- [predictive-maintenance-backend] [MessageBroker-12] org.hibernate.SQL                        : 
    insert 
    into
        sensor_telemetry
        (created_at, machine_id, sensor1, sensor10, sensor11, sensor12, sensor13, sensor14, sensor15, sensor16, sensor17, sensor18, sensor19, sensor2, sensor20, sensor21, sensor3, sensor4, sensor5, sensor6, sensor7, sensor8, sensor9, setting1, setting2, setting3, timestamp) 
    values
        (?, ?, ?, ?, ?, ?, ?, ?, ?, ?, ?, ?, ?, ?, ?, ?, ?, ?, ?, ?, ?, ?, ?, ?, ?, ?, ?)
2026-05-29T12:39:43.767+01:00 DEBUG 5656 --- [predictive-maintenance-backend] [MessageBroker-12] c.p.p.ml.service.MLServiceClient         : Calling ML service for machine 10: http://localhost:8000/predict
2026-05-29T12:39:43.817+01:00 DEBUG 5656 --- [predictive-maintenance-backend] [MessageBroker-12] c.p.p.ml.service.MLServiceClient         : ML prediction received for machine 10: RUL=78.62, anomaly=0.254, risk=MEDIUM
2026-05-29T12:39:43.818+01:00 DEBUG 5656 --- [predictive-maintenance-backend] [MessageBroker-12] org.hibernate.SQL                        : 
    insert 
    into
        prediction_history
        (ambient_temperature, anomaly_probability, anomaly_type, bearing_wear, confidence_score, created_at, current, efficiency_score, failure_probability, fatigue_index, health, load_factor, lubrication_level, machine_id, ml_prediction_available, operating_speed, power_consumption, predicted_failure_type, predicted_rul, pressure, recommended_action, remaining_useful_life, requires_immediate_action, risk_level, risk_score, severity, temperature, thermal_stress, timestamp, vibration, voltage) 
    values
        (?, ?, ?, ?, ?, ?, ?, ?, ?, ?, ?, ?, ?, ?, ?, ?, ?, ?, ?, ?, ?, ?, ?, ?, ?, ?, ?, ?, ?, ?, ?)
2026-05-29T12:39:43.820+01:00 DEBUG 5656 --- [predictive-maintenance-backend] [MessageBroker-12] c.p.p.w.service.MachineStreamingService  : Stored prediction history for machine 10
2026-05-29T12:39:43.821+01:00 DEBUG 5656 --- [predictive-maintenance-backend] [MessageBroker-12] c.p.p.w.service.MachineStreamingService  : Streamed dataset-driven telemetry for 1 machines
2026-05-29T12:39:43.821+01:00 DEBUG 5656 --- [predictive-maintenance-backend] [MessageBroker-12] org.hibernate.SQL                        : 
    update
        machines 
    set
        category=?,
        description=?,
        installation_date=?,
        last_maintenance_date=?,
        last_modified_date=?,
        location=?,
        manufacturer=?,
        model=?,
        name=?,
        next_maintenance_date=?,
        operating_hours=?,
        photo_content_type=?,
        photo_path=?,
        risk_score=?,
        serial_number=?,
        status=?,
        sub_category=? 
    where
        id=?
2026-05-29T12:39:45.760+01:00 DEBUG 5656 --- [predictive-maintenance-backend] [MessageBroker-4] org.hibernate.SQL                        : 
    select
        m1_0.id,
        m1_0.category,
        m1_0.created_date,
        m1_0.description,
        m1_0.installation_date,
        m1_0.last_maintenance_date,
        m1_0.last_modified_date,
        m1_0.location,
        m1_0.manufacturer,
        m1_0.model,
        m1_0.name,
        m1_0.next_maintenance_date,
        m1_0.operating_hours,
        m1_0.photo_content_type,
        m1_0.photo_path,
        m1_0.risk_score,
        m1_0.serial_number,
        m1_0.status,
        m1_0.sub_category 
    from
        machines m1_0
2026-05-29T12:39:45.761+01:00 DEBUG 5656 --- [predictive-maintenance-backend] [MessageBroker-4] org.hibernate.SQL                        : 
    insert 
    into
        sensor_telemetry
        (created_at, machine_id, sensor1, sensor10, sensor11, sensor12, sensor13, sensor14, sensor15, sensor16, sensor17, sensor18, sensor19, sensor2, sensor20, sensor21, sensor3, sensor4, sensor5, sensor6, sensor7, sensor8, sensor9, setting1, setting2, setting3, timestamp) 
    values
        (?, ?, ?, ?, ?, ?, ?, ?, ?, ?, ?, ?, ?, ?, ?, ?, ?, ?, ?, ?, ?, ?, ?, ?, ?, ?, ?)
2026-05-29T12:39:45.762+01:00 DEBUG 5656 --- [predictive-maintenance-backend] [MessageBroker-4] c.p.p.ml.service.MLServiceClient         : Calling ML service for machine 10: http://localhost:8000/predict
2026-05-29T12:39:45.820+01:00 DEBUG 5656 --- [predictive-maintenance-backend] [MessageBroker-4] c.p.p.ml.service.MLServiceClient         : ML prediction received for machine 10: RUL=78.83, anomaly=0.256, risk=MEDIUM
2026-05-29T12:39:45.821+01:00 DEBUG 5656 --- [predictive-maintenance-backend] [MessageBroker-4] org.hibernate.SQL                        : 
    insert 
    into
        prediction_history
        (ambient_temperature, anomaly_probability, anomaly_type, bearing_wear, confidence_score, created_at, current, efficiency_score, failure_probability, fatigue_index, health, load_factor, lubrication_level, machine_id, ml_prediction_available, operating_speed, power_consumption, predicted_failure_type, predicted_rul, pressure, recommended_action, remaining_useful_life, requires_immediate_action, risk_level, risk_score, severity, temperature, thermal_stress, timestamp, vibration, voltage) 
    values
        (?, ?, ?, ?, ?, ?, ?, ?, ?, ?, ?, ?, ?, ?, ?, ?, ?, ?, ?, ?, ?, ?, ?, ?, ?, ?, ?, ?, ?, ?, ?)
2026-05-29T12:39:45.824+01:00 DEBUG 5656 --- [predictive-maintenance-backend] [MessageBroker-4] c.p.p.w.service.MachineStreamingService  : Stored prediction history for machine 10
2026-05-29T12:39:45.825+01:00 DEBUG 5656 --- [predictive-maintenance-backend] [MessageBroker-4] c.p.p.w.service.MachineStreamingService  : Streamed dataset-driven telemetry for 1 machines
2026-05-29T12:39:45.825+01:00 DEBUG 5656 --- [predictive-maintenance-backend] [MessageBroker-4] org.hibernate.SQL                        : 
    update
        machines 
    set
        category=?,
        description=?,
        installation_date=?,
        last_maintenance_date=?,
        last_modified_date=?,
        location=?,
        manufacturer=?,
        model=?,
        name=?,
        next_maintenance_date=?,
        operating_hours=?,
        photo_content_type=?,
        photo_path=?,
        risk_score=?,
        serial_number=?,
        status=?,
        sub_category=? 
    where
        id=?
2026-05-29T12:39:47.758+01:00 DEBUG 5656 --- [predictive-maintenance-backend] [MessageBroker-4] org.hibernate.SQL                        : 
    select
        m1_0.id,
        m1_0.category,
        m1_0.created_date,
        m1_0.description,
        m1_0.installation_date,
        m1_0.last_maintenance_date,
        m1_0.last_modified_date,
        m1_0.location,
        m1_0.manufacturer,
        m1_0.model,
        m1_0.name,
        m1_0.next_maintenance_date,
        m1_0.operating_hours,
        m1_0.photo_content_type,
        m1_0.photo_path,
        m1_0.risk_score,
        m1_0.serial_number,
        m1_0.status,
        m1_0.sub_category 
    from
        machines m1_0
2026-05-29T12:39:47.761+01:00 DEBUG 5656 --- [predictive-maintenance-backend] [MessageBroker-4] org.hibernate.SQL                        : 
    insert 
    into
        sensor_telemetry
        (created_at, machine_id, sensor1, sensor10, sensor11, sensor12, sensor13, sensor14, sensor15, sensor16, sensor17, sensor18, sensor19, sensor2, sensor20, sensor21, sensor3, sensor4, sensor5, sensor6, sensor7, sensor8, sensor9, setting1, setting2, setting3, timestamp) 
    values
        (?, ?, ?, ?, ?, ?, ?, ?, ?, ?, ?, ?, ?, ?, ?, ?, ?, ?, ?, ?, ?, ?, ?, ?, ?, ?, ?)
2026-05-29T12:39:47.763+01:00 DEBUG 5656 --- [predictive-maintenance-backend] [MessageBroker-4] c.p.p.ml.service.MLServiceClient         : Calling ML service for machine 10: http://localhost:8000/predict
2026-05-29T12:39:47.947+01:00 DEBUG 5656 --- [predictive-maintenance-backend] [MessageBroker-4] c.p.p.ml.service.MLServiceClient         : ML prediction received for machine 10: RUL=78.96, anomaly=0.26, risk=MEDIUM
2026-05-29T12:39:47.951+01:00 DEBUG 5656 --- [predictive-maintenance-backend] [MessageBroker-4] org.hibernate.SQL                        : 
    insert 
    into
        prediction_history
        (ambient_temperature, anomaly_probability, anomaly_type, bearing_wear, confidence_score, created_at, current, efficiency_score, failure_probability, fatigue_index, health, load_factor, lubrication_level, machine_id, ml_prediction_available, operating_speed, power_consumption, predicted_failure_type, predicted_rul, pressure, recommended_action, remaining_useful_life, requires_immediate_action, risk_level, risk_score, severity, temperature, thermal_stress, timestamp, vibration, voltage) 
    values
        (?, ?, ?, ?, ?, ?, ?, ?, ?, ?, ?, ?, ?, ?, ?, ?, ?, ?, ?, ?, ?, ?, ?, ?, ?, ?, ?, ?, ?, ?, ?)
2026-05-29T12:39:47.959+01:00 DEBUG 5656 --- [predictive-maintenance-backend] [MessageBroker-4] c.p.p.w.service.MachineStreamingService  : Stored prediction history for machine 10
2026-05-29T12:39:47.965+01:00 DEBUG 5656 --- [predictive-maintenance-backend] [MessageBroker-4] c.p.p.w.service.MachineStreamingService  : Streamed dataset-driven telemetry for 1 machines
2026-05-29T12:39:47.968+01:00 DEBUG 5656 --- [predictive-maintenance-backend] [MessageBroker-4] org.hibernate.SQL                        : 
    update
        machines 
    set
        category=?,
        description=?,
        installation_date=?,
        last_maintenance_date=?,
        last_modified_date=?,
        location=?,
        manufacturer=?,
        model=?,
        name=?,
        next_maintenance_date=?,
        operating_hours=?,
        photo_content_type=?,
        photo_path=?,
        risk_score=?,
        serial_number=?,
        status=?,
        sub_category=? 
    where
        id=?
2026-05-29T12:39:49.762+01:00 DEBUG 5656 --- [predictive-maintenance-backend] [MessageBroker-5] org.hibernate.SQL                        : 
    select
        m1_0.id,
        m1_0.category,
        m1_0.created_date,
        m1_0.description,
        m1_0.installation_date,
        m1_0.last_maintenance_date,
        m1_0.last_modified_date,
        m1_0.location,
        m1_0.manufacturer,
        m1_0.model,
        m1_0.name,
        m1_0.next_maintenance_date,
        m1_0.operating_hours,
        m1_0.photo_content_type,
        m1_0.photo_path,
        m1_0.risk_score,
        m1_0.serial_number,
        m1_0.status,
        m1_0.sub_category 
    from
        machines m1_0
2026-05-29T12:39:49.766+01:00 DEBUG 5656 --- [predictive-maintenance-backend] [MessageBroker-5] org.hibernate.SQL                        : 
    insert 
    into
        sensor_telemetry
        (created_at, machine_id, sensor1, sensor10, sensor11, sensor12, sensor13, sensor14, sensor15, sensor16, sensor17, sensor18, sensor19, sensor2, sensor20, sensor21, sensor3, sensor4, sensor5, sensor6, sensor7, sensor8, sensor9, setting1, setting2, setting3, timestamp) 
    values
        (?, ?, ?, ?, ?, ?, ?, ?, ?, ?, ?, ?, ?, ?, ?, ?, ?, ?, ?, ?, ?, ?, ?, ?, ?, ?, ?)
2026-05-29T12:39:49.768+01:00 DEBUG 5656 --- [predictive-maintenance-backend] [MessageBroker-5] c.p.p.ml.service.MLServiceClient         : Calling ML service for machine 10: http://localhost:8000/predict
2026-05-29T12:39:49.930+01:00 DEBUG 5656 --- [predictive-maintenance-backend] [MessageBroker-5] c.p.p.ml.service.MLServiceClient         : ML prediction received for machine 10: RUL=79.22, anomaly=0.264, risk=MEDIUM
2026-05-29T12:39:49.932+01:00 DEBUG 5656 --- [predictive-maintenance-backend] [MessageBroker-5] org.hibernate.SQL                        : 
    insert 
    into
        prediction_history
        (ambient_temperature, anomaly_probability, anomaly_type, bearing_wear, confidence_score, created_at, current, efficiency_score, failure_probability, fatigue_index, health, load_factor, lubrication_level, machine_id, ml_prediction_available, operating_speed, power_consumption, predicted_failure_type, predicted_rul, pressure, recommended_action, remaining_useful_life, requires_immediate_action, risk_level, risk_score, severity, temperature, thermal_stress, timestamp, vibration, voltage) 
    values
        (?, ?, ?, ?, ?, ?, ?, ?, ?, ?, ?, ?, ?, ?, ?, ?, ?, ?, ?, ?, ?, ?, ?, ?, ?, ?, ?, ?, ?, ?, ?)
2026-05-29T12:39:49.937+01:00 DEBUG 5656 --- [predictive-maintenance-backend] [MessageBroker-5] c.p.p.w.service.MachineStreamingService  : Stored prediction history for machine 10
2026-05-29T12:39:49.940+01:00 DEBUG 5656 --- [predictive-maintenance-backend] [MessageBroker-5] c.p.p.w.service.MachineStreamingService  : Streamed dataset-driven telemetry for 1 machines
2026-05-29T12:39:49.946+01:00 DEBUG 5656 --- [predictive-maintenance-backend] [MessageBroker-5] org.hibernate.SQL                        : 
    update
        machines 
    set
        category=?,
        description=?,
        installation_date=?,
        last_maintenance_date=?,
        last_modified_date=?,
        location=?,
        manufacturer=?,
        model=?,
        name=?,
        next_maintenance_date=?,
        operating_hours=?,
        photo_content_type=?,
        photo_path=?,
        risk_score=?,
        serial_number=?,
        status=?,
        sub_category=? 
    where
        id=?
2026-05-29T12:39:51.765+01:00 DEBUG 5656 --- [predictive-maintenance-backend] [MessageBroker-5] org.hibernate.SQL                        : 
    select
        m1_0.id,
        m1_0.category,
        m1_0.created_date,
        m1_0.description,
        m1_0.installation_date,
        m1_0.last_maintenance_date,
        m1_0.last_modified_date,
        m1_0.location,
        m1_0.manufacturer,
        m1_0.model,
        m1_0.name,
        m1_0.next_maintenance_date,
        m1_0.operating_hours,
        m1_0.photo_content_type,
        m1_0.photo_path,
        m1_0.risk_score,
        m1_0.serial_number,
        m1_0.status,
        m1_0.sub_category 
    from
        machines m1_0
2026-05-29T12:39:51.767+01:00 DEBUG 5656 --- [predictive-maintenance-backend] [MessageBroker-5] org.hibernate.SQL                        : 
    insert 
    into
        sensor_telemetry
        (created_at, machine_id, sensor1, sensor10, sensor11, sensor12, sensor13, sensor14, sensor15, sensor16, sensor17, sensor18, sensor19, sensor2, sensor20, sensor21, sensor3, sensor4, sensor5, sensor6, sensor7, sensor8, sensor9, setting1, setting2, setting3, timestamp) 
    values
        (?, ?, ?, ?, ?, ?, ?, ?, ?, ?, ?, ?, ?, ?, ?, ?, ?, ?, ?, ?, ?, ?, ?, ?, ?, ?, ?)
2026-05-29T12:39:51.769+01:00 DEBUG 5656 --- [predictive-maintenance-backend] [MessageBroker-5] c.p.p.ml.service.MLServiceClient         : Calling ML service for machine 10: http://localhost:8000/predict
2026-05-29T12:39:51.910+01:00 DEBUG 5656 --- [predictive-maintenance-backend] [MessageBroker-5] c.p.p.ml.service.MLServiceClient         : ML prediction received for machine 10: RUL=79.59, anomaly=0.267, risk=MEDIUM
2026-05-29T12:39:51.912+01:00 DEBUG 5656 --- [predictive-maintenance-backend] [MessageBroker-5] org.hibernate.SQL                        : 
    insert 
    into
        prediction_history
        (ambient_temperature, anomaly_probability, anomaly_type, bearing_wear, confidence_score, created_at, current, efficiency_score, failure_probability, fatigue_index, health, load_factor, lubrication_level, machine_id, ml_prediction_available, operating_speed, power_consumption, predicted_failure_type, predicted_rul, pressure, recommended_action, remaining_useful_life, requires_immediate_action, risk_level, risk_score, severity, temperature, thermal_stress, timestamp, vibration, voltage) 
    values
        (?, ?, ?, ?, ?, ?, ?, ?, ?, ?, ?, ?, ?, ?, ?, ?, ?, ?, ?, ?, ?, ?, ?, ?, ?, ?, ?, ?, ?, ?, ?)
2026-05-29T12:39:51.920+01:00 DEBUG 5656 --- [predictive-maintenance-backend] [MessageBroker-5] c.p.p.w.service.MachineStreamingService  : Stored prediction history for machine 10
2026-05-29T12:39:51.926+01:00 DEBUG 5656 --- [predictive-maintenance-backend] [MessageBroker-5] c.p.p.w.service.MachineStreamingService  : Streamed dataset-driven telemetry for 1 machines
2026-05-29T12:39:51.933+01:00 DEBUG 5656 --- [predictive-maintenance-backend] [MessageBroker-5] org.hibernate.SQL                        : 
    update
        machines 
    set
        category=?,
        description=?,
        installation_date=?,
        last_maintenance_date=?,
        last_modified_date=?,
        location=?,
        manufacturer=?,
        model=?,
        name=?,
        next_maintenance_date=?,
        operating_hours=?,
        photo_content_type=?,
        photo_path=?,
        risk_score=?,
        serial_number=?,
        status=?,
        sub_category=? 
    where
        id=?
2026-05-29T12:39:53.754+01:00 DEBUG 5656 --- [predictive-maintenance-backend] [MessageBroker-5] org.hibernate.SQL                        : 
    select
        m1_0.id,
        m1_0.category,
        m1_0.created_date,
        m1_0.description,
        m1_0.installation_date,
        m1_0.last_maintenance_date,
        m1_0.last_modified_date,
        m1_0.location,
        m1_0.manufacturer,
        m1_0.model,
        m1_0.name,
        m1_0.next_maintenance_date,
        m1_0.operating_hours,
        m1_0.photo_content_type,
        m1_0.photo_path,
        m1_0.risk_score,
        m1_0.serial_number,
        m1_0.status,
        m1_0.sub_category 
    from
        machines m1_0
2026-05-29T12:39:53.757+01:00 DEBUG 5656 --- [predictive-maintenance-backend] [MessageBroker-5] org.hibernate.SQL                        : 
    insert 
    into
        sensor_telemetry
        (created_at, machine_id, sensor1, sensor10, sensor11, sensor12, sensor13, sensor14, sensor15, sensor16, sensor17, sensor18, sensor19, sensor2, sensor20, sensor21, sensor3, sensor4, sensor5, sensor6, sensor7, sensor8, sensor9, setting1, setting2, setting3, timestamp) 
    values
        (?, ?, ?, ?, ?, ?, ?, ?, ?, ?, ?, ?, ?, ?, ?, ?, ?, ?, ?, ?, ?, ?, ?, ?, ?, ?, ?)
2026-05-29T12:39:53.759+01:00 DEBUG 5656 --- [predictive-maintenance-backend] [MessageBroker-5] c.p.p.ml.service.MLServiceClient         : Calling ML service for machine 10: http://localhost:8000/predict
2026-05-29T12:39:53.941+01:00 DEBUG 5656 --- [predictive-maintenance-backend] [MessageBroker-5] c.p.p.ml.service.MLServiceClient         : ML prediction received for machine 10: RUL=80.06, anomaly=0.27, risk=MEDIUM
2026-05-29T12:39:53.943+01:00 DEBUG 5656 --- [predictive-maintenance-backend] [MessageBroker-5] org.hibernate.SQL                        : 
    insert 
    into
        prediction_history
        (ambient_temperature, anomaly_probability, anomaly_type, bearing_wear, confidence_score, created_at, current, efficiency_score, failure_probability, fatigue_index, health, load_factor, lubrication_level, machine_id, ml_prediction_available, operating_speed, power_consumption, predicted_failure_type, predicted_rul, pressure, recommended_action, remaining_useful_life, requires_immediate_action, risk_level, risk_score, severity, temperature, thermal_stress, timestamp, vibration, voltage) 
    values
        (?, ?, ?, ?, ?, ?, ?, ?, ?, ?, ?, ?, ?, ?, ?, ?, ?, ?, ?, ?, ?, ?, ?, ?, ?, ?, ?, ?, ?, ?, ?)
2026-05-29T12:39:53.946+01:00 DEBUG 5656 --- [predictive-maintenance-backend] [MessageBroker-5] c.p.p.w.service.MachineStreamingService  : Stored prediction history for machine 10
2026-05-29T12:39:53.947+01:00 DEBUG 5656 --- [predictive-maintenance-backend] [MessageBroker-5] c.p.p.w.service.MachineStreamingService  : Streamed dataset-driven telemetry for 1 machines
2026-05-29T12:39:53.950+01:00 DEBUG 5656 --- [predictive-maintenance-backend] [MessageBroker-5] org.hibernate.SQL                        : 
    update
        machines 
    set
        category=?,
        description=?,
        installation_date=?,
        last_maintenance_date=?,
        last_modified_date=?,
        location=?,
        manufacturer=?,
        model=?,
        name=?,
        next_maintenance_date=?,
        operating_hours=?,
        photo_content_type=?,
        photo_path=?,
        risk_score=?,
        serial_number=?,
        status=?,
        sub_category=? 
    where
        id=?
2026-05-29T12:39:55.766+01:00 DEBUG 5656 --- [predictive-maintenance-backend] [MessageBroker-10] org.hibernate.SQL                        : 
    select
        m1_0.id,
        m1_0.category,
        m1_0.created_date,
        m1_0.description,
        m1_0.installation_date,
        m1_0.last_maintenance_date,
        m1_0.last_modified_date,
        m1_0.location,
        m1_0.manufacturer,
        m1_0.model,
        m1_0.name,
        m1_0.next_maintenance_date,
        m1_0.operating_hours,
        m1_0.photo_content_type,
        m1_0.photo_path,
        m1_0.risk_score,
        m1_0.serial_number,
        m1_0.status,
        m1_0.sub_category 
    from
        machines m1_0
2026-05-29T12:39:55.769+01:00 DEBUG 5656 --- [predictive-maintenance-backend] [MessageBroker-10] org.hibernate.SQL                        : 
    insert 
    into
        sensor_telemetry
        (created_at, machine_id, sensor1, sensor10, sensor11, sensor12, sensor13, sensor14, sensor15, sensor16, sensor17, sensor18, sensor19, sensor2, sensor20, sensor21, sensor3, sensor4, sensor5, sensor6, sensor7, sensor8, sensor9, setting1, setting2, setting3, timestamp) 
    values
        (?, ?, ?, ?, ?, ?, ?, ?, ?, ?, ?, ?, ?, ?, ?, ?, ?, ?, ?, ?, ?, ?, ?, ?, ?, ?, ?)
2026-05-29T12:39:55.771+01:00 DEBUG 5656 --- [predictive-maintenance-backend] [MessageBroker-10] c.p.p.ml.service.MLServiceClient         : Calling ML service for machine 10: http://localhost:8000/predict
2026-05-29T12:39:55.907+01:00 DEBUG 5656 --- [predictive-maintenance-backend] [MessageBroker-10] c.p.p.ml.service.MLServiceClient         : ML prediction received for machine 10: RUL=80.53, anomaly=0.272, risk=MEDIUM
2026-05-29T12:39:55.908+01:00 DEBUG 5656 --- [predictive-maintenance-backend] [MessageBroker-10] org.hibernate.SQL                        : 
    insert 
    into
        prediction_history
        (ambient_temperature, anomaly_probability, anomaly_type, bearing_wear, confidence_score, created_at, current, efficiency_score, failure_probability, fatigue_index, health, load_factor, lubrication_level, machine_id, ml_prediction_available, operating_speed, power_consumption, predicted_failure_type, predicted_rul, pressure, recommended_action, remaining_useful_life, requires_immediate_action, risk_level, risk_score, severity, temperature, thermal_stress, timestamp, vibration, voltage) 
    values
        (?, ?, ?, ?, ?, ?, ?, ?, ?, ?, ?, ?, ?, ?, ?, ?, ?, ?, ?, ?, ?, ?, ?, ?, ?, ?, ?, ?, ?, ?, ?)
2026-05-29T12:39:55.911+01:00 DEBUG 5656 --- [predictive-maintenance-backend] [MessageBroker-10] c.p.p.w.service.MachineStreamingService  : Stored prediction history for machine 10
2026-05-29T12:39:55.911+01:00 DEBUG 5656 --- [predictive-maintenance-backend] [MessageBroker-10] c.p.p.w.service.MachineStreamingService  : Streamed dataset-driven telemetry for 1 machines
2026-05-29T12:39:55.912+01:00 DEBUG 5656 --- [predictive-maintenance-backend] [MessageBroker-10] org.hibernate.SQL                        : 
    update
        machines 
    set
        category=?,
        description=?,
        installation_date=?,
        last_maintenance_date=?,
        last_modified_date=?,
        location=?,
        manufacturer=?,
        model=?,
        name=?,
        next_maintenance_date=?,
        operating_hours=?,
        photo_content_type=?,
        photo_path=?,
        risk_score=?,
        serial_number=?,
        status=?,
        sub_category=? 
    where
        id=?
2026-05-29T12:39:57.755+01:00 DEBUG 5656 --- [predictive-maintenance-backend] [MessageBroker-10] org.hibernate.SQL                        : 
    select
        m1_0.id,
        m1_0.category,
        m1_0.created_date,
        m1_0.description,
        m1_0.installation_date,
        m1_0.last_maintenance_date,
        m1_0.last_modified_date,
        m1_0.location,
        m1_0.manufacturer,
        m1_0.model,
        m1_0.name,
        m1_0.next_maintenance_date,
        m1_0.operating_hours,
        m1_0.photo_content_type,
        m1_0.photo_path,
        m1_0.risk_score,
        m1_0.serial_number,
        m1_0.status,
        m1_0.sub_category 
    from
        machines m1_0
2026-05-29T12:39:57.757+01:00 DEBUG 5656 --- [predictive-maintenance-backend] [MessageBroker-10] org.hibernate.SQL                        : 
    insert 
    into
        sensor_telemetry
        (created_at, machine_id, sensor1, sensor10, sensor11, sensor12, sensor13, sensor14, sensor15, sensor16, sensor17, sensor18, sensor19, sensor2, sensor20, sensor21, sensor3, sensor4, sensor5, sensor6, sensor7, sensor8, sensor9, setting1, setting2, setting3, timestamp) 
    values
        (?, ?, ?, ?, ?, ?, ?, ?, ?, ?, ?, ?, ?, ?, ?, ?, ?, ?, ?, ?, ?, ?, ?, ?, ?, ?, ?)
2026-05-29T12:39:57.759+01:00 DEBUG 5656 --- [predictive-maintenance-backend] [MessageBroker-10] c.p.p.ml.service.MLServiceClient         : Calling ML service for machine 10: http://localhost:8000/predict
2026-05-29T12:39:57.923+01:00 DEBUG 5656 --- [predictive-maintenance-backend] [MessageBroker-10] c.p.p.ml.service.MLServiceClient         : ML prediction received for machine 10: RUL=80.84, anomaly=0.275, risk=MEDIUM
2026-05-29T12:39:57.925+01:00 DEBUG 5656 --- [predictive-maintenance-backend] [MessageBroker-10] org.hibernate.SQL                        : 
    insert 
    into
        prediction_history
        (ambient_temperature, anomaly_probability, anomaly_type, bearing_wear, confidence_score, created_at, current, efficiency_score, failure_probability, fatigue_index, health, load_factor, lubrication_level, machine_id, ml_prediction_available, operating_speed, power_consumption, predicted_failure_type, predicted_rul, pressure, recommended_action, remaining_useful_life, requires_immediate_action, risk_level, risk_score, severity, temperature, thermal_stress, timestamp, vibration, voltage) 
    values
        (?, ?, ?, ?, ?, ?, ?, ?, ?, ?, ?, ?, ?, ?, ?, ?, ?, ?, ?, ?, ?, ?, ?, ?, ?, ?, ?, ?, ?, ?, ?)
2026-05-29T12:39:57.930+01:00 DEBUG 5656 --- [predictive-maintenance-backend] [MessageBroker-10] c.p.p.w.service.MachineStreamingService  : Stored prediction history for machine 10
2026-05-29T12:39:57.931+01:00 DEBUG 5656 --- [predictive-maintenance-backend] [MessageBroker-10] c.p.p.w.service.MachineStreamingService  : Streamed dataset-driven telemetry for 1 machines
2026-05-29T12:39:57.934+01:00 DEBUG 5656 --- [predictive-maintenance-backend] [MessageBroker-10] org.hibernate.SQL                        : 
    update
        machines 
    set
        category=?,
        description=?,
        installation_date=?,
        last_maintenance_date=?,
        last_modified_date=?,
        location=?,
        manufacturer=?,
        model=?,
        name=?,
        next_maintenance_date=?,
        operating_hours=?,
        photo_content_type=?,
        photo_path=?,
        risk_score=?,
        serial_number=?,
        status=?,
        sub_category=? 
    where
        id=?
2026-05-29T12:39:59.767+01:00 DEBUG 5656 --- [predictive-maintenance-backend] [MessageBroker-11] org.hibernate.SQL                        : 
    select
        m1_0.id,
        m1_0.category,
        m1_0.created_date,
        m1_0.description,
        m1_0.installation_date,
        m1_0.last_maintenance_date,
        m1_0.last_modified_date,
        m1_0.location,
        m1_0.manufacturer,
        m1_0.model,
        m1_0.name,
        m1_0.next_maintenance_date,
        m1_0.operating_hours,
        m1_0.photo_content_type,
        m1_0.photo_path,
        m1_0.risk_score,
        m1_0.serial_number,
        m1_0.status,
        m1_0.sub_category 
    from
        machines m1_0
2026-05-29T12:39:59.771+01:00 DEBUG 5656 --- [predictive-maintenance-backend] [MessageBroker-11] org.hibernate.SQL                        : 
    insert 
    into
        sensor_telemetry
        (created_at, machine_id, sensor1, sensor10, sensor11, sensor12, sensor13, sensor14, sensor15, sensor16, sensor17, sensor18, sensor19, sensor2, sensor20, sensor21, sensor3, sensor4, sensor5, sensor6, sensor7, sensor8, sensor9, setting1, setting2, setting3, timestamp) 
    values
        (?, ?, ?, ?, ?, ?, ?, ?, ?, ?, ?, ?, ?, ?, ?, ?, ?, ?, ?, ?, ?, ?, ?, ?, ?, ?, ?)
2026-05-29T12:39:59.773+01:00 DEBUG 5656 --- [predictive-maintenance-backend] [MessageBroker-11] c.p.p.ml.service.MLServiceClient         : Calling ML service for machine 10: http://localhost:8000/predict
2026-05-29T12:39:59.962+01:00 DEBUG 5656 --- [predictive-maintenance-backend] [MessageBroker-11] c.p.p.ml.service.MLServiceClient         : ML prediction received for machine 10: RUL=81.39, anomaly=0.277, risk=MEDIUM
2026-05-29T12:39:59.963+01:00 DEBUG 5656 --- [predictive-maintenance-backend] [MessageBroker-11] org.hibernate.SQL                        : 
    insert 
    into
        prediction_history
        (ambient_temperature, anomaly_probability, anomaly_type, bearing_wear, confidence_score, created_at, current, efficiency_score, failure_probability, fatigue_index, health, load_factor, lubrication_level, machine_id, ml_prediction_available, operating_speed, power_consumption, predicted_failure_type, predicted_rul, pressure, recommended_action, remaining_useful_life, requires_immediate_action, risk_level, risk_score, severity, temperature, thermal_stress, timestamp, vibration, voltage) 
    values
        (?, ?, ?, ?, ?, ?, ?, ?, ?, ?, ?, ?, ?, ?, ?, ?, ?, ?, ?, ?, ?, ?, ?, ?, ?, ?, ?, ?, ?, ?, ?)
2026-05-29T12:39:59.967+01:00 DEBUG 5656 --- [predictive-maintenance-backend] [MessageBroker-11] c.p.p.w.service.MachineStreamingService  : Stored prediction history for machine 10
2026-05-29T12:39:59.969+01:00 DEBUG 5656 --- [predictive-maintenance-backend] [MessageBroker-11] c.p.p.w.service.MachineStreamingService  : Streamed dataset-driven telemetry for 1 machines
2026-05-29T12:39:59.970+01:00 DEBUG 5656 --- [predictive-maintenance-backend] [MessageBroker-11] org.hibernate.SQL                        : 
    update
        machines 
    set
        category=?,
        description=?,
        installation_date=?,
        last_maintenance_date=?,
        last_modified_date=?,
        location=?,
        manufacturer=?,
        model=?,
        name=?,
        next_maintenance_date=?,
        operating_hours=?,
        photo_content_type=?,
        photo_path=?,
        risk_score=?,
        serial_number=?,
        status=?,
        sub_category=? 
    where
        id=?
2026-05-29T12:40:01.766+01:00 DEBUG 5656 --- [predictive-maintenance-backend] [MessageBroker-11] org.hibernate.SQL                        : 
    select
        m1_0.id,
        m1_0.category,
        m1_0.created_date,
        m1_0.description,
        m1_0.installation_date,
        m1_0.last_maintenance_date,
        m1_0.last_modified_date,
        m1_0.location,
        m1_0.manufacturer,
        m1_0.model,
        m1_0.name,
        m1_0.next_maintenance_date,
        m1_0.operating_hours,
        m1_0.photo_content_type,
        m1_0.photo_path,
        m1_0.risk_score,
        m1_0.serial_number,
        m1_0.status,
        m1_0.sub_category 
    from
        machines m1_0
2026-05-29T12:40:01.771+01:00 DEBUG 5656 --- [predictive-maintenance-backend] [MessageBroker-11] org.hibernate.SQL                        : 
    insert 
    into
        sensor_telemetry
        (created_at, machine_id, sensor1, sensor10, sensor11, sensor12, sensor13, sensor14, sensor15, sensor16, sensor17, sensor18, sensor19, sensor2, sensor20, sensor21, sensor3, sensor4, sensor5, sensor6, sensor7, sensor8, sensor9, setting1, setting2, setting3, timestamp) 
    values
        (?, ?, ?, ?, ?, ?, ?, ?, ?, ?, ?, ?, ?, ?, ?, ?, ?, ?, ?, ?, ?, ?, ?, ?, ?, ?, ?)
2026-05-29T12:40:01.775+01:00 DEBUG 5656 --- [predictive-maintenance-backend] [MessageBroker-11] c.p.p.ml.service.MLServiceClient         : Calling ML service for machine 10: http://localhost:8000/predict
2026-05-29T12:40:01.998+01:00 DEBUG 5656 --- [predictive-maintenance-backend] [MessageBroker-11] c.p.p.ml.service.MLServiceClient         : ML prediction received for machine 10: RUL=81.79, anomaly=0.278, risk=MEDIUM
2026-05-29T12:40:02.000+01:00 DEBUG 5656 --- [predictive-maintenance-backend] [MessageBroker-11] org.hibernate.SQL                        : 
    insert 
    into
        prediction_history
        (ambient_temperature, anomaly_probability, anomaly_type, bearing_wear, confidence_score, created_at, current, efficiency_score, failure_probability, fatigue_index, health, load_factor, lubrication_level, machine_id, ml_prediction_available, operating_speed, power_consumption, predicted_failure_type, predicted_rul, pressure, recommended_action, remaining_useful_life, requires_immediate_action, risk_level, risk_score, severity, temperature, thermal_stress, timestamp, vibration, voltage) 
    values
        (?, ?, ?, ?, ?, ?, ?, ?, ?, ?, ?, ?, ?, ?, ?, ?, ?, ?, ?, ?, ?, ?, ?, ?, ?, ?, ?, ?, ?, ?, ?)
2026-05-29T12:40:02.006+01:00 DEBUG 5656 --- [predictive-maintenance-backend] [MessageBroker-11] c.p.p.w.service.MachineStreamingService  : Stored prediction history for machine 10
2026-05-29T12:40:02.008+01:00 DEBUG 5656 --- [predictive-maintenance-backend] [MessageBroker-11] c.p.p.w.service.MachineStreamingService  : Streamed dataset-driven telemetry for 1 machines
2026-05-29T12:40:02.010+01:00 DEBUG 5656 --- [predictive-maintenance-backend] [MessageBroker-11] org.hibernate.SQL                        : 
    update
        machines 
    set
        category=?,
        description=?,
        installation_date=?,
        last_maintenance_date=?,
        last_modified_date=?,
        location=?,
        manufacturer=?,
        model=?,
        name=?,
        next_maintenance_date=?,
        operating_hours=?,
        photo_content_type=?,
        photo_path=?,
        risk_score=?,
        serial_number=?,
        status=?,
        sub_category=? 
    where
        id=?
2026-05-29T12:40:02.735+01:00 DEBUG 5656 --- [predictive-maintenance-backend] [http-nio-8080-exec-4] o.s.security.web.FilterChainProxy        : Securing GET /api/v1/notifications?role=TECHNICIAN
2026-05-29T12:40:02.737+01:00 DEBUG 5656 --- [predictive-maintenance-backend] [http-nio-8080-exec-1] o.s.security.web.FilterChainProxy        : Securing GET /api/v1/notifications/unread-count
2026-05-29T12:40:02.776+01:00 DEBUG 5656 --- [predictive-maintenance-backend] [http-nio-8080-exec-4] o.s.security.web.FilterChainProxy        : Secured GET /api/v1/notifications?role=TECHNICIAN
2026-05-29T12:40:02.778+01:00 DEBUG 5656 --- [predictive-maintenance-backend] [http-nio-8080-exec-4] horizationManagerBeforeMethodInterceptor : Authorizing method invocation ReflectiveMethodInvocation: public org.springframework.http.ResponseEntity com.pfe.predictive.notification.controller.NotificationController.getNotifications(java.lang.String); target is of class [com.pfe.predictive.notification.controller.NotificationController]
2026-05-29T12:40:02.779+01:00 DEBUG 5656 --- [predictive-maintenance-backend] [http-nio-8080-exec-1] o.s.security.web.FilterChainProxy        : Secured GET /api/v1/notifications/unread-count
2026-05-29T12:40:02.785+01:00 DEBUG 5656 --- [predictive-maintenance-backend] [http-nio-8080-exec-1] horizationManagerBeforeMethodInterceptor : Authorizing method invocation ReflectiveMethodInvocation: public org.springframework.http.ResponseEntity com.pfe.predictive.notification.controller.NotificationController.getUnreadCount(); target is of class [com.pfe.predictive.notification.controller.NotificationController]
2026-05-29T12:40:02.788+01:00 DEBUG 5656 --- [predictive-maintenance-backend] [http-nio-8080-exec-4] horizationManagerBeforeMethodInterceptor : Authorized method invocation ReflectiveMethodInvocation: public org.springframework.http.ResponseEntity com.pfe.predictive.notification.controller.NotificationController.getNotifications(java.lang.String); target is of class [com.pfe.predictive.notification.controller.NotificationController]
2026-05-29T12:40:02.793+01:00 DEBUG 5656 --- [predictive-maintenance-backend] [http-nio-8080-exec-1] horizationManagerBeforeMethodInterceptor : Authorized method invocation ReflectiveMethodInvocation: public org.springframework.http.ResponseEntity com.pfe.predictive.notification.controller.NotificationController.getUnreadCount(); target is of class [com.pfe.predictive.notification.controller.NotificationController]
2026-05-29T12:40:02.796+01:00 DEBUG 5656 --- [predictive-maintenance-backend] [http-nio-8080-exec-4] org.hibernate.SQL                        : 
    select
        n1_0.id,
        n1_0.body,
        n1_0.created_at,
        n1_0.is_read,
        n1_0.machine_id,
        n1_0.prediction_record_id,
        n1_0.risk_level,
        n1_0.target_roles,
        n1_0.title 
    from
        notifications n1_0 
    where
        n1_0.target_roles like ? escape '\' 
    order by
        n1_0.created_at desc
2026-05-29T12:40:02.802+01:00 DEBUG 5656 --- [predictive-maintenance-backend] [http-nio-8080-exec-1] org.hibernate.SQL                        : 
    select
        count(n1_0.id) 
    from
        notifications n1_0 
    where
        not(n1_0.is_read)
2026-05-29T12:40:03.762+01:00 DEBUG 5656 --- [predictive-maintenance-backend] [MessageBroker-11] org.hibernate.SQL                        : 
    select
        m1_0.id,
        m1_0.category,
        m1_0.created_date,
        m1_0.description,
        m1_0.installation_date,
        m1_0.last_maintenance_date,
        m1_0.last_modified_date,
        m1_0.location,
        m1_0.manufacturer,
        m1_0.model,
        m1_0.name,
        m1_0.next_maintenance_date,
        m1_0.operating_hours,
        m1_0.photo_content_type,
        m1_0.photo_path,
        m1_0.risk_score,
        m1_0.serial_number,
        m1_0.status,
        m1_0.sub_category 
    from
        machines m1_0
2026-05-29T12:40:03.765+01:00 DEBUG 5656 --- [predictive-maintenance-backend] [MessageBroker-11] org.hibernate.SQL                        : 
    insert 
    into
        sensor_telemetry
        (created_at, machine_id, sensor1, sensor10, sensor11, sensor12, sensor13, sensor14, sensor15, sensor16, sensor17, sensor18, sensor19, sensor2, sensor20, sensor21, sensor3, sensor4, sensor5, sensor6, sensor7, sensor8, sensor9, setting1, setting2, setting3, timestamp) 
    values
        (?, ?, ?, ?, ?, ?, ?, ?, ?, ?, ?, ?, ?, ?, ?, ?, ?, ?, ?, ?, ?, ?, ?, ?, ?, ?, ?)
2026-05-29T12:40:03.766+01:00 DEBUG 5656 --- [predictive-maintenance-backend] [MessageBroker-11] c.p.p.ml.service.MLServiceClient         : Calling ML service for machine 10: http://localhost:8000/predict
2026-05-29T12:40:03.910+01:00 DEBUG 5656 --- [predictive-maintenance-backend] [MessageBroker-11] c.p.p.ml.service.MLServiceClient         : ML prediction received for machine 10: RUL=82.84, anomaly=0.279, risk=MEDIUM
2026-05-29T12:40:03.911+01:00 DEBUG 5656 --- [predictive-maintenance-backend] [MessageBroker-11] org.hibernate.SQL                        : 
    insert 
    into
        prediction_history
        (ambient_temperature, anomaly_probability, anomaly_type, bearing_wear, confidence_score, created_at, current, efficiency_score, failure_probability, fatigue_index, health, load_factor, lubrication_level, machine_id, ml_prediction_available, operating_speed, power_consumption, predicted_failure_type, predicted_rul, pressure, recommended_action, remaining_useful_life, requires_immediate_action, risk_level, risk_score, severity, temperature, thermal_stress, timestamp, vibration, voltage) 
    values
        (?, ?, ?, ?, ?, ?, ?, ?, ?, ?, ?, ?, ?, ?, ?, ?, ?, ?, ?, ?, ?, ?, ?, ?, ?, ?, ?, ?, ?, ?, ?)
2026-05-29T12:40:03.913+01:00 DEBUG 5656 --- [predictive-maintenance-backend] [MessageBroker-11] c.p.p.w.service.MachineStreamingService  : Stored prediction history for machine 10
2026-05-29T12:40:03.914+01:00 DEBUG 5656 --- [predictive-maintenance-backend] [MessageBroker-11] c.p.p.w.service.MachineStreamingService  : Streamed dataset-driven telemetry for 1 machines
2026-05-29T12:40:03.915+01:00 DEBUG 5656 --- [predictive-maintenance-backend] [MessageBroker-11] org.hibernate.SQL                        : 
    update
        machines 
    set
        category=?,
        description=?,
        installation_date=?,
        last_maintenance_date=?,
        last_modified_date=?,
        location=?,
        manufacturer=?,
        model=?,
        name=?,
        next_maintenance_date=?,
        operating_hours=?,
        photo_content_type=?,
        photo_path=?,
        risk_score=?,
        serial_number=?,
        status=?,
        sub_category=? 
    where
        id=?
2026-05-29T12:40:05.764+01:00 DEBUG 5656 --- [predictive-maintenance-backend] [MessageBroker-19] org.hibernate.SQL                        : 
    select
        m1_0.id,
        m1_0.category,
        m1_0.created_date,
        m1_0.description,
        m1_0.installation_date,
        m1_0.last_maintenance_date,
        m1_0.last_modified_date,
        m1_0.location,
        m1_0.manufacturer,
        m1_0.model,
        m1_0.name,
        m1_0.next_maintenance_date,
        m1_0.operating_hours,
        m1_0.photo_content_type,
        m1_0.photo_path,
        m1_0.risk_score,
        m1_0.serial_number,
        m1_0.status,
        m1_0.sub_category 
    from
        machines m1_0
2026-05-29T12:40:05.767+01:00 DEBUG 5656 --- [predictive-maintenance-backend] [MessageBroker-19] org.hibernate.SQL                        : 
    insert 
    into
        sensor_telemetry
        (created_at, machine_id, sensor1, sensor10, sensor11, sensor12, sensor13, sensor14, sensor15, sensor16, sensor17, sensor18, sensor19, sensor2, sensor20, sensor21, sensor3, sensor4, sensor5, sensor6, sensor7, sensor8, sensor9, setting1, setting2, setting3, timestamp) 
    values
        (?, ?, ?, ?, ?, ?, ?, ?, ?, ?, ?, ?, ?, ?, ?, ?, ?, ?, ?, ?, ?, ?, ?, ?, ?, ?, ?)
2026-05-29T12:40:05.770+01:00 DEBUG 5656 --- [predictive-maintenance-backend] [MessageBroker-19] c.p.p.ml.service.MLServiceClient         : Calling ML service for machine 10: http://localhost:8000/predict
2026-05-29T12:40:05.907+01:00 DEBUG 5656 --- [predictive-maintenance-backend] [MessageBroker-19] c.p.p.ml.service.MLServiceClient         : ML prediction received for machine 10: RUL=83.36, anomaly=0.28, risk=MEDIUM
2026-05-29T12:40:05.908+01:00 DEBUG 5656 --- [predictive-maintenance-backend] [MessageBroker-19] org.hibernate.SQL                        : 
    insert 
    into
        prediction_history
        (ambient_temperature, anomaly_probability, anomaly_type, bearing_wear, confidence_score, created_at, current, efficiency_score, failure_probability, fatigue_index, health, load_factor, lubrication_level, machine_id, ml_prediction_available, operating_speed, power_consumption, predicted_failure_type, predicted_rul, pressure, recommended_action, remaining_useful_life, requires_immediate_action, risk_level, risk_score, severity, temperature, thermal_stress, timestamp, vibration, voltage) 
    values
        (?, ?, ?, ?, ?, ?, ?, ?, ?, ?, ?, ?, ?, ?, ?, ?, ?, ?, ?, ?, ?, ?, ?, ?, ?, ?, ?, ?, ?, ?, ?)
2026-05-29T12:40:05.912+01:00 DEBUG 5656 --- [predictive-maintenance-backend] [MessageBroker-19] c.p.p.w.service.MachineStreamingService  : Stored prediction history for machine 10
2026-05-29T12:40:05.914+01:00 DEBUG 5656 --- [predictive-maintenance-backend] [MessageBroker-19] c.p.p.w.service.MachineStreamingService  : Streamed dataset-driven telemetry for 1 machines
2026-05-29T12:40:05.918+01:00 DEBUG 5656 --- [predictive-maintenance-backend] [MessageBroker-19] org.hibernate.SQL                        : 
    update
        machines 
    set
        category=?,
        description=?,
        installation_date=?,
        last_maintenance_date=?,
        last_modified_date=?,
        location=?,
        manufacturer=?,
        model=?,
        name=?,
        next_maintenance_date=?,
        operating_hours=?,
        photo_content_type=?,
        photo_path=?,
        risk_score=?,
        serial_number=?,
        status=?,
        sub_category=? 
    where
        id=?
2026-05-29T12:40:07.760+01:00 DEBUG 5656 --- [predictive-maintenance-backend] [MessageBroker-19] org.hibernate.SQL                        : 
    select
        m1_0.id,
        m1_0.category,
        m1_0.created_date,
        m1_0.description,
        m1_0.installation_date,
        m1_0.last_maintenance_date,
        m1_0.last_modified_date,
        m1_0.location,
        m1_0.manufacturer,
        m1_0.model,
        m1_0.name,
        m1_0.next_maintenance_date,
        m1_0.operating_hours,
        m1_0.photo_content_type,
        m1_0.photo_path,
        m1_0.risk_score,
        m1_0.serial_number,
        m1_0.status,
        m1_0.sub_category 
    from
        machines m1_0
2026-05-29T12:40:07.763+01:00 DEBUG 5656 --- [predictive-maintenance-backend] [MessageBroker-19] org.hibernate.SQL                        : 
    insert 
    into
        sensor_telemetry
        (created_at, machine_id, sensor1, sensor10, sensor11, sensor12, sensor13, sensor14, sensor15, sensor16, sensor17, sensor18, sensor19, sensor2, sensor20, sensor21, sensor3, sensor4, sensor5, sensor6, sensor7, sensor8, sensor9, setting1, setting2, setting3, timestamp) 
    values
        (?, ?, ?, ?, ?, ?, ?, ?, ?, ?, ?, ?, ?, ?, ?, ?, ?, ?, ?, ?, ?, ?, ?, ?, ?, ?, ?)
2026-05-29T12:40:07.765+01:00 DEBUG 5656 --- [predictive-maintenance-backend] [MessageBroker-19] c.p.p.ml.service.MLServiceClient         : Calling ML service for machine 10: http://localhost:8000/predict
2026-05-29T12:40:07.923+01:00 DEBUG 5656 --- [predictive-maintenance-backend] [MessageBroker-19] c.p.p.ml.service.MLServiceClient         : ML prediction received for machine 10: RUL=84.46, anomaly=0.281, risk=MEDIUM
2026-05-29T12:40:07.925+01:00 DEBUG 5656 --- [predictive-maintenance-backend] [MessageBroker-19] org.hibernate.SQL                        : 
    insert 
    into
        prediction_history
        (ambient_temperature, anomaly_probability, anomaly_type, bearing_wear, confidence_score, created_at, current, efficiency_score, failure_probability, fatigue_index, health, load_factor, lubrication_level, machine_id, ml_prediction_available, operating_speed, power_consumption, predicted_failure_type, predicted_rul, pressure, recommended_action, remaining_useful_life, requires_immediate_action, risk_level, risk_score, severity, temperature, thermal_stress, timestamp, vibration, voltage) 
    values
        (?, ?, ?, ?, ?, ?, ?, ?, ?, ?, ?, ?, ?, ?, ?, ?, ?, ?, ?, ?, ?, ?, ?, ?, ?, ?, ?, ?, ?, ?, ?)
2026-05-29T12:40:07.929+01:00 DEBUG 5656 --- [predictive-maintenance-backend] [MessageBroker-19] c.p.p.w.service.MachineStreamingService  : Stored prediction history for machine 10
2026-05-29T12:40:07.930+01:00 DEBUG 5656 --- [predictive-maintenance-backend] [MessageBroker-19] c.p.p.w.service.MachineStreamingService  : Streamed dataset-driven telemetry for 1 machines
2026-05-29T12:40:07.934+01:00 DEBUG 5656 --- [predictive-maintenance-backend] [MessageBroker-19] org.hibernate.SQL                        : 
    update
        machines 
    set
        category=?,
        description=?,
        installation_date=?,
        last_maintenance_date=?,
        last_modified_date=?,
        location=?,
        manufacturer=?,
        model=?,
        name=?,
        next_maintenance_date=?,
        operating_hours=?,
        photo_content_type=?,
        photo_path=?,
        risk_score=?,
        serial_number=?,
        status=?,
        sub_category=? 
    where
        id=?
2026-05-29T12:40:09.759+01:00 DEBUG 5656 --- [predictive-maintenance-backend] [MessageBroker-3] org.hibernate.SQL                        : 
    select
        m1_0.id,
        m1_0.category,
        m1_0.created_date,
        m1_0.description,
        m1_0.installation_date,
        m1_0.last_maintenance_date,
        m1_0.last_modified_date,
        m1_0.location,
        m1_0.manufacturer,
        m1_0.model,
        m1_0.name,
        m1_0.next_maintenance_date,
        m1_0.operating_hours,
        m1_0.photo_content_type,
        m1_0.photo_path,
        m1_0.risk_score,
        m1_0.serial_number,
        m1_0.status,
        m1_0.sub_category 
    from
        machines m1_0
2026-05-29T12:40:09.763+01:00 DEBUG 5656 --- [predictive-maintenance-backend] [MessageBroker-3] org.hibernate.SQL                        : 
    insert 
    into
        sensor_telemetry
        (created_at, machine_id, sensor1, sensor10, sensor11, sensor12, sensor13, sensor14, sensor15, sensor16, sensor17, sensor18, sensor19, sensor2, sensor20, sensor21, sensor3, sensor4, sensor5, sensor6, sensor7, sensor8, sensor9, setting1, setting2, setting3, timestamp) 
    values
        (?, ?, ?, ?, ?, ?, ?, ?, ?, ?, ?, ?, ?, ?, ?, ?, ?, ?, ?, ?, ?, ?, ?, ?, ?, ?, ?)
2026-05-29T12:40:09.765+01:00 DEBUG 5656 --- [predictive-maintenance-backend] [MessageBroker-3] c.p.p.ml.service.MLServiceClient         : Calling ML service for machine 10: http://localhost:8000/predict
2026-05-29T12:40:09.939+01:00 DEBUG 5656 --- [predictive-maintenance-backend] [MessageBroker-3] c.p.p.ml.service.MLServiceClient         : ML prediction received for machine 10: RUL=85.64, anomaly=0.281, risk=MEDIUM
2026-05-29T12:40:09.942+01:00 DEBUG 5656 --- [predictive-maintenance-backend] [MessageBroker-3] org.hibernate.SQL                        : 
    insert 
    into
        prediction_history
        (ambient_temperature, anomaly_probability, anomaly_type, bearing_wear, confidence_score, created_at, current, efficiency_score, failure_probability, fatigue_index, health, load_factor, lubrication_level, machine_id, ml_prediction_available, operating_speed, power_consumption, predicted_failure_type, predicted_rul, pressure, recommended_action, remaining_useful_life, requires_immediate_action, risk_level, risk_score, severity, temperature, thermal_stress, timestamp, vibration, voltage) 
    values
        (?, ?, ?, ?, ?, ?, ?, ?, ?, ?, ?, ?, ?, ?, ?, ?, ?, ?, ?, ?, ?, ?, ?, ?, ?, ?, ?, ?, ?, ?, ?)
2026-05-29T12:40:09.947+01:00 DEBUG 5656 --- [predictive-maintenance-backend] [MessageBroker-3] c.p.p.w.service.MachineStreamingService  : Stored prediction history for machine 10
2026-05-29T12:40:09.949+01:00 DEBUG 5656 --- [predictive-maintenance-backend] [MessageBroker-3] c.p.p.w.service.MachineStreamingService  : Streamed dataset-driven telemetry for 1 machines
2026-05-29T12:40:09.954+01:00 DEBUG 5656 --- [predictive-maintenance-backend] [MessageBroker-3] org.hibernate.SQL                        : 
    update
        machines 
    set
        category=?,
        description=?,
        installation_date=?,
        last_maintenance_date=?,
        last_modified_date=?,
        location=?,
        manufacturer=?,
        model=?,
        name=?,
        next_maintenance_date=?,
        operating_hours=?,
        photo_content_type=?,
        photo_path=?,
        risk_score=?,
        serial_number=?,
        status=?,
        sub_category=? 
    where
        id=?
2026-05-29T12:40:11.757+01:00 DEBUG 5656 --- [predictive-maintenance-backend] [MessageBroker-3] org.hibernate.SQL                        : 
    select
        m1_0.id,
        m1_0.category,
        m1_0.created_date,
        m1_0.description,
        m1_0.installation_date,
        m1_0.last_maintenance_date,
        m1_0.last_modified_date,
        m1_0.location,
        m1_0.manufacturer,
        m1_0.model,
        m1_0.name,
        m1_0.next_maintenance_date,
        m1_0.operating_hours,
        m1_0.photo_content_type,
        m1_0.photo_path,
        m1_0.risk_score,
        m1_0.serial_number,
        m1_0.status,
        m1_0.sub_category 
    from
        machines m1_0
2026-05-29T12:40:11.759+01:00 DEBUG 5656 --- [predictive-maintenance-backend] [MessageBroker-3] org.hibernate.SQL                        : 
    insert 
    into
        sensor_telemetry
        (created_at, machine_id, sensor1, sensor10, sensor11, sensor12, sensor13, sensor14, sensor15, sensor16, sensor17, sensor18, sensor19, sensor2, sensor20, sensor21, sensor3, sensor4, sensor5, sensor6, sensor7, sensor8, sensor9, setting1, setting2, setting3, timestamp) 
    values
        (?, ?, ?, ?, ?, ?, ?, ?, ?, ?, ?, ?, ?, ?, ?, ?, ?, ?, ?, ?, ?, ?, ?, ?, ?, ?, ?)
2026-05-29T12:40:11.762+01:00 DEBUG 5656 --- [predictive-maintenance-backend] [MessageBroker-3] c.p.p.ml.service.MLServiceClient         : Calling ML service for machine 10: http://localhost:8000/predict
2026-05-29T12:40:11.946+01:00 DEBUG 5656 --- [predictive-maintenance-backend] [MessageBroker-3] c.p.p.ml.service.MLServiceClient         : ML prediction received for machine 10: RUL=86.59, anomaly=0.281, risk=MEDIUM
2026-05-29T12:40:11.947+01:00 DEBUG 5656 --- [predictive-maintenance-backend] [MessageBroker-3] org.hibernate.SQL                        : 
    insert 
    into
        prediction_history
        (ambient_temperature, anomaly_probability, anomaly_type, bearing_wear, confidence_score, created_at, current, efficiency_score, failure_probability, fatigue_index, health, load_factor, lubrication_level, machine_id, ml_prediction_available, operating_speed, power_consumption, predicted_failure_type, predicted_rul, pressure, recommended_action, remaining_useful_life, requires_immediate_action, risk_level, risk_score, severity, temperature, thermal_stress, timestamp, vibration, voltage) 
    values
        (?, ?, ?, ?, ?, ?, ?, ?, ?, ?, ?, ?, ?, ?, ?, ?, ?, ?, ?, ?, ?, ?, ?, ?, ?, ?, ?, ?, ?, ?, ?)
2026-05-29T12:40:11.950+01:00 DEBUG 5656 --- [predictive-maintenance-backend] [MessageBroker-3] c.p.p.w.service.MachineStreamingService  : Stored prediction history for machine 10
2026-05-29T12:40:11.952+01:00 DEBUG 5656 --- [predictive-maintenance-backend] [MessageBroker-3] c.p.p.w.service.MachineStreamingService  : Streamed dataset-driven telemetry for 1 machines
2026-05-29T12:40:11.955+01:00 DEBUG 5656 --- [predictive-maintenance-backend] [MessageBroker-3] org.hibernate.SQL                        : 
    update
        machines 
    set
        category=?,
        description=?,
        installation_date=?,
        last_maintenance_date=?,
        last_modified_date=?,
        location=?,
        manufacturer=?,
        model=?,
        name=?,
        next_maintenance_date=?,
        operating_hours=?,
        photo_content_type=?,
        photo_path=?,
        risk_score=?,
        serial_number=?,
        status=?,
        sub_category=? 
    where
        id=?
2026-05-29T12:40:13.763+01:00 DEBUG 5656 --- [predictive-maintenance-backend] [MessageBroker-3] org.hibernate.SQL                        : 
    select
        m1_0.id,
        m1_0.category,
        m1_0.created_date,
        m1_0.description,
        m1_0.installation_date,
        m1_0.last_maintenance_date,
        m1_0.last_modified_date,
        m1_0.location,
        m1_0.manufacturer,
        m1_0.model,
        m1_0.name,
        m1_0.next_maintenance_date,
        m1_0.operating_hours,
        m1_0.photo_content_type,
        m1_0.photo_path,
        m1_0.risk_score,
        m1_0.serial_number,
        m1_0.status,
        m1_0.sub_category 
    from
        machines m1_0
2026-05-29T12:40:13.765+01:00 DEBUG 5656 --- [predictive-maintenance-backend] [MessageBroker-3] org.hibernate.SQL                        : 
    insert 
    into
        sensor_telemetry
        (created_at, machine_id, sensor1, sensor10, sensor11, sensor12, sensor13, sensor14, sensor15, sensor16, sensor17, sensor18, sensor19, sensor2, sensor20, sensor21, sensor3, sensor4, sensor5, sensor6, sensor7, sensor8, sensor9, setting1, setting2, setting3, timestamp) 
    values
        (?, ?, ?, ?, ?, ?, ?, ?, ?, ?, ?, ?, ?, ?, ?, ?, ?, ?, ?, ?, ?, ?, ?, ?, ?, ?, ?)
2026-05-29T12:40:13.768+01:00 DEBUG 5656 --- [predictive-maintenance-backend] [MessageBroker-3] c.p.p.ml.service.MLServiceClient         : Calling ML service for machine 10: http://localhost:8000/predict
2026-05-29T12:40:13.926+01:00 DEBUG 5656 --- [predictive-maintenance-backend] [MessageBroker-3] c.p.p.ml.service.MLServiceClient         : ML prediction received for machine 10: RUL=87.94, anomaly=0.281, risk=MEDIUM
2026-05-29T12:40:13.928+01:00 DEBUG 5656 --- [predictive-maintenance-backend] [MessageBroker-3] org.hibernate.SQL                        : 
    insert 
    into
        prediction_history
        (ambient_temperature, anomaly_probability, anomaly_type, bearing_wear, confidence_score, created_at, current, efficiency_score, failure_probability, fatigue_index, health, load_factor, lubrication_level, machine_id, ml_prediction_available, operating_speed, power_consumption, predicted_failure_type, predicted_rul, pressure, recommended_action, remaining_useful_life, requires_immediate_action, risk_level, risk_score, severity, temperature, thermal_stress, timestamp, vibration, voltage) 
    values
        (?, ?, ?, ?, ?, ?, ?, ?, ?, ?, ?, ?, ?, ?, ?, ?, ?, ?, ?, ?, ?, ?, ?, ?, ?, ?, ?, ?, ?, ?, ?)
2026-05-29T12:40:13.932+01:00 DEBUG 5656 --- [predictive-maintenance-backend] [MessageBroker-3] c.p.p.w.service.MachineStreamingService  : Stored prediction history for machine 10
2026-05-29T12:40:13.933+01:00 DEBUG 5656 --- [predictive-maintenance-backend] [MessageBroker-3] c.p.p.w.service.MachineStreamingService  : Streamed dataset-driven telemetry for 1 machines
2026-05-29T12:40:13.935+01:00 DEBUG 5656 --- [predictive-maintenance-backend] [MessageBroker-3] org.hibernate.SQL                        : 
    update
        machines 
    set
        category=?,
        description=?,
        installation_date=?,
        last_maintenance_date=?,
        last_modified_date=?,
        location=?,
        manufacturer=?,
        model=?,
        name=?,
        next_maintenance_date=?,
        operating_hours=?,
        photo_content_type=?,
        photo_path=?,
        risk_score=?,
        serial_number=?,
        status=?,
        sub_category=? 
    where
        id=?
2026-05-29T12:40:15.763+01:00 DEBUG 5656 --- [predictive-maintenance-backend] [MessageBroker-5] org.hibernate.SQL                        : 
    select
        m1_0.id,
        m1_0.category,
        m1_0.created_date,
        m1_0.description,
        m1_0.installation_date,
        m1_0.last_maintenance_date,
        m1_0.last_modified_date,
        m1_0.location,
        m1_0.manufacturer,
        m1_0.model,
        m1_0.name,
        m1_0.next_maintenance_date,
        m1_0.operating_hours,
        m1_0.photo_content_type,
        m1_0.photo_path,
        m1_0.risk_score,
        m1_0.serial_number,
        m1_0.status,
        m1_0.sub_category 
    from
        machines m1_0
2026-05-29T12:40:15.768+01:00 DEBUG 5656 --- [predictive-maintenance-backend] [MessageBroker-5] org.hibernate.SQL                        : 
    insert 
    into
        sensor_telemetry
        (created_at, machine_id, sensor1, sensor10, sensor11, sensor12, sensor13, sensor14, sensor15, sensor16, sensor17, sensor18, sensor19, sensor2, sensor20, sensor21, sensor3, sensor4, sensor5, sensor6, sensor7, sensor8, sensor9, setting1, setting2, setting3, timestamp) 
    values
        (?, ?, ?, ?, ?, ?, ?, ?, ?, ?, ?, ?, ?, ?, ?, ?, ?, ?, ?, ?, ?, ?, ?, ?, ?, ?, ?)
2026-05-29T12:40:15.770+01:00 DEBUG 5656 --- [predictive-maintenance-backend] [MessageBroker-5] c.p.p.ml.service.MLServiceClient         : Calling ML service for machine 10: http://localhost:8000/predict
2026-05-29T12:40:15.930+01:00 DEBUG 5656 --- [predictive-maintenance-backend] [MessageBroker-5] c.p.p.ml.service.MLServiceClient         : ML prediction received for machine 10: RUL=88.96, anomaly=0.281, risk=MEDIUM
2026-05-29T12:40:15.932+01:00 DEBUG 5656 --- [predictive-maintenance-backend] [MessageBroker-5] org.hibernate.SQL                        : 
    insert 
    into
        prediction_history
        (ambient_temperature, anomaly_probability, anomaly_type, bearing_wear, confidence_score, created_at, current, efficiency_score, failure_probability, fatigue_index, health, load_factor, lubrication_level, machine_id, ml_prediction_available, operating_speed, power_consumption, predicted_failure_type, predicted_rul, pressure, recommended_action, remaining_useful_life, requires_immediate_action, risk_level, risk_score, severity, temperature, thermal_stress, timestamp, vibration, voltage) 
    values
        (?, ?, ?, ?, ?, ?, ?, ?, ?, ?, ?, ?, ?, ?, ?, ?, ?, ?, ?, ?, ?, ?, ?, ?, ?, ?, ?, ?, ?, ?, ?)
2026-05-29T12:40:15.936+01:00 DEBUG 5656 --- [predictive-maintenance-backend] [MessageBroker-5] c.p.p.w.service.MachineStreamingService  : Stored prediction history for machine 10
2026-05-29T12:40:15.937+01:00 DEBUG 5656 --- [predictive-maintenance-backend] [MessageBroker-5] c.p.p.w.service.MachineStreamingService  : Streamed dataset-driven telemetry for 1 machines
2026-05-29T12:40:15.940+01:00 DEBUG 5656 --- [predictive-maintenance-backend] [MessageBroker-5] org.hibernate.SQL                        : 
    update
        machines 
    set
        category=?,
        description=?,
        installation_date=?,
        last_maintenance_date=?,
        last_modified_date=?,
        location=?,
        manufacturer=?,
        model=?,
        name=?,
        next_maintenance_date=?,
        operating_hours=?,
        photo_content_type=?,
        photo_path=?,
        risk_score=?,
        serial_number=?,
        status=?,
        sub_category=? 
    where
        id=?
2026-05-29T12:40:17.757+01:00 DEBUG 5656 --- [predictive-maintenance-backend] [MessageBroker-5] org.hibernate.SQL                        : 
    select
        m1_0.id,
        m1_0.category,
        m1_0.created_date,
        m1_0.description,
        m1_0.installation_date,
        m1_0.last_maintenance_date,
        m1_0.last_modified_date,
        m1_0.location,
        m1_0.manufacturer,
        m1_0.model,
        m1_0.name,
        m1_0.next_maintenance_date,
        m1_0.operating_hours,
        m1_0.photo_content_type,
        m1_0.photo_path,
        m1_0.risk_score,
        m1_0.serial_number,
        m1_0.status,
        m1_0.sub_category 
    from
        machines m1_0
2026-05-29T12:40:17.759+01:00 DEBUG 5656 --- [predictive-maintenance-backend] [MessageBroker-5] org.hibernate.SQL                        : 
    insert 
    into
        sensor_telemetry
        (created_at, machine_id, sensor1, sensor10, sensor11, sensor12, sensor13, sensor14, sensor15, sensor16, sensor17, sensor18, sensor19, sensor2, sensor20, sensor21, sensor3, sensor4, sensor5, sensor6, sensor7, sensor8, sensor9, setting1, setting2, setting3, timestamp) 
    values
        (?, ?, ?, ?, ?, ?, ?, ?, ?, ?, ?, ?, ?, ?, ?, ?, ?, ?, ?, ?, ?, ?, ?, ?, ?, ?, ?)
2026-05-29T12:40:17.761+01:00 DEBUG 5656 --- [predictive-maintenance-backend] [MessageBroker-5] c.p.p.ml.service.MLServiceClient         : Calling ML service for machine 10: http://localhost:8000/predict
2026-05-29T12:40:17.942+01:00 DEBUG 5656 --- [predictive-maintenance-backend] [MessageBroker-5] c.p.p.ml.service.MLServiceClient         : ML prediction received for machine 10: RUL=90.5, anomaly=0.28, risk=MEDIUM
2026-05-29T12:40:17.944+01:00 DEBUG 5656 --- [predictive-maintenance-backend] [MessageBroker-5] org.hibernate.SQL                        : 
    insert 
    into
        prediction_history
        (ambient_temperature, anomaly_probability, anomaly_type, bearing_wear, confidence_score, created_at, current, efficiency_score, failure_probability, fatigue_index, health, load_factor, lubrication_level, machine_id, ml_prediction_available, operating_speed, power_consumption, predicted_failure_type, predicted_rul, pressure, recommended_action, remaining_useful_life, requires_immediate_action, risk_level, risk_score, severity, temperature, thermal_stress, timestamp, vibration, voltage) 
    values
        (?, ?, ?, ?, ?, ?, ?, ?, ?, ?, ?, ?, ?, ?, ?, ?, ?, ?, ?, ?, ?, ?, ?, ?, ?, ?, ?, ?, ?, ?, ?)
2026-05-29T12:40:17.947+01:00 DEBUG 5656 --- [predictive-maintenance-backend] [MessageBroker-5] c.p.p.w.service.MachineStreamingService  : Stored prediction history for machine 10
2026-05-29T12:40:17.949+01:00 DEBUG 5656 --- [predictive-maintenance-backend] [MessageBroker-5] c.p.p.w.service.MachineStreamingService  : Streamed dataset-driven telemetry for 1 machines
2026-05-29T12:40:17.950+01:00 DEBUG 5656 --- [predictive-maintenance-backend] [MessageBroker-5] org.hibernate.SQL                        : 
    update
        machines 
    set
        category=?,
        description=?,
        installation_date=?,
        last_maintenance_date=?,
        last_modified_date=?,
        location=?,
        manufacturer=?,
        model=?,
        name=?,
        next_maintenance_date=?,
        operating_hours=?,
        photo_content_type=?,
        photo_path=?,
        risk_score=?,
        serial_number=?,
        status=?,
        sub_category=? 
    where
        id=?
2026-05-29T12:40:19.755+01:00 DEBUG 5656 --- [predictive-maintenance-backend] [MessageBroker-18] org.hibernate.SQL                        : 
    select
        m1_0.id,
        m1_0.category,
        m1_0.created_date,
        m1_0.description,
        m1_0.installation_date,
        m1_0.last_maintenance_date,
        m1_0.last_modified_date,
        m1_0.location,
        m1_0.manufacturer,
        m1_0.model,
        m1_0.name,
        m1_0.next_maintenance_date,
        m1_0.operating_hours,
        m1_0.photo_content_type,
        m1_0.photo_path,
        m1_0.risk_score,
        m1_0.serial_number,
        m1_0.status,
        m1_0.sub_category 
    from
        machines m1_0
2026-05-29T12:40:19.757+01:00 DEBUG 5656 --- [predictive-maintenance-backend] [MessageBroker-18] org.hibernate.SQL                        : 
    insert 
    into
        sensor_telemetry
        (created_at, machine_id, sensor1, sensor10, sensor11, sensor12, sensor13, sensor14, sensor15, sensor16, sensor17, sensor18, sensor19, sensor2, sensor20, sensor21, sensor3, sensor4, sensor5, sensor6, sensor7, sensor8, sensor9, setting1, setting2, setting3, timestamp) 
    values
        (?, ?, ?, ?, ?, ?, ?, ?, ?, ?, ?, ?, ?, ?, ?, ?, ?, ?, ?, ?, ?, ?, ?, ?, ?, ?, ?)
2026-05-29T12:40:19.759+01:00 DEBUG 5656 --- [predictive-maintenance-backend] [MessageBroker-18] c.p.p.ml.service.MLServiceClient         : Calling ML service for machine 10: http://localhost:8000/predict
2026-05-29T12:40:19.916+01:00 DEBUG 5656 --- [predictive-maintenance-backend] [MessageBroker-18] c.p.p.ml.service.MLServiceClient         : ML prediction received for machine 10: RUL=92.08, anomaly=0.279, risk=MEDIUM
2026-05-29T12:40:19.918+01:00 DEBUG 5656 --- [predictive-maintenance-backend] [MessageBroker-18] org.hibernate.SQL                        : 
    insert 
    into
        prediction_history
        (ambient_temperature, anomaly_probability, anomaly_type, bearing_wear, confidence_score, created_at, current, efficiency_score, failure_probability, fatigue_index, health, load_factor, lubrication_level, machine_id, ml_prediction_available, operating_speed, power_consumption, predicted_failure_type, predicted_rul, pressure, recommended_action, remaining_useful_life, requires_immediate_action, risk_level, risk_score, severity, temperature, thermal_stress, timestamp, vibration, voltage) 
    values
        (?, ?, ?, ?, ?, ?, ?, ?, ?, ?, ?, ?, ?, ?, ?, ?, ?, ?, ?, ?, ?, ?, ?, ?, ?, ?, ?, ?, ?, ?, ?)
2026-05-29T12:40:19.923+01:00 DEBUG 5656 --- [predictive-maintenance-backend] [MessageBroker-18] c.p.p.w.service.MachineStreamingService  : Stored prediction history for machine 10
2026-05-29T12:40:19.924+01:00 DEBUG 5656 --- [predictive-maintenance-backend] [MessageBroker-18] c.p.p.w.service.MachineStreamingService  : Streamed dataset-driven telemetry for 1 machines
2026-05-29T12:40:19.929+01:00 DEBUG 5656 --- [predictive-maintenance-backend] [MessageBroker-18] org.hibernate.SQL                        : 
    update
        machines 
    set
        category=?,
        description=?,
        installation_date=?,
        last_maintenance_date=?,
        last_modified_date=?,
        location=?,
        manufacturer=?,
        model=?,
        name=?,
        next_maintenance_date=?,
        operating_hours=?,
        photo_content_type=?,
        photo_path=?,
        risk_score=?,
        serial_number=?,
        status=?,
        sub_category=? 
    where
        id=?
2026-05-29T12:40:21.753+01:00 DEBUG 5656 --- [predictive-maintenance-backend] [MessageBroker-18] org.hibernate.SQL                        : 
    select
        m1_0.id,
        m1_0.category,
        m1_0.created_date,
        m1_0.description,
        m1_0.installation_date,
        m1_0.last_maintenance_date,
        m1_0.last_modified_date,
        m1_0.location,
        m1_0.manufacturer,
        m1_0.model,
        m1_0.name,
        m1_0.next_maintenance_date,
        m1_0.operating_hours,
        m1_0.photo_content_type,
        m1_0.photo_path,
        m1_0.risk_score,
        m1_0.serial_number,
        m1_0.status,
        m1_0.sub_category 
    from
        machines m1_0
2026-05-29T12:40:21.757+01:00 DEBUG 5656 --- [predictive-maintenance-backend] [MessageBroker-18] org.hibernate.SQL                        : 
    insert 
    into
        sensor_telemetry
        (created_at, machine_id, sensor1, sensor10, sensor11, sensor12, sensor13, sensor14, sensor15, sensor16, sensor17, sensor18, sensor19, sensor2, sensor20, sensor21, sensor3, sensor4, sensor5, sensor6, sensor7, sensor8, sensor9, setting1, setting2, setting3, timestamp) 
    values
        (?, ?, ?, ?, ?, ?, ?, ?, ?, ?, ?, ?, ?, ?, ?, ?, ?, ?, ?, ?, ?, ?, ?, ?, ?, ?, ?)
2026-05-29T12:40:21.759+01:00 DEBUG 5656 --- [predictive-maintenance-backend] [MessageBroker-18] c.p.p.ml.service.MLServiceClient         : Calling ML service for machine 10: http://localhost:8000/predict
2026-05-29T12:40:21.924+01:00 DEBUG 5656 --- [predictive-maintenance-backend] [MessageBroker-18] c.p.p.ml.service.MLServiceClient         : ML prediction received for machine 10: RUL=93.47, anomaly=0.278, risk=MEDIUM
2026-05-29T12:40:21.926+01:00 DEBUG 5656 --- [predictive-maintenance-backend] [MessageBroker-18] org.hibernate.SQL                        : 
    insert 
    into
        prediction_history
        (ambient_temperature, anomaly_probability, anomaly_type, bearing_wear, confidence_score, created_at, current, efficiency_score, failure_probability, fatigue_index, health, load_factor, lubrication_level, machine_id, ml_prediction_available, operating_speed, power_consumption, predicted_failure_type, predicted_rul, pressure, recommended_action, remaining_useful_life, requires_immediate_action, risk_level, risk_score, severity, temperature, thermal_stress, timestamp, vibration, voltage) 
    values
        (?, ?, ?, ?, ?, ?, ?, ?, ?, ?, ?, ?, ?, ?, ?, ?, ?, ?, ?, ?, ?, ?, ?, ?, ?, ?, ?, ?, ?, ?, ?)
2026-05-29T12:40:21.929+01:00 DEBUG 5656 --- [predictive-maintenance-backend] [MessageBroker-18] c.p.p.w.service.MachineStreamingService  : Stored prediction history for machine 10
2026-05-29T12:40:21.931+01:00 DEBUG 5656 --- [predictive-maintenance-backend] [MessageBroker-18] c.p.p.w.service.MachineStreamingService  : Streamed dataset-driven telemetry for 1 machines
2026-05-29T12:40:21.933+01:00 DEBUG 5656 --- [predictive-maintenance-backend] [MessageBroker-18] org.hibernate.SQL                        : 
    update
        machines 
    set
        category=?,
        description=?,
        installation_date=?,
        last_maintenance_date=?,
        last_modified_date=?,
        location=?,
        manufacturer=?,
        model=?,
        name=?,
        next_maintenance_date=?,
        operating_hours=?,
        photo_content_type=?,
        photo_path=?,
        risk_score=?,
        serial_number=?,
        status=?,
        sub_category=? 
    where
        id=?
2026-05-29T12:40:23.753+01:00 DEBUG 5656 --- [predictive-maintenance-backend] [MessageBroker-18] org.hibernate.SQL                        : 
    select
        m1_0.id,
        m1_0.category,
        m1_0.created_date,
        m1_0.description,
        m1_0.installation_date,
        m1_0.last_maintenance_date,
        m1_0.last_modified_date,
        m1_0.location,
        m1_0.manufacturer,
        m1_0.model,
        m1_0.name,
        m1_0.next_maintenance_date,
        m1_0.operating_hours,
        m1_0.photo_content_type,
        m1_0.photo_path,
        m1_0.risk_score,
        m1_0.serial_number,
        m1_0.status,
        m1_0.sub_category 
    from
        machines m1_0
2026-05-29T12:40:23.757+01:00 DEBUG 5656 --- [predictive-maintenance-backend] [MessageBroker-18] org.hibernate.SQL                        : 
    insert 
    into
        sensor_telemetry
        (created_at, machine_id, sensor1, sensor10, sensor11, sensor12, sensor13, sensor14, sensor15, sensor16, sensor17, sensor18, sensor19, sensor2, sensor20, sensor21, sensor3, sensor4, sensor5, sensor6, sensor7, sensor8, sensor9, setting1, setting2, setting3, timestamp) 
    values
        (?, ?, ?, ?, ?, ?, ?, ?, ?, ?, ?, ?, ?, ?, ?, ?, ?, ?, ?, ?, ?, ?, ?, ?, ?, ?, ?)
2026-05-29T12:40:23.759+01:00 DEBUG 5656 --- [predictive-maintenance-backend] [MessageBroker-18] c.p.p.ml.service.MLServiceClient         : Calling ML service for machine 10: http://localhost:8000/predict
2026-05-29T12:40:23.922+01:00 DEBUG 5656 --- [predictive-maintenance-backend] [MessageBroker-18] c.p.p.ml.service.MLServiceClient         : ML prediction received for machine 10: RUL=94.96, anomaly=0.277, risk=MEDIUM
2026-05-29T12:40:23.924+01:00 DEBUG 5656 --- [predictive-maintenance-backend] [MessageBroker-18] org.hibernate.SQL                        : 
    insert 
    into
        prediction_history
        (ambient_temperature, anomaly_probability, anomaly_type, bearing_wear, confidence_score, created_at, current, efficiency_score, failure_probability, fatigue_index, health, load_factor, lubrication_level, machine_id, ml_prediction_available, operating_speed, power_consumption, predicted_failure_type, predicted_rul, pressure, recommended_action, remaining_useful_life, requires_immediate_action, risk_level, risk_score, severity, temperature, thermal_stress, timestamp, vibration, voltage) 
    values
        (?, ?, ?, ?, ?, ?, ?, ?, ?, ?, ?, ?, ?, ?, ?, ?, ?, ?, ?, ?, ?, ?, ?, ?, ?, ?, ?, ?, ?, ?, ?)
2026-05-29T12:40:23.930+01:00 DEBUG 5656 --- [predictive-maintenance-backend] [MessageBroker-18] c.p.p.w.service.MachineStreamingService  : Stored prediction history for machine 10
2026-05-29T12:40:23.931+01:00 DEBUG 5656 --- [predictive-maintenance-backend] [MessageBroker-18] c.p.p.w.service.MachineStreamingService  : Streamed dataset-driven telemetry for 1 machines
2026-05-29T12:40:23.935+01:00 DEBUG 5656 --- [predictive-maintenance-backend] [MessageBroker-18] org.hibernate.SQL                        : 
    update
        machines 
    set
        category=?,
        description=?,
        installation_date=?,
        last_maintenance_date=?,
        last_modified_date=?,
        location=?,
        manufacturer=?,
        model=?,
        name=?,
        next_maintenance_date=?,
        operating_hours=?,
        photo_content_type=?,
        photo_path=?,
        risk_score=?,
        serial_number=?,
        status=?,
        sub_category=? 
    where
        id=?
2026-05-29T12:40:25.766+01:00 DEBUG 5656 --- [predictive-maintenance-backend] [MessageBroker-15] org.hibernate.SQL                        : 
    select
        m1_0.id,
        m1_0.category,
        m1_0.created_date,
        m1_0.description,
        m1_0.installation_date,
        m1_0.last_maintenance_date,
        m1_0.last_modified_date,
        m1_0.location,
        m1_0.manufacturer,
        m1_0.model,
        m1_0.name,
        m1_0.next_maintenance_date,
        m1_0.operating_hours,
        m1_0.photo_content_type,
        m1_0.photo_path,
        m1_0.risk_score,
        m1_0.serial_number,
        m1_0.status,
        m1_0.sub_category 
    from
        machines m1_0
2026-05-29T12:40:25.770+01:00 DEBUG 5656 --- [predictive-maintenance-backend] [MessageBroker-15] org.hibernate.SQL                        : 
    insert 
    into
        sensor_telemetry
        (created_at, machine_id, sensor1, sensor10, sensor11, sensor12, sensor13, sensor14, sensor15, sensor16, sensor17, sensor18, sensor19, sensor2, sensor20, sensor21, sensor3, sensor4, sensor5, sensor6, sensor7, sensor8, sensor9, setting1, setting2, setting3, timestamp) 
    values
        (?, ?, ?, ?, ?, ?, ?, ?, ?, ?, ?, ?, ?, ?, ?, ?, ?, ?, ?, ?, ?, ?, ?, ?, ?, ?, ?)
2026-05-29T12:40:25.772+01:00 DEBUG 5656 --- [predictive-maintenance-backend] [MessageBroker-15] c.p.p.ml.service.MLServiceClient         : Calling ML service for machine 10: http://localhost:8000/predict
2026-05-29T12:40:25.955+01:00 DEBUG 5656 --- [predictive-maintenance-backend] [MessageBroker-15] c.p.p.ml.service.MLServiceClient         : ML prediction received for machine 10: RUL=96.8, anomaly=0.277, risk=MEDIUM
2026-05-29T12:40:25.957+01:00 DEBUG 5656 --- [predictive-maintenance-backend] [MessageBroker-15] org.hibernate.SQL                        : 
    insert 
    into
        prediction_history
        (ambient_temperature, anomaly_probability, anomaly_type, bearing_wear, confidence_score, created_at, current, efficiency_score, failure_probability, fatigue_index, health, load_factor, lubrication_level, machine_id, ml_prediction_available, operating_speed, power_consumption, predicted_failure_type, predicted_rul, pressure, recommended_action, remaining_useful_life, requires_immediate_action, risk_level, risk_score, severity, temperature, thermal_stress, timestamp, vibration, voltage) 
    values
        (?, ?, ?, ?, ?, ?, ?, ?, ?, ?, ?, ?, ?, ?, ?, ?, ?, ?, ?, ?, ?, ?, ?, ?, ?, ?, ?, ?, ?, ?, ?)
2026-05-29T12:40:25.964+01:00 DEBUG 5656 --- [predictive-maintenance-backend] [MessageBroker-15] c.p.p.w.service.MachineStreamingService  : Stored prediction history for machine 10
2026-05-29T12:40:25.965+01:00 DEBUG 5656 --- [predictive-maintenance-backend] [MessageBroker-15] c.p.p.w.service.MachineStreamingService  : Streamed dataset-driven telemetry for 1 machines
2026-05-29T12:40:25.970+01:00 DEBUG 5656 --- [predictive-maintenance-backend] [MessageBroker-15] org.hibernate.SQL                        : 
    update
        machines 
    set
        category=?,
        description=?,
        installation_date=?,
        last_maintenance_date=?,
        last_modified_date=?,
        location=?,
        manufacturer=?,
        model=?,
        name=?,
        next_maintenance_date=?,
        operating_hours=?,
        photo_content_type=?,
        photo_path=?,
        risk_score=?,
        serial_number=?,
        status=?,
        sub_category=? 
    where
        id=?
2026-05-29T12:40:27.762+01:00 DEBUG 5656 --- [predictive-maintenance-backend] [MessageBroker-15] org.hibernate.SQL                        : 
    select
        m1_0.id,
        m1_0.category,
        m1_0.created_date,
        m1_0.description,
        m1_0.installation_date,
        m1_0.last_maintenance_date,
        m1_0.last_modified_date,
        m1_0.location,
        m1_0.manufacturer,
        m1_0.model,
        m1_0.name,
        m1_0.next_maintenance_date,
        m1_0.operating_hours,
        m1_0.photo_content_type,
        m1_0.photo_path,
        m1_0.risk_score,
        m1_0.serial_number,
        m1_0.status,
        m1_0.sub_category 
    from
        machines m1_0
2026-05-29T12:40:27.764+01:00 DEBUG 5656 --- [predictive-maintenance-backend] [MessageBroker-15] org.hibernate.SQL                        : 
    insert 
    into
        sensor_telemetry
        (created_at, machine_id, sensor1, sensor10, sensor11, sensor12, sensor13, sensor14, sensor15, sensor16, sensor17, sensor18, sensor19, sensor2, sensor20, sensor21, sensor3, sensor4, sensor5, sensor6, sensor7, sensor8, sensor9, setting1, setting2, setting3, timestamp) 
    values
        (?, ?, ?, ?, ?, ?, ?, ?, ?, ?, ?, ?, ?, ?, ?, ?, ?, ?, ?, ?, ?, ?, ?, ?, ?, ?, ?)
2026-05-29T12:40:27.765+01:00 DEBUG 5656 --- [predictive-maintenance-backend] [MessageBroker-15] c.p.p.ml.service.MLServiceClient         : Calling ML service for machine 10: http://localhost:8000/predict
2026-05-29T12:40:27.826+01:00 DEBUG 5656 --- [predictive-maintenance-backend] [MessageBroker-15] c.p.p.ml.service.MLServiceClient         : ML prediction received for machine 10: RUL=98.48, anomaly=0.277, risk=LOW
2026-05-29T12:40:27.827+01:00 DEBUG 5656 --- [predictive-maintenance-backend] [MessageBroker-15] org.hibernate.SQL                        : 
    insert 
    into
        prediction_history
        (ambient_temperature, anomaly_probability, anomaly_type, bearing_wear, confidence_score, created_at, current, efficiency_score, failure_probability, fatigue_index, health, load_factor, lubrication_level, machine_id, ml_prediction_available, operating_speed, power_consumption, predicted_failure_type, predicted_rul, pressure, recommended_action, remaining_useful_life, requires_immediate_action, risk_level, risk_score, severity, temperature, thermal_stress, timestamp, vibration, voltage) 
    values
        (?, ?, ?, ?, ?, ?, ?, ?, ?, ?, ?, ?, ?, ?, ?, ?, ?, ?, ?, ?, ?, ?, ?, ?, ?, ?, ?, ?, ?, ?, ?)
2026-05-29T12:40:27.827+01:00 DEBUG 5656 --- [predictive-maintenance-backend] [MessageBroker-15] c.p.p.w.service.MachineStreamingService  : Stored prediction history for machine 10
2026-05-29T12:40:27.828+01:00 DEBUG 5656 --- [predictive-maintenance-backend] [MessageBroker-15] c.p.p.w.service.MachineStreamingService  : Streamed dataset-driven telemetry for 1 machines
2026-05-29T12:40:27.828+01:00 DEBUG 5656 --- [predictive-maintenance-backend] [MessageBroker-15] org.hibernate.SQL                        : 
    update
        machines 
    set
        category=?,
        description=?,
        installation_date=?,
        last_maintenance_date=?,
        last_modified_date=?,
        location=?,
        manufacturer=?,
        model=?,
        name=?,
        next_maintenance_date=?,
        operating_hours=?,
        photo_content_type=?,
        photo_path=?,
        risk_score=?,
        serial_number=?,
        status=?,
        sub_category=? 
    where
        id=?
2026-05-29T12:40:29.761+01:00 DEBUG 5656 --- [predictive-maintenance-backend] [MessageBroker-2] org.hibernate.SQL                        : 
    select
        m1_0.id,
        m1_0.category,
        m1_0.created_date,
        m1_0.description,
        m1_0.installation_date,
        m1_0.last_maintenance_date,
        m1_0.last_modified_date,
        m1_0.location,
        m1_0.manufacturer,
        m1_0.model,
        m1_0.name,
        m1_0.next_maintenance_date,
        m1_0.operating_hours,
        m1_0.photo_content_type,
        m1_0.photo_path,
        m1_0.risk_score,
        m1_0.serial_number,
        m1_0.status,
        m1_0.sub_category 
    from
        machines m1_0
2026-05-29T12:40:29.763+01:00 DEBUG 5656 --- [predictive-maintenance-backend] [MessageBroker-2] org.hibernate.SQL                        : 
    insert 
    into
        sensor_telemetry
        (created_at, machine_id, sensor1, sensor10, sensor11, sensor12, sensor13, sensor14, sensor15, sensor16, sensor17, sensor18, sensor19, sensor2, sensor20, sensor21, sensor3, sensor4, sensor5, sensor6, sensor7, sensor8, sensor9, setting1, setting2, setting3, timestamp) 
    values
        (?, ?, ?, ?, ?, ?, ?, ?, ?, ?, ?, ?, ?, ?, ?, ?, ?, ?, ?, ?, ?, ?, ?, ?, ?, ?, ?)
2026-05-29T12:40:29.764+01:00 DEBUG 5656 --- [predictive-maintenance-backend] [MessageBroker-2] c.p.p.ml.service.MLServiceClient         : Calling ML service for machine 10: http://localhost:8000/predict
2026-05-29T12:40:29.818+01:00 DEBUG 5656 --- [predictive-maintenance-backend] [MessageBroker-2] c.p.p.ml.service.MLServiceClient         : ML prediction received for machine 10: RUL=100.84, anomaly=0.277, risk=LOW
2026-05-29T12:40:29.820+01:00 DEBUG 5656 --- [predictive-maintenance-backend] [MessageBroker-2] org.hibernate.SQL                        : 
    insert 
    into
        prediction_history
        (ambient_temperature, anomaly_probability, anomaly_type, bearing_wear, confidence_score, created_at, current, efficiency_score, failure_probability, fatigue_index, health, load_factor, lubrication_level, machine_id, ml_prediction_available, operating_speed, power_consumption, predicted_failure_type, predicted_rul, pressure, recommended_action, remaining_useful_life, requires_immediate_action, risk_level, risk_score, severity, temperature, thermal_stress, timestamp, vibration, voltage) 
    values
        (?, ?, ?, ?, ?, ?, ?, ?, ?, ?, ?, ?, ?, ?, ?, ?, ?, ?, ?, ?, ?, ?, ?, ?, ?, ?, ?, ?, ?, ?, ?)
2026-05-29T12:40:29.821+01:00 DEBUG 5656 --- [predictive-maintenance-backend] [MessageBroker-2] c.p.p.w.service.MachineStreamingService  : Stored prediction history for machine 10
2026-05-29T12:40:29.821+01:00 DEBUG 5656 --- [predictive-maintenance-backend] [MessageBroker-2] c.p.p.w.service.MachineStreamingService  : Streamed dataset-driven telemetry for 1 machines
2026-05-29T12:40:29.821+01:00 DEBUG 5656 --- [predictive-maintenance-backend] [MessageBroker-2] org.hibernate.SQL                        : 
    update
        machines 
    set
        category=?,
        description=?,
        installation_date=?,
        last_maintenance_date=?,
        last_modified_date=?,
        location=?,
        manufacturer=?,
        model=?,
        name=?,
        next_maintenance_date=?,
        operating_hours=?,
        photo_content_type=?,
        photo_path=?,
        risk_score=?,
        serial_number=?,
        status=?,
        sub_category=? 
    where
        id=?
2026-05-29T12:40:31.753+01:00 DEBUG 5656 --- [predictive-maintenance-backend] [MessageBroker-2] org.hibernate.SQL                        : 
    select
        m1_0.id,
        m1_0.category,
        m1_0.created_date,
        m1_0.description,
        m1_0.installation_date,
        m1_0.last_maintenance_date,
        m1_0.last_modified_date,
        m1_0.location,
        m1_0.manufacturer,
        m1_0.model,
        m1_0.name,
        m1_0.next_maintenance_date,
        m1_0.operating_hours,
        m1_0.photo_content_type,
        m1_0.photo_path,
        m1_0.risk_score,
        m1_0.serial_number,
        m1_0.status,
        m1_0.sub_category 
    from
        machines m1_0
2026-05-29T12:40:31.757+01:00 DEBUG 5656 --- [predictive-maintenance-backend] [MessageBroker-2] org.hibernate.SQL                        : 
    insert 
    into
        sensor_telemetry
        (created_at, machine_id, sensor1, sensor10, sensor11, sensor12, sensor13, sensor14, sensor15, sensor16, sensor17, sensor18, sensor19, sensor2, sensor20, sensor21, sensor3, sensor4, sensor5, sensor6, sensor7, sensor8, sensor9, setting1, setting2, setting3, timestamp) 
    values
        (?, ?, ?, ?, ?, ?, ?, ?, ?, ?, ?, ?, ?, ?, ?, ?, ?, ?, ?, ?, ?, ?, ?, ?, ?, ?, ?)
2026-05-29T12:40:31.759+01:00 DEBUG 5656 --- [predictive-maintenance-backend] [MessageBroker-2] c.p.p.ml.service.MLServiceClient         : Calling ML service for machine 10: http://localhost:8000/predict
2026-05-29T12:40:31.819+01:00 DEBUG 5656 --- [predictive-maintenance-backend] [MessageBroker-2] c.p.p.ml.service.MLServiceClient         : ML prediction received for machine 10: RUL=101.76, anomaly=0.259, risk=LOW
2026-05-29T12:40:31.820+01:00 DEBUG 5656 --- [predictive-maintenance-backend] [MessageBroker-2] org.hibernate.SQL                        : 
    insert 
    into
        prediction_history
        (ambient_temperature, anomaly_probability, anomaly_type, bearing_wear, confidence_score, created_at, current, efficiency_score, failure_probability, fatigue_index, health, load_factor, lubrication_level, machine_id, ml_prediction_available, operating_speed, power_consumption, predicted_failure_type, predicted_rul, pressure, recommended_action, remaining_useful_life, requires_immediate_action, risk_level, risk_score, severity, temperature, thermal_stress, timestamp, vibration, voltage) 
    values
        (?, ?, ?, ?, ?, ?, ?, ?, ?, ?, ?, ?, ?, ?, ?, ?, ?, ?, ?, ?, ?, ?, ?, ?, ?, ?, ?, ?, ?, ?, ?)
2026-05-29T12:40:31.821+01:00 DEBUG 5656 --- [predictive-maintenance-backend] [MessageBroker-2] c.p.p.w.service.MachineStreamingService  : Stored prediction history for machine 10
2026-05-29T12:40:31.821+01:00 DEBUG 5656 --- [predictive-maintenance-backend] [MessageBroker-2] c.p.p.w.service.MachineStreamingService  : Streamed dataset-driven telemetry for 1 machines
2026-05-29T12:40:31.821+01:00 DEBUG 5656 --- [predictive-maintenance-backend] [MessageBroker-2] org.hibernate.SQL                        : 
    update
        machines 
    set
        category=?,
        description=?,
        installation_date=?,
        last_maintenance_date=?,
        last_modified_date=?,
        location=?,
        manufacturer=?,
        model=?,
        name=?,
        next_maintenance_date=?,
        operating_hours=?,
        photo_content_type=?,
        photo_path=?,
        risk_score=?,
        serial_number=?,
        status=?,
        sub_category=? 
    where
        id=?
2026-05-29T12:40:32.736+01:00 DEBUG 5656 --- [predictive-maintenance-backend] [http-nio-8080-exec-5] o.s.security.web.FilterChainProxy        : Securing GET /api/v1/notifications?role=TECHNICIAN
2026-05-29T12:40:32.737+01:00 DEBUG 5656 --- [predictive-maintenance-backend] [http-nio-8080-exec-3] o.s.security.web.FilterChainProxy        : Securing GET /api/v1/notifications/unread-count
2026-05-29T12:40:32.744+01:00 DEBUG 5656 --- [predictive-maintenance-backend] [http-nio-8080-exec-3] o.s.security.web.FilterChainProxy        : Secured GET /api/v1/notifications/unread-count
2026-05-29T12:40:32.748+01:00 DEBUG 5656 --- [predictive-maintenance-backend] [http-nio-8080-exec-3] horizationManagerBeforeMethodInterceptor : Authorizing method invocation ReflectiveMethodInvocation: public org.springframework.http.ResponseEntity com.pfe.predictive.notification.controller.NotificationController.getUnreadCount(); target is of class [com.pfe.predictive.notification.controller.NotificationController]
2026-05-29T12:40:32.748+01:00 DEBUG 5656 --- [predictive-maintenance-backend] [http-nio-8080-exec-3] horizationManagerBeforeMethodInterceptor : Authorized method invocation ReflectiveMethodInvocation: public org.springframework.http.ResponseEntity com.pfe.predictive.notification.controller.NotificationController.getUnreadCount(); target is of class [com.pfe.predictive.notification.controller.NotificationController]
2026-05-29T12:40:32.748+01:00 DEBUG 5656 --- [predictive-maintenance-backend] [http-nio-8080-exec-5] o.s.security.web.FilterChainProxy        : Secured GET /api/v1/notifications?role=TECHNICIAN
2026-05-29T12:40:32.750+01:00 DEBUG 5656 --- [predictive-maintenance-backend] [http-nio-8080-exec-3] org.hibernate.SQL                        : 
    select
        count(n1_0.id) 
    from
        notifications n1_0 
    where
        not(n1_0.is_read)
2026-05-29T12:40:32.751+01:00 DEBUG 5656 --- [predictive-maintenance-backend] [http-nio-8080-exec-5] horizationManagerBeforeMethodInterceptor : Authorizing method invocation ReflectiveMethodInvocation: public org.springframework.http.ResponseEntity com.pfe.predictive.notification.controller.NotificationController.getNotifications(java.lang.String); target is of class [com.pfe.predictive.notification.controller.NotificationController]
2026-05-29T12:40:32.752+01:00 DEBUG 5656 --- [predictive-maintenance-backend] [http-nio-8080-exec-5] horizationManagerBeforeMethodInterceptor : Authorized method invocation ReflectiveMethodInvocation: public org.springframework.http.ResponseEntity com.pfe.predictive.notification.controller.NotificationController.getNotifications(java.lang.String); target is of class [com.pfe.predictive.notification.controller.NotificationController]
2026-05-29T12:40:32.754+01:00 DEBUG 5656 --- [predictive-maintenance-backend] [http-nio-8080-exec-5] org.hibernate.SQL                        : 
    select
        n1_0.id,
        n1_0.body,
        n1_0.created_at,
        n1_0.is_read,
        n1_0.machine_id,
        n1_0.prediction_record_id,
        n1_0.risk_level,
        n1_0.target_roles,
        n1_0.title 
    from
        notifications n1_0 
    where
        n1_0.target_roles like ? escape '\' 
    order by
        n1_0.created_at desc
2026-05-29T12:40:33.753+01:00 DEBUG 5656 --- [predictive-maintenance-backend] [MessageBroker-2] org.hibernate.SQL                        : 
    select
        m1_0.id,
        m1_0.category,
        m1_0.created_date,
        m1_0.description,
        m1_0.installation_date,
        m1_0.last_maintenance_date,
        m1_0.last_modified_date,
        m1_0.location,
        m1_0.manufacturer,
        m1_0.model,
        m1_0.name,
        m1_0.next_maintenance_date,
        m1_0.operating_hours,
        m1_0.photo_content_type,
        m1_0.photo_path,
        m1_0.risk_score,
        m1_0.serial_number,
        m1_0.status,
        m1_0.sub_category 
    from
        machines m1_0
2026-05-29T12:40:33.755+01:00 DEBUG 5656 --- [predictive-maintenance-backend] [MessageBroker-2] org.hibernate.SQL                        : 
    insert 
    into
        sensor_telemetry
        (created_at, machine_id, sensor1, sensor10, sensor11, sensor12, sensor13, sensor14, sensor15, sensor16, sensor17, sensor18, sensor19, sensor2, sensor20, sensor21, sensor3, sensor4, sensor5, sensor6, sensor7, sensor8, sensor9, setting1, setting2, setting3, timestamp) 
    values
        (?, ?, ?, ?, ?, ?, ?, ?, ?, ?, ?, ?, ?, ?, ?, ?, ?, ?, ?, ?, ?, ?, ?, ?, ?, ?, ?)
2026-05-29T12:40:33.756+01:00 DEBUG 5656 --- [predictive-maintenance-backend] [MessageBroker-2] c.p.p.ml.service.MLServiceClient         : Calling ML service for machine 10: http://localhost:8000/predict
2026-05-29T12:40:33.807+01:00 DEBUG 5656 --- [predictive-maintenance-backend] [MessageBroker-2] c.p.p.ml.service.MLServiceClient         : ML prediction received for machine 10: RUL=103.15, anomaly=0.178, risk=LOW
2026-05-29T12:40:33.809+01:00 DEBUG 5656 --- [predictive-maintenance-backend] [MessageBroker-2] org.hibernate.SQL                        : 
    insert 
    into
        prediction_history
        (ambient_temperature, anomaly_probability, anomaly_type, bearing_wear, confidence_score, created_at, current, efficiency_score, failure_probability, fatigue_index, health, load_factor, lubrication_level, machine_id, ml_prediction_available, operating_speed, power_consumption, predicted_failure_type, predicted_rul, pressure, recommended_action, remaining_useful_life, requires_immediate_action, risk_level, risk_score, severity, temperature, thermal_stress, timestamp, vibration, voltage) 
    values
        (?, ?, ?, ?, ?, ?, ?, ?, ?, ?, ?, ?, ?, ?, ?, ?, ?, ?, ?, ?, ?, ?, ?, ?, ?, ?, ?, ?, ?, ?, ?)
2026-05-29T12:40:33.810+01:00 DEBUG 5656 --- [predictive-maintenance-backend] [MessageBroker-2] c.p.p.w.service.MachineStreamingService  : Stored prediction history for machine 10
2026-05-29T12:40:33.811+01:00 DEBUG 5656 --- [predictive-maintenance-backend] [MessageBroker-2] c.p.p.w.service.MachineStreamingService  : Streamed dataset-driven telemetry for 1 machines
2026-05-29T12:40:33.811+01:00 DEBUG 5656 --- [predictive-maintenance-backend] [MessageBroker-2] org.hibernate.SQL                        : 
    update
        machines 
    set
        category=?,
        description=?,
        installation_date=?,
        last_maintenance_date=?,
        last_modified_date=?,
        location=?,
        manufacturer=?,
        model=?,
        name=?,
        next_maintenance_date=?,
        operating_hours=?,
        photo_content_type=?,
        photo_path=?,
        risk_score=?,
        serial_number=?,
        status=?,
        sub_category=? 
    where
        id=?
2026-05-29T12:40:35.752+01:00 DEBUG 5656 --- [predictive-maintenance-backend] [MessageBroker-12] org.hibernate.SQL                        : 
    select
        m1_0.id,
        m1_0.category,
        m1_0.created_date,
        m1_0.description,
        m1_0.installation_date,
        m1_0.last_maintenance_date,
        m1_0.last_modified_date,
        m1_0.location,
        m1_0.manufacturer,
        m1_0.model,
        m1_0.name,
        m1_0.next_maintenance_date,
        m1_0.operating_hours,
        m1_0.photo_content_type,
        m1_0.photo_path,
        m1_0.risk_score,
        m1_0.serial_number,
        m1_0.status,
        m1_0.sub_category 
    from
        machines m1_0
2026-05-29T12:40:35.754+01:00 DEBUG 5656 --- [predictive-maintenance-backend] [MessageBroker-12] org.hibernate.SQL                        : 
    insert 
    into
        sensor_telemetry
        (created_at, machine_id, sensor1, sensor10, sensor11, sensor12, sensor13, sensor14, sensor15, sensor16, sensor17, sensor18, sensor19, sensor2, sensor20, sensor21, sensor3, sensor4, sensor5, sensor6, sensor7, sensor8, sensor9, setting1, setting2, setting3, timestamp) 
    values
        (?, ?, ?, ?, ?, ?, ?, ?, ?, ?, ?, ?, ?, ?, ?, ?, ?, ?, ?, ?, ?, ?, ?, ?, ?, ?, ?)
2026-05-29T12:40:35.756+01:00 DEBUG 5656 --- [predictive-maintenance-backend] [MessageBroker-12] c.p.p.ml.service.MLServiceClient         : Calling ML service for machine 10: http://localhost:8000/predict
2026-05-29T12:40:35.802+01:00 DEBUG 5656 --- [predictive-maintenance-backend] [MessageBroker-12] c.p.p.ml.service.MLServiceClient         : ML prediction received for machine 10: RUL=102.94, anomaly=0.272, risk=LOW
2026-05-29T12:40:35.802+01:00 DEBUG 5656 --- [predictive-maintenance-backend] [MessageBroker-12] org.hibernate.SQL                        : 
    insert 
    into
        prediction_history
        (ambient_temperature, anomaly_probability, anomaly_type, bearing_wear, confidence_score, created_at, current, efficiency_score, failure_probability, fatigue_index, health, load_factor, lubrication_level, machine_id, ml_prediction_available, operating_speed, power_consumption, predicted_failure_type, predicted_rul, pressure, recommended_action, remaining_useful_life, requires_immediate_action, risk_level, risk_score, severity, temperature, thermal_stress, timestamp, vibration, voltage) 
    values
        (?, ?, ?, ?, ?, ?, ?, ?, ?, ?, ?, ?, ?, ?, ?, ?, ?, ?, ?, ?, ?, ?, ?, ?, ?, ?, ?, ?, ?, ?, ?)
2026-05-29T12:40:35.804+01:00 DEBUG 5656 --- [predictive-maintenance-backend] [MessageBroker-12] c.p.p.w.service.MachineStreamingService  : Stored prediction history for machine 10
2026-05-29T12:40:35.805+01:00 DEBUG 5656 --- [predictive-maintenance-backend] [MessageBroker-12] c.p.p.w.service.MachineStreamingService  : Streamed dataset-driven telemetry for 1 machines
2026-05-29T12:40:35.805+01:00 DEBUG 5656 --- [predictive-maintenance-backend] [MessageBroker-12] org.hibernate.SQL                        : 
    update
        machines 
    set
        category=?,
        description=?,
        installation_date=?,
        last_maintenance_date=?,
        last_modified_date=?,
        location=?,
        manufacturer=?,
        model=?,
        name=?,
        next_maintenance_date=?,
        operating_hours=?,
        photo_content_type=?,
        photo_path=?,
        risk_score=?,
        serial_number=?,
        status=?,
        sub_category=? 
    where
        id=?
2026-05-29T12:40:37.765+01:00 DEBUG 5656 --- [predictive-maintenance-backend] [MessageBroker-12] org.hibernate.SQL                        : 
    select
        m1_0.id,
        m1_0.category,
        m1_0.created_date,
        m1_0.description,
        m1_0.installation_date,
        m1_0.last_maintenance_date,
        m1_0.last_modified_date,
        m1_0.location,
        m1_0.manufacturer,
        m1_0.model,
        m1_0.name,
        m1_0.next_maintenance_date,
        m1_0.operating_hours,
        m1_0.photo_content_type,
        m1_0.photo_path,
        m1_0.risk_score,
        m1_0.serial_number,
        m1_0.status,
        m1_0.sub_category 
    from
        machines m1_0
2026-05-29T12:40:37.767+01:00 DEBUG 5656 --- [predictive-maintenance-backend] [MessageBroker-12] org.hibernate.SQL                        : 
    insert 
    into
        sensor_telemetry
        (created_at, machine_id, sensor1, sensor10, sensor11, sensor12, sensor13, sensor14, sensor15, sensor16, sensor17, sensor18, sensor19, sensor2, sensor20, sensor21, sensor3, sensor4, sensor5, sensor6, sensor7, sensor8, sensor9, setting1, setting2, setting3, timestamp) 
    values
        (?, ?, ?, ?, ?, ?, ?, ?, ?, ?, ?, ?, ?, ?, ?, ?, ?, ?, ?, ?, ?, ?, ?, ?, ?, ?, ?)
2026-05-29T12:40:37.768+01:00 DEBUG 5656 --- [predictive-maintenance-backend] [MessageBroker-12] c.p.p.ml.service.MLServiceClient         : Calling ML service for machine 10: http://localhost:8000/predict
2026-05-29T12:40:37.830+01:00 DEBUG 5656 --- [predictive-maintenance-backend] [MessageBroker-12] c.p.p.ml.service.MLServiceClient         : ML prediction received for machine 10: RUL=103.96, anomaly=0.275, risk=LOW
2026-05-29T12:40:37.831+01:00 DEBUG 5656 --- [predictive-maintenance-backend] [MessageBroker-12] org.hibernate.SQL                        : 
    insert 
    into
        prediction_history
        (ambient_temperature, anomaly_probability, anomaly_type, bearing_wear, confidence_score, created_at, current, efficiency_score, failure_probability, fatigue_index, health, load_factor, lubrication_level, machine_id, ml_prediction_available, operating_speed, power_consumption, predicted_failure_type, predicted_rul, pressure, recommended_action, remaining_useful_life, requires_immediate_action, risk_level, risk_score, severity, temperature, thermal_stress, timestamp, vibration, voltage) 
    values
        (?, ?, ?, ?, ?, ?, ?, ?, ?, ?, ?, ?, ?, ?, ?, ?, ?, ?, ?, ?, ?, ?, ?, ?, ?, ?, ?, ?, ?, ?, ?)
2026-05-29T12:40:37.833+01:00 DEBUG 5656 --- [predictive-maintenance-backend] [MessageBroker-12] c.p.p.w.service.MachineStreamingService  : Stored prediction history for machine 10
2026-05-29T12:40:37.834+01:00 DEBUG 5656 --- [predictive-maintenance-backend] [MessageBroker-12] c.p.p.w.service.MachineStreamingService  : Streamed dataset-driven telemetry for 1 machines
2026-05-29T12:40:37.834+01:00 DEBUG 5656 --- [predictive-maintenance-backend] [MessageBroker-12] org.hibernate.SQL                        : 
    update
        machines 
    set
        category=?,
        description=?,
        installation_date=?,
        last_maintenance_date=?,
        last_modified_date=?,
        location=?,
        manufacturer=?,
        model=?,
        name=?,
        next_maintenance_date=?,
        operating_hours=?,
        photo_content_type=?,
        photo_path=?,
        risk_score=?,
        serial_number=?,
        status=?,
        sub_category=? 
    where
        id=?
2026-05-29T12:40:39.762+01:00 DEBUG 5656 --- [predictive-maintenance-backend] [MessageBroker-13] org.hibernate.SQL                        : 
    select
        m1_0.id,
        m1_0.category,
        m1_0.created_date,
        m1_0.description,
        m1_0.installation_date,
        m1_0.last_maintenance_date,
        m1_0.last_modified_date,
        m1_0.location,
        m1_0.manufacturer,
        m1_0.model,
        m1_0.name,
        m1_0.next_maintenance_date,
        m1_0.operating_hours,
        m1_0.photo_content_type,
        m1_0.photo_path,
        m1_0.risk_score,
        m1_0.serial_number,
        m1_0.status,
        m1_0.sub_category 
    from
        machines m1_0
2026-05-29T12:40:39.764+01:00 DEBUG 5656 --- [predictive-maintenance-backend] [MessageBroker-13] org.hibernate.SQL                        : 
    insert 
    into
        sensor_telemetry
        (created_at, machine_id, sensor1, sensor10, sensor11, sensor12, sensor13, sensor14, sensor15, sensor16, sensor17, sensor18, sensor19, sensor2, sensor20, sensor21, sensor3, sensor4, sensor5, sensor6, sensor7, sensor8, sensor9, setting1, setting2, setting3, timestamp) 
    values
        (?, ?, ?, ?, ?, ?, ?, ?, ?, ?, ?, ?, ?, ?, ?, ?, ?, ?, ?, ?, ?, ?, ?, ?, ?, ?, ?)
2026-05-29T12:40:39.765+01:00 DEBUG 5656 --- [predictive-maintenance-backend] [MessageBroker-13] c.p.p.ml.service.MLServiceClient         : Calling ML service for machine 10: http://localhost:8000/predict
2026-05-29T12:40:39.815+01:00 DEBUG 5656 --- [predictive-maintenance-backend] [MessageBroker-13] c.p.p.ml.service.MLServiceClient         : ML prediction received for machine 10: RUL=105.56, anomaly=0.274, risk=LOW
2026-05-29T12:40:39.816+01:00 DEBUG 5656 --- [predictive-maintenance-backend] [MessageBroker-13] org.hibernate.SQL                        : 
    insert 
    into
        prediction_history
        (ambient_temperature, anomaly_probability, anomaly_type, bearing_wear, confidence_score, created_at, current, efficiency_score, failure_probability, fatigue_index, health, load_factor, lubrication_level, machine_id, ml_prediction_available, operating_speed, power_consumption, predicted_failure_type, predicted_rul, pressure, recommended_action, remaining_useful_life, requires_immediate_action, risk_level, risk_score, severity, temperature, thermal_stress, timestamp, vibration, voltage) 
    values
        (?, ?, ?, ?, ?, ?, ?, ?, ?, ?, ?, ?, ?, ?, ?, ?, ?, ?, ?, ?, ?, ?, ?, ?, ?, ?, ?, ?, ?, ?, ?)
2026-05-29T12:40:39.817+01:00 DEBUG 5656 --- [predictive-maintenance-backend] [MessageBroker-13] c.p.p.w.service.MachineStreamingService  : Stored prediction history for machine 10
2026-05-29T12:40:39.817+01:00 DEBUG 5656 --- [predictive-maintenance-backend] [MessageBroker-13] c.p.p.w.service.MachineStreamingService  : Streamed dataset-driven telemetry for 1 machines
2026-05-29T12:40:39.817+01:00 DEBUG 5656 --- [predictive-maintenance-backend] [MessageBroker-13] org.hibernate.SQL                        : 
    update
        machines 
    set
        category=?,
        description=?,
        installation_date=?,
        last_maintenance_date=?,
        last_modified_date=?,
        location=?,
        manufacturer=?,
        model=?,
        name=?,
        next_maintenance_date=?,
        operating_hours=?,
        photo_content_type=?,
        photo_path=?,
        risk_score=?,
        serial_number=?,
        status=?,
        sub_category=? 
    where
        id=?
2026-05-29T12:40:41.760+01:00 DEBUG 5656 --- [predictive-maintenance-backend] [MessageBroker-13] org.hibernate.SQL                        : 
    select
        m1_0.id,
        m1_0.category,
        m1_0.created_date,
        m1_0.description,
        m1_0.installation_date,
        m1_0.last_maintenance_date,
        m1_0.last_modified_date,
        m1_0.location,
        m1_0.manufacturer,
        m1_0.model,
        m1_0.name,
        m1_0.next_maintenance_date,
        m1_0.operating_hours,
        m1_0.photo_content_type,
        m1_0.photo_path,
        m1_0.risk_score,
        m1_0.serial_number,
        m1_0.status,
        m1_0.sub_category 
    from
        machines m1_0
2026-05-29T12:40:41.763+01:00 DEBUG 5656 --- [predictive-maintenance-backend] [MessageBroker-13] org.hibernate.SQL                        : 
    insert 
    into
        sensor_telemetry
        (created_at, machine_id, sensor1, sensor10, sensor11, sensor12, sensor13, sensor14, sensor15, sensor16, sensor17, sensor18, sensor19, sensor2, sensor20, sensor21, sensor3, sensor4, sensor5, sensor6, sensor7, sensor8, sensor9, setting1, setting2, setting3, timestamp) 
    values
        (?, ?, ?, ?, ?, ?, ?, ?, ?, ?, ?, ?, ?, ?, ?, ?, ?, ?, ?, ?, ?, ?, ?, ?, ?, ?, ?)
2026-05-29T12:40:41.764+01:00 DEBUG 5656 --- [predictive-maintenance-backend] [MessageBroker-13] c.p.p.ml.service.MLServiceClient         : Calling ML service for machine 10: http://localhost:8000/predict
2026-05-29T12:40:41.822+01:00 DEBUG 5656 --- [predictive-maintenance-backend] [MessageBroker-13] c.p.p.ml.service.MLServiceClient         : ML prediction received for machine 10: RUL=107.84, anomaly=0.274, risk=LOW
2026-05-29T12:40:41.823+01:00 DEBUG 5656 --- [predictive-maintenance-backend] [MessageBroker-13] org.hibernate.SQL                        : 
    insert 
    into
        prediction_history
        (ambient_temperature, anomaly_probability, anomaly_type, bearing_wear, confidence_score, created_at, current, efficiency_score, failure_probability, fatigue_index, health, load_factor, lubrication_level, machine_id, ml_prediction_available, operating_speed, power_consumption, predicted_failure_type, predicted_rul, pressure, recommended_action, remaining_useful_life, requires_immediate_action, risk_level, risk_score, severity, temperature, thermal_stress, timestamp, vibration, voltage) 
    values
        (?, ?, ?, ?, ?, ?, ?, ?, ?, ?, ?, ?, ?, ?, ?, ?, ?, ?, ?, ?, ?, ?, ?, ?, ?, ?, ?, ?, ?, ?, ?)
2026-05-29T12:40:41.825+01:00 DEBUG 5656 --- [predictive-maintenance-backend] [MessageBroker-13] c.p.p.w.service.MachineStreamingService  : Stored prediction history for machine 10
2026-05-29T12:40:41.825+01:00 DEBUG 5656 --- [predictive-maintenance-backend] [MessageBroker-13] c.p.p.w.service.MachineStreamingService  : Streamed dataset-driven telemetry for 1 machines
2026-05-29T12:40:41.826+01:00 DEBUG 5656 --- [predictive-maintenance-backend] [MessageBroker-13] org.hibernate.SQL                        : 
    update
        machines 
    set
        category=?,
        description=?,
        installation_date=?,
        last_maintenance_date=?,
        last_modified_date=?,
        location=?,
        manufacturer=?,
        model=?,
        name=?,
        next_maintenance_date=?,
        operating_hours=?,
        photo_content_type=?,
        photo_path=?,
        risk_score=?,
        serial_number=?,
        status=?,
        sub_category=? 
    where
        id=?
2026-05-29T12:40:43.755+01:00 DEBUG 5656 --- [predictive-maintenance-backend] [MessageBroker-13] org.hibernate.SQL                        : 
    select
        m1_0.id,
        m1_0.category,
        m1_0.created_date,
        m1_0.description,
        m1_0.installation_date,
        m1_0.last_maintenance_date,
        m1_0.last_modified_date,
        m1_0.location,
        m1_0.manufacturer,
        m1_0.model,
        m1_0.name,
        m1_0.next_maintenance_date,
        m1_0.operating_hours,
        m1_0.photo_content_type,
        m1_0.photo_path,
        m1_0.risk_score,
        m1_0.serial_number,
        m1_0.status,
        m1_0.sub_category 
    from
        machines m1_0
2026-05-29T12:40:43.756+01:00 DEBUG 5656 --- [predictive-maintenance-backend] [MessageBroker-13] org.hibernate.SQL                        : 
    insert 
    into
        sensor_telemetry
        (created_at, machine_id, sensor1, sensor10, sensor11, sensor12, sensor13, sensor14, sensor15, sensor16, sensor17, sensor18, sensor19, sensor2, sensor20, sensor21, sensor3, sensor4, sensor5, sensor6, sensor7, sensor8, sensor9, setting1, setting2, setting3, timestamp) 
    values
        (?, ?, ?, ?, ?, ?, ?, ?, ?, ?, ?, ?, ?, ?, ?, ?, ?, ?, ?, ?, ?, ?, ?, ?, ?, ?, ?)
2026-05-29T12:40:43.758+01:00 DEBUG 5656 --- [predictive-maintenance-backend] [MessageBroker-13] c.p.p.ml.service.MLServiceClient         : Calling ML service for machine 10: http://localhost:8000/predict
2026-05-29T12:40:43.811+01:00 DEBUG 5656 --- [predictive-maintenance-backend] [MessageBroker-13] c.p.p.ml.service.MLServiceClient         : ML prediction received for machine 10: RUL=110.25, anomaly=0.274, risk=LOW
2026-05-29T12:40:43.811+01:00 DEBUG 5656 --- [predictive-maintenance-backend] [MessageBroker-13] org.hibernate.SQL                        : 
    insert 
    into
        prediction_history
        (ambient_temperature, anomaly_probability, anomaly_type, bearing_wear, confidence_score, created_at, current, efficiency_score, failure_probability, fatigue_index, health, load_factor, lubrication_level, machine_id, ml_prediction_available, operating_speed, power_consumption, predicted_failure_type, predicted_rul, pressure, recommended_action, remaining_useful_life, requires_immediate_action, risk_level, risk_score, severity, temperature, thermal_stress, timestamp, vibration, voltage) 
    values
        (?, ?, ?, ?, ?, ?, ?, ?, ?, ?, ?, ?, ?, ?, ?, ?, ?, ?, ?, ?, ?, ?, ?, ?, ?, ?, ?, ?, ?, ?, ?)
2026-05-29T12:40:43.812+01:00 DEBUG 5656 --- [predictive-maintenance-backend] [MessageBroker-13] c.p.p.w.service.MachineStreamingService  : Stored prediction history for machine 10
2026-05-29T12:40:43.812+01:00 DEBUG 5656 --- [predictive-maintenance-backend] [MessageBroker-13] c.p.p.w.service.MachineStreamingService  : Streamed dataset-driven telemetry for 1 machines
2026-05-29T12:40:43.813+01:00 DEBUG 5656 --- [predictive-maintenance-backend] [MessageBroker-13] org.hibernate.SQL                        : 
    update
        machines 
    set
        category=?,
        description=?,
        installation_date=?,
        last_maintenance_date=?,
        last_modified_date=?,
        location=?,
        manufacturer=?,
        model=?,
        name=?,
        next_maintenance_date=?,
        operating_hours=?,
        photo_content_type=?,
        photo_path=?,
        risk_score=?,
        serial_number=?,
        status=?,
        sub_category=? 
    where
        id=?
2026-05-29T12:40:45.758+01:00 DEBUG 5656 --- [predictive-maintenance-backend] [MessageBroker-16] org.hibernate.SQL                        : 
    select
        m1_0.id,
        m1_0.category,
        m1_0.created_date,
        m1_0.description,
        m1_0.installation_date,
        m1_0.last_maintenance_date,
        m1_0.last_modified_date,
        m1_0.location,
        m1_0.manufacturer,
        m1_0.model,
        m1_0.name,
        m1_0.next_maintenance_date,
        m1_0.operating_hours,
        m1_0.photo_content_type,
        m1_0.photo_path,
        m1_0.risk_score,
        m1_0.serial_number,
        m1_0.status,
        m1_0.sub_category 
    from
        machines m1_0
2026-05-29T12:40:45.760+01:00 DEBUG 5656 --- [predictive-maintenance-backend] [MessageBroker-16] org.hibernate.SQL                        : 
    insert 
    into
        sensor_telemetry
        (created_at, machine_id, sensor1, sensor10, sensor11, sensor12, sensor13, sensor14, sensor15, sensor16, sensor17, sensor18, sensor19, sensor2, sensor20, sensor21, sensor3, sensor4, sensor5, sensor6, sensor7, sensor8, sensor9, setting1, setting2, setting3, timestamp) 
    values
        (?, ?, ?, ?, ?, ?, ?, ?, ?, ?, ?, ?, ?, ?, ?, ?, ?, ?, ?, ?, ?, ?, ?, ?, ?, ?, ?)
2026-05-29T12:40:45.761+01:00 DEBUG 5656 --- [predictive-maintenance-backend] [MessageBroker-16] c.p.p.ml.service.MLServiceClient         : Calling ML service for machine 10: http://localhost:8000/predict
2026-05-29T12:40:45.826+01:00 DEBUG 5656 --- [predictive-maintenance-backend] [MessageBroker-16] c.p.p.ml.service.MLServiceClient         : ML prediction received for machine 10: RUL=112.43, anomaly=0.274, risk=LOW
2026-05-29T12:40:45.827+01:00 DEBUG 5656 --- [predictive-maintenance-backend] [MessageBroker-16] org.hibernate.SQL                        : 
    insert 
    into
        prediction_history
        (ambient_temperature, anomaly_probability, anomaly_type, bearing_wear, confidence_score, created_at, current, efficiency_score, failure_probability, fatigue_index, health, load_factor, lubrication_level, machine_id, ml_prediction_available, operating_speed, power_consumption, predicted_failure_type, predicted_rul, pressure, recommended_action, remaining_useful_life, requires_immediate_action, risk_level, risk_score, severity, temperature, thermal_stress, timestamp, vibration, voltage) 
    values
        (?, ?, ?, ?, ?, ?, ?, ?, ?, ?, ?, ?, ?, ?, ?, ?, ?, ?, ?, ?, ?, ?, ?, ?, ?, ?, ?, ?, ?, ?, ?)
2026-05-29T12:40:45.829+01:00 DEBUG 5656 --- [predictive-maintenance-backend] [MessageBroker-16] c.p.p.w.service.MachineStreamingService  : Stored prediction history for machine 10
2026-05-29T12:40:45.830+01:00 DEBUG 5656 --- [predictive-maintenance-backend] [MessageBroker-16] c.p.p.w.service.MachineStreamingService  : Streamed dataset-driven telemetry for 1 machines
2026-05-29T12:40:45.830+01:00 DEBUG 5656 --- [predictive-maintenance-backend] [MessageBroker-16] org.hibernate.SQL                        : 
    update
        machines 
    set
        category=?,
        description=?,
        installation_date=?,
        last_maintenance_date=?,
        last_modified_date=?,
        location=?,
        manufacturer=?,
        model=?,
        name=?,
        next_maintenance_date=?,
        operating_hours=?,
        photo_content_type=?,
        photo_path=?,
        risk_score=?,
        serial_number=?,
        status=?,
        sub_category=? 
    where
        id=?
2026-05-29T12:40:47.759+01:00 DEBUG 5656 --- [predictive-maintenance-backend] [MessageBroker-16] org.hibernate.SQL                        : 
    select
        m1_0.id,
        m1_0.category,
        m1_0.created_date,
        m1_0.description,
        m1_0.installation_date,
        m1_0.last_maintenance_date,
        m1_0.last_modified_date,
        m1_0.location,
        m1_0.manufacturer,
        m1_0.model,
        m1_0.name,
        m1_0.next_maintenance_date,
        m1_0.operating_hours,
        m1_0.photo_content_type,
        m1_0.photo_path,
        m1_0.risk_score,
        m1_0.serial_number,
        m1_0.status,
        m1_0.sub_category 
    from
        machines m1_0
2026-05-29T12:40:47.760+01:00 DEBUG 5656 --- [predictive-maintenance-backend] [MessageBroker-16] org.hibernate.SQL                        : 
    insert 
    into
        sensor_telemetry
        (created_at, machine_id, sensor1, sensor10, sensor11, sensor12, sensor13, sensor14, sensor15, sensor16, sensor17, sensor18, sensor19, sensor2, sensor20, sensor21, sensor3, sensor4, sensor5, sensor6, sensor7, sensor8, sensor9, setting1, setting2, setting3, timestamp) 
    values
        (?, ?, ?, ?, ?, ?, ?, ?, ?, ?, ?, ?, ?, ?, ?, ?, ?, ?, ?, ?, ?, ?, ?, ?, ?, ?, ?)
2026-05-29T12:40:47.762+01:00 DEBUG 5656 --- [predictive-maintenance-backend] [MessageBroker-16] c.p.p.ml.service.MLServiceClient         : Calling ML service for machine 10: http://localhost:8000/predict
2026-05-29T12:40:47.822+01:00 DEBUG 5656 --- [predictive-maintenance-backend] [MessageBroker-16] c.p.p.ml.service.MLServiceClient         : ML prediction received for machine 10: RUL=105.65, anomaly=0.274, risk=LOW
2026-05-29T12:40:47.823+01:00 DEBUG 5656 --- [predictive-maintenance-backend] [MessageBroker-16] org.hibernate.SQL                        : 
    insert 
    into
        prediction_history
        (ambient_temperature, anomaly_probability, anomaly_type, bearing_wear, confidence_score, created_at, current, efficiency_score, failure_probability, fatigue_index, health, load_factor, lubrication_level, machine_id, ml_prediction_available, operating_speed, power_consumption, predicted_failure_type, predicted_rul, pressure, recommended_action, remaining_useful_life, requires_immediate_action, risk_level, risk_score, severity, temperature, thermal_stress, timestamp, vibration, voltage) 
    values
        (?, ?, ?, ?, ?, ?, ?, ?, ?, ?, ?, ?, ?, ?, ?, ?, ?, ?, ?, ?, ?, ?, ?, ?, ?, ?, ?, ?, ?, ?, ?)
2026-05-29T12:40:47.824+01:00 DEBUG 5656 --- [predictive-maintenance-backend] [MessageBroker-16] c.p.p.w.service.MachineStreamingService  : Stored prediction history for machine 10
2026-05-29T12:40:47.824+01:00 DEBUG 5656 --- [predictive-maintenance-backend] [MessageBroker-16] c.p.p.w.service.MachineStreamingService  : Streamed dataset-driven telemetry for 1 machines
2026-05-29T12:40:47.825+01:00 DEBUG 5656 --- [predictive-maintenance-backend] [MessageBroker-16] org.hibernate.SQL                        : 
    update
        machines 
    set
        category=?,
        description=?,
        installation_date=?,
        last_maintenance_date=?,
        last_modified_date=?,
        location=?,
        manufacturer=?,
        model=?,
        name=?,
        next_maintenance_date=?,
        operating_hours=?,
        photo_content_type=?,
        photo_path=?,
        risk_score=?,
        serial_number=?,
        status=?,
        sub_category=? 
    where
        id=?
2026-05-29T12:40:49.753+01:00 DEBUG 5656 --- [predictive-maintenance-backend] [MessageBroker-3] org.hibernate.SQL                        : 
    select
        m1_0.id,
        m1_0.category,
        m1_0.created_date,
        m1_0.description,
        m1_0.installation_date,
        m1_0.last_maintenance_date,
        m1_0.last_modified_date,
        m1_0.location,
        m1_0.manufacturer,
        m1_0.model,
        m1_0.name,
        m1_0.next_maintenance_date,
        m1_0.operating_hours,
        m1_0.photo_content_type,
        m1_0.photo_path,
        m1_0.risk_score,
        m1_0.serial_number,
        m1_0.status,
        m1_0.sub_category 
    from
        machines m1_0
2026-05-29T12:40:49.754+01:00 DEBUG 5656 --- [predictive-maintenance-backend] [MessageBroker-3] org.hibernate.SQL                        : 
    insert 
    into
        sensor_telemetry
        (created_at, machine_id, sensor1, sensor10, sensor11, sensor12, sensor13, sensor14, sensor15, sensor16, sensor17, sensor18, sensor19, sensor2, sensor20, sensor21, sensor3, sensor4, sensor5, sensor6, sensor7, sensor8, sensor9, setting1, setting2, setting3, timestamp) 
    values
        (?, ?, ?, ?, ?, ?, ?, ?, ?, ?, ?, ?, ?, ?, ?, ?, ?, ?, ?, ?, ?, ?, ?, ?, ?, ?, ?)
2026-05-29T12:40:49.755+01:00 DEBUG 5656 --- [predictive-maintenance-backend] [MessageBroker-3] c.p.p.ml.service.MLServiceClient         : Calling ML service for machine 10: http://localhost:8000/predict
2026-05-29T12:40:49.804+01:00 DEBUG 5656 --- [predictive-maintenance-backend] [MessageBroker-3] c.p.p.ml.service.MLServiceClient         : ML prediction received for machine 10: RUL=97.72, anomaly=0.274, risk=MEDIUM
2026-05-29T12:40:49.806+01:00 DEBUG 5656 --- [predictive-maintenance-backend] [MessageBroker-3] org.hibernate.SQL                        : 
    insert 
    into
        prediction_history
        (ambient_temperature, anomaly_probability, anomaly_type, bearing_wear, confidence_score, created_at, current, efficiency_score, failure_probability, fatigue_index, health, load_factor, lubrication_level, machine_id, ml_prediction_available, operating_speed, power_consumption, predicted_failure_type, predicted_rul, pressure, recommended_action, remaining_useful_life, requires_immediate_action, risk_level, risk_score, severity, temperature, thermal_stress, timestamp, vibration, voltage) 
    values
        (?, ?, ?, ?, ?, ?, ?, ?, ?, ?, ?, ?, ?, ?, ?, ?, ?, ?, ?, ?, ?, ?, ?, ?, ?, ?, ?, ?, ?, ?, ?)
2026-05-29T12:40:49.808+01:00 DEBUG 5656 --- [predictive-maintenance-backend] [MessageBroker-3] c.p.p.w.service.MachineStreamingService  : Stored prediction history for machine 10
2026-05-29T12:40:49.809+01:00 DEBUG 5656 --- [predictive-maintenance-backend] [MessageBroker-3] c.p.p.w.service.MachineStreamingService  : Streamed dataset-driven telemetry for 1 machines
2026-05-29T12:40:49.810+01:00 DEBUG 5656 --- [predictive-maintenance-backend] [MessageBroker-3] org.hibernate.SQL                        : 
    update
        machines 
    set
        category=?,
        description=?,
        installation_date=?,
        last_maintenance_date=?,
        last_modified_date=?,
        location=?,
        manufacturer=?,
        model=?,
        name=?,
        next_maintenance_date=?,
        operating_hours=?,
        photo_content_type=?,
        photo_path=?,
        risk_score=?,
        serial_number=?,
        status=?,
        sub_category=? 
    where
        id=?
2026-05-29T12:40:51.756+01:00 DEBUG 5656 --- [predictive-maintenance-backend] [MessageBroker-3] org.hibernate.SQL                        : 
    select
        m1_0.id,
        m1_0.category,
        m1_0.created_date,
        m1_0.description,
        m1_0.installation_date,
        m1_0.last_maintenance_date,
        m1_0.last_modified_date,
        m1_0.location,
        m1_0.manufacturer,
        m1_0.model,
        m1_0.name,
        m1_0.next_maintenance_date,
        m1_0.operating_hours,
        m1_0.photo_content_type,
        m1_0.photo_path,
        m1_0.risk_score,
        m1_0.serial_number,
        m1_0.status,
        m1_0.sub_category 
    from
        machines m1_0
2026-05-29T12:40:51.757+01:00 DEBUG 5656 --- [predictive-maintenance-backend] [MessageBroker-3] org.hibernate.SQL                        : 
    insert 
    into
        sensor_telemetry
        (created_at, machine_id, sensor1, sensor10, sensor11, sensor12, sensor13, sensor14, sensor15, sensor16, sensor17, sensor18, sensor19, sensor2, sensor20, sensor21, sensor3, sensor4, sensor5, sensor6, sensor7, sensor8, sensor9, setting1, setting2, setting3, timestamp) 
    values
        (?, ?, ?, ?, ?, ?, ?, ?, ?, ?, ?, ?, ?, ?, ?, ?, ?, ?, ?, ?, ?, ?, ?, ?, ?, ?, ?)
2026-05-29T12:40:51.758+01:00 DEBUG 5656 --- [predictive-maintenance-backend] [MessageBroker-3] c.p.p.ml.service.MLServiceClient         : Calling ML service for machine 10: http://localhost:8000/predict
2026-05-29T12:40:51.811+01:00 DEBUG 5656 --- [predictive-maintenance-backend] [MessageBroker-3] c.p.p.ml.service.MLServiceClient         : ML prediction received for machine 10: RUL=89.17, anomaly=0.274, risk=MEDIUM
2026-05-29T12:40:51.812+01:00 DEBUG 5656 --- [predictive-maintenance-backend] [MessageBroker-3] org.hibernate.SQL                        : 
    insert 
    into
        prediction_history
        (ambient_temperature, anomaly_probability, anomaly_type, bearing_wear, confidence_score, created_at, current, efficiency_score, failure_probability, fatigue_index, health, load_factor, lubrication_level, machine_id, ml_prediction_available, operating_speed, power_consumption, predicted_failure_type, predicted_rul, pressure, recommended_action, remaining_useful_life, requires_immediate_action, risk_level, risk_score, severity, temperature, thermal_stress, timestamp, vibration, voltage) 
    values
        (?, ?, ?, ?, ?, ?, ?, ?, ?, ?, ?, ?, ?, ?, ?, ?, ?, ?, ?, ?, ?, ?, ?, ?, ?, ?, ?, ?, ?, ?, ?)
2026-05-29T12:40:51.813+01:00 DEBUG 5656 --- [predictive-maintenance-backend] [MessageBroker-3] c.p.p.w.service.MachineStreamingService  : Stored prediction history for machine 10
2026-05-29T12:40:51.814+01:00 DEBUG 5656 --- [predictive-maintenance-backend] [MessageBroker-3] c.p.p.w.service.MachineStreamingService  : Streamed dataset-driven telemetry for 1 machines
2026-05-29T12:40:51.815+01:00 DEBUG 5656 --- [predictive-maintenance-backend] [MessageBroker-3] org.hibernate.SQL                        : 
    update
        machines 
    set
        category=?,
        description=?,
        installation_date=?,
        last_maintenance_date=?,
        last_modified_date=?,
        location=?,
        manufacturer=?,
        model=?,
        name=?,
        next_maintenance_date=?,
        operating_hours=?,
        photo_content_type=?,
        photo_path=?,
        risk_score=?,
        serial_number=?,
        status=?,
        sub_category=? 
    where
        id=?
2026-05-29T12:40:53.760+01:00 DEBUG 5656 --- [predictive-maintenance-backend] [MessageBroker-17] org.hibernate.SQL                        : 
    select
        m1_0.id,
        m1_0.category,
        m1_0.created_date,
        m1_0.description,
        m1_0.installation_date,
        m1_0.last_maintenance_date,
        m1_0.last_modified_date,
        m1_0.location,
        m1_0.manufacturer,
        m1_0.model,
        m1_0.name,
        m1_0.next_maintenance_date,
        m1_0.operating_hours,
        m1_0.photo_content_type,
        m1_0.photo_path,
        m1_0.risk_score,
        m1_0.serial_number,
        m1_0.status,
        m1_0.sub_category 
    from
        machines m1_0
2026-05-29T12:40:53.761+01:00 DEBUG 5656 --- [predictive-maintenance-backend] [MessageBroker-17] org.hibernate.SQL                        : 
    insert 
    into
        sensor_telemetry
        (created_at, machine_id, sensor1, sensor10, sensor11, sensor12, sensor13, sensor14, sensor15, sensor16, sensor17, sensor18, sensor19, sensor2, sensor20, sensor21, sensor3, sensor4, sensor5, sensor6, sensor7, sensor8, sensor9, setting1, setting2, setting3, timestamp) 
    values
        (?, ?, ?, ?, ?, ?, ?, ?, ?, ?, ?, ?, ?, ?, ?, ?, ?, ?, ?, ?, ?, ?, ?, ?, ?, ?, ?)
2026-05-29T12:40:53.763+01:00 DEBUG 5656 --- [predictive-maintenance-backend] [MessageBroker-17] c.p.p.ml.service.MLServiceClient         : Calling ML service for machine 10: http://localhost:8000/predict
2026-05-29T12:40:53.814+01:00 DEBUG 5656 --- [predictive-maintenance-backend] [MessageBroker-17] c.p.p.ml.service.MLServiceClient         : ML prediction received for machine 10: RUL=82.17, anomaly=0.274, risk=MEDIUM
2026-05-29T12:40:53.815+01:00 DEBUG 5656 --- [predictive-maintenance-backend] [MessageBroker-17] org.hibernate.SQL                        : 
    insert 
    into
        prediction_history
        (ambient_temperature, anomaly_probability, anomaly_type, bearing_wear, confidence_score, created_at, current, efficiency_score, failure_probability, fatigue_index, health, load_factor, lubrication_level, machine_id, ml_prediction_available, operating_speed, power_consumption, predicted_failure_type, predicted_rul, pressure, recommended_action, remaining_useful_life, requires_immediate_action, risk_level, risk_score, severity, temperature, thermal_stress, timestamp, vibration, voltage) 
    values
        (?, ?, ?, ?, ?, ?, ?, ?, ?, ?, ?, ?, ?, ?, ?, ?, ?, ?, ?, ?, ?, ?, ?, ?, ?, ?, ?, ?, ?, ?, ?)
2026-05-29T12:40:53.816+01:00 DEBUG 5656 --- [predictive-maintenance-backend] [MessageBroker-17] c.p.p.w.service.MachineStreamingService  : Stored prediction history for machine 10
2026-05-29T12:40:53.817+01:00 DEBUG 5656 --- [predictive-maintenance-backend] [MessageBroker-17] c.p.p.w.service.MachineStreamingService  : Streamed dataset-driven telemetry for 1 machines
2026-05-29T12:40:53.817+01:00 DEBUG 5656 --- [predictive-maintenance-backend] [MessageBroker-17] org.hibernate.SQL                        : 
    update
        machines 
    set
        category=?,
        description=?,
        installation_date=?,
        last_maintenance_date=?,
        last_modified_date=?,
        location=?,
        manufacturer=?,
        model=?,
        name=?,
        next_maintenance_date=?,
        operating_hours=?,
        photo_content_type=?,
        photo_path=?,
        risk_score=?,
        serial_number=?,
        status=?,
        sub_category=? 
    where
        id=?
2026-05-29T12:40:55.766+01:00 DEBUG 5656 --- [predictive-maintenance-backend] [MessageBroker-11] org.hibernate.SQL                        : 
    select
        m1_0.id,
        m1_0.category,
        m1_0.created_date,
        m1_0.description,
        m1_0.installation_date,
        m1_0.last_maintenance_date,
        m1_0.last_modified_date,
        m1_0.location,
        m1_0.manufacturer,
        m1_0.model,
        m1_0.name,
        m1_0.next_maintenance_date,
        m1_0.operating_hours,
        m1_0.photo_content_type,
        m1_0.photo_path,
        m1_0.risk_score,
        m1_0.serial_number,
        m1_0.status,
        m1_0.sub_category 
    from
        machines m1_0
2026-05-29T12:40:55.767+01:00 DEBUG 5656 --- [predictive-maintenance-backend] [MessageBroker-11] org.hibernate.SQL                        : 
    insert 
    into
        sensor_telemetry
        (created_at, machine_id, sensor1, sensor10, sensor11, sensor12, sensor13, sensor14, sensor15, sensor16, sensor17, sensor18, sensor19, sensor2, sensor20, sensor21, sensor3, sensor4, sensor5, sensor6, sensor7, sensor8, sensor9, setting1, setting2, setting3, timestamp) 
    values
        (?, ?, ?, ?, ?, ?, ?, ?, ?, ?, ?, ?, ?, ?, ?, ?, ?, ?, ?, ?, ?, ?, ?, ?, ?, ?, ?)
2026-05-29T12:40:55.767+01:00 DEBUG 5656 --- [predictive-maintenance-backend] [MessageBroker-11] c.p.p.ml.service.MLServiceClient         : Calling ML service for machine 10: http://localhost:8000/predict
2026-05-29T12:40:55.817+01:00 DEBUG 5656 --- [predictive-maintenance-backend] [MessageBroker-11] c.p.p.ml.service.MLServiceClient         : ML prediction received for machine 10: RUL=78.67, anomaly=0.274, risk=MEDIUM
2026-05-29T12:40:55.818+01:00 DEBUG 5656 --- [predictive-maintenance-backend] [MessageBroker-11] org.hibernate.SQL                        : 
    insert 
    into
        prediction_history
        (ambient_temperature, anomaly_probability, anomaly_type, bearing_wear, confidence_score, created_at, current, efficiency_score, failure_probability, fatigue_index, health, load_factor, lubrication_level, machine_id, ml_prediction_available, operating_speed, power_consumption, predicted_failure_type, predicted_rul, pressure, recommended_action, remaining_useful_life, requires_immediate_action, risk_level, risk_score, severity, temperature, thermal_stress, timestamp, vibration, voltage) 
    values
        (?, ?, ?, ?, ?, ?, ?, ?, ?, ?, ?, ?, ?, ?, ?, ?, ?, ?, ?, ?, ?, ?, ?, ?, ?, ?, ?, ?, ?, ?, ?)
2026-05-29T12:40:55.819+01:00 DEBUG 5656 --- [predictive-maintenance-backend] [MessageBroker-11] c.p.p.w.service.MachineStreamingService  : Stored prediction history for machine 10
2026-05-29T12:40:55.819+01:00 DEBUG 5656 --- [predictive-maintenance-backend] [MessageBroker-11] c.p.p.w.service.MachineStreamingService  : Streamed dataset-driven telemetry for 1 machines
2026-05-29T12:40:55.819+01:00 DEBUG 5656 --- [predictive-maintenance-backend] [MessageBroker-11] org.hibernate.SQL                        : 
    update
        machines 
    set
        category=?,
        description=?,
        installation_date=?,
        last_maintenance_date=?,
        last_modified_date=?,
        location=?,
        manufacturer=?,
        model=?,
        name=?,
        next_maintenance_date=?,
        operating_hours=?,
        photo_content_type=?,
        photo_path=?,
        risk_score=?,
        serial_number=?,
        status=?,
        sub_category=? 
    where
        id=?
2026-05-29T12:40:57.758+01:00 DEBUG 5656 --- [predictive-maintenance-backend] [MessageBroker-11] org.hibernate.SQL                        : 
    select
        m1_0.id,
        m1_0.category,
        m1_0.created_date,
        m1_0.description,
        m1_0.installation_date,
        m1_0.last_maintenance_date,
        m1_0.last_modified_date,
        m1_0.location,
        m1_0.manufacturer,
        m1_0.model,
        m1_0.name,
        m1_0.next_maintenance_date,
        m1_0.operating_hours,
        m1_0.photo_content_type,
        m1_0.photo_path,
        m1_0.risk_score,
        m1_0.serial_number,
        m1_0.status,
        m1_0.sub_category 
    from
        machines m1_0
2026-05-29T12:40:57.759+01:00 DEBUG 5656 --- [predictive-maintenance-backend] [MessageBroker-11] org.hibernate.SQL                        : 
    insert 
    into
        sensor_telemetry
        (created_at, machine_id, sensor1, sensor10, sensor11, sensor12, sensor13, sensor14, sensor15, sensor16, sensor17, sensor18, sensor19, sensor2, sensor20, sensor21, sensor3, sensor4, sensor5, sensor6, sensor7, sensor8, sensor9, setting1, setting2, setting3, timestamp) 
    values
        (?, ?, ?, ?, ?, ?, ?, ?, ?, ?, ?, ?, ?, ?, ?, ?, ?, ?, ?, ?, ?, ?, ?, ?, ?, ?, ?)
2026-05-29T12:40:57.761+01:00 DEBUG 5656 --- [predictive-maintenance-backend] [MessageBroker-11] c.p.p.ml.service.MLServiceClient         : Calling ML service for machine 10: http://localhost:8000/predict
2026-05-29T12:40:57.827+01:00 DEBUG 5656 --- [predictive-maintenance-backend] [MessageBroker-11] c.p.p.ml.service.MLServiceClient         : ML prediction received for machine 10: RUL=78.01, anomaly=0.273, risk=MEDIUM
2026-05-29T12:40:57.828+01:00 DEBUG 5656 --- [predictive-maintenance-backend] [MessageBroker-11] org.hibernate.SQL                        : 
    insert 
    into
        prediction_history
        (ambient_temperature, anomaly_probability, anomaly_type, bearing_wear, confidence_score, created_at, current, efficiency_score, failure_probability, fatigue_index, health, load_factor, lubrication_level, machine_id, ml_prediction_available, operating_speed, power_consumption, predicted_failure_type, predicted_rul, pressure, recommended_action, remaining_useful_life, requires_immediate_action, risk_level, risk_score, severity, temperature, thermal_stress, timestamp, vibration, voltage) 
    values
        (?, ?, ?, ?, ?, ?, ?, ?, ?, ?, ?, ?, ?, ?, ?, ?, ?, ?, ?, ?, ?, ?, ?, ?, ?, ?, ?, ?, ?, ?, ?)
2026-05-29T12:40:57.828+01:00 DEBUG 5656 --- [predictive-maintenance-backend] [MessageBroker-11] c.p.p.w.service.MachineStreamingService  : Stored prediction history for machine 10
2026-05-29T12:40:57.828+01:00 DEBUG 5656 --- [predictive-maintenance-backend] [MessageBroker-11] c.p.p.w.service.MachineStreamingService  : Streamed dataset-driven telemetry for 1 machines
2026-05-29T12:40:57.829+01:00 DEBUG 5656 --- [predictive-maintenance-backend] [MessageBroker-11] org.hibernate.SQL                        : 
    update
        machines 
    set
        category=?,
        description=?,
        installation_date=?,
        last_maintenance_date=?,
        last_modified_date=?,
        location=?,
        manufacturer=?,
        model=?,
        name=?,
        next_maintenance_date=?,
        operating_hours=?,
        photo_content_type=?,
        photo_path=?,
        risk_score=?,
        serial_number=?,
        status=?,
        sub_category=? 
    where
        id=?
2026-05-29T12:40:59.765+01:00 DEBUG 5656 --- [predictive-maintenance-backend] [MessageBroker-15] org.hibernate.SQL                        : 
    select
        m1_0.id,
        m1_0.category,
        m1_0.created_date,
        m1_0.description,
        m1_0.installation_date,
        m1_0.last_maintenance_date,
        m1_0.last_modified_date,
        m1_0.location,
        m1_0.manufacturer,
        m1_0.model,
        m1_0.name,
        m1_0.next_maintenance_date,
        m1_0.operating_hours,
        m1_0.photo_content_type,
        m1_0.photo_path,
        m1_0.risk_score,
        m1_0.serial_number,
        m1_0.status,
        m1_0.sub_category 
    from
        machines m1_0
2026-05-29T12:40:59.767+01:00 DEBUG 5656 --- [predictive-maintenance-backend] [MessageBroker-15] org.hibernate.SQL                        : 
    insert 
    into
        sensor_telemetry
        (created_at, machine_id, sensor1, sensor10, sensor11, sensor12, sensor13, sensor14, sensor15, sensor16, sensor17, sensor18, sensor19, sensor2, sensor20, sensor21, sensor3, sensor4, sensor5, sensor6, sensor7, sensor8, sensor9, setting1, setting2, setting3, timestamp) 
    values
        (?, ?, ?, ?, ?, ?, ?, ?, ?, ?, ?, ?, ?, ?, ?, ?, ?, ?, ?, ?, ?, ?, ?, ?, ?, ?, ?)
2026-05-29T12:40:59.769+01:00 DEBUG 5656 --- [predictive-maintenance-backend] [MessageBroker-15] c.p.p.ml.service.MLServiceClient         : Calling ML service for machine 10: http://localhost:8000/predict
2026-05-29T12:40:59.816+01:00 DEBUG 5656 --- [predictive-maintenance-backend] [MessageBroker-15] c.p.p.ml.service.MLServiceClient         : ML prediction received for machine 10: RUL=77.29, anomaly=0.272, risk=MEDIUM
2026-05-29T12:40:59.818+01:00 DEBUG 5656 --- [predictive-maintenance-backend] [MessageBroker-15] org.hibernate.SQL                        : 
    insert 
    into
        prediction_history
        (ambient_temperature, anomaly_probability, anomaly_type, bearing_wear, confidence_score, created_at, current, efficiency_score, failure_probability, fatigue_index, health, load_factor, lubrication_level, machine_id, ml_prediction_available, operating_speed, power_consumption, predicted_failure_type, predicted_rul, pressure, recommended_action, remaining_useful_life, requires_immediate_action, risk_level, risk_score, severity, temperature, thermal_stress, timestamp, vibration, voltage) 
    values
        (?, ?, ?, ?, ?, ?, ?, ?, ?, ?, ?, ?, ?, ?, ?, ?, ?, ?, ?, ?, ?, ?, ?, ?, ?, ?, ?, ?, ?, ?, ?)
2026-05-29T12:40:59.821+01:00 DEBUG 5656 --- [predictive-maintenance-backend] [MessageBroker-15] c.p.p.w.service.MachineStreamingService  : Stored prediction history for machine 10
2026-05-29T12:40:59.822+01:00 DEBUG 5656 --- [predictive-maintenance-backend] [MessageBroker-15] c.p.p.w.service.MachineStreamingService  : Streamed dataset-driven telemetry for 1 machines
2026-05-29T12:40:59.822+01:00 DEBUG 5656 --- [predictive-maintenance-backend] [MessageBroker-15] org.hibernate.SQL                        : 
    update
        machines 
    set
        category=?,
        description=?,
        installation_date=?,
        last_maintenance_date=?,
        last_modified_date=?,
        location=?,
        manufacturer=?,
        model=?,
        name=?,
        next_maintenance_date=?,
        operating_hours=?,
        photo_content_type=?,
        photo_path=?,
        risk_score=?,
        serial_number=?,
        status=?,
        sub_category=? 
    where
        id=?
2026-05-29T12:41:01.759+01:00 DEBUG 5656 --- [predictive-maintenance-backend] [MessageBroker-15] org.hibernate.SQL                        : 
    select
        m1_0.id,
        m1_0.category,
        m1_0.created_date,
        m1_0.description,
        m1_0.installation_date,
        m1_0.last_maintenance_date,
        m1_0.last_modified_date,
        m1_0.location,
        m1_0.manufacturer,
        m1_0.model,
        m1_0.name,
        m1_0.next_maintenance_date,
        m1_0.operating_hours,
        m1_0.photo_content_type,
        m1_0.photo_path,
        m1_0.risk_score,
        m1_0.serial_number,
        m1_0.status,
        m1_0.sub_category 
    from
        machines m1_0
2026-05-29T12:41:01.761+01:00 DEBUG 5656 --- [predictive-maintenance-backend] [MessageBroker-15] org.hibernate.SQL                        : 
    insert 
    into
        sensor_telemetry
        (created_at, machine_id, sensor1, sensor10, sensor11, sensor12, sensor13, sensor14, sensor15, sensor16, sensor17, sensor18, sensor19, sensor2, sensor20, sensor21, sensor3, sensor4, sensor5, sensor6, sensor7, sensor8, sensor9, setting1, setting2, setting3, timestamp) 
    values
        (?, ?, ?, ?, ?, ?, ?, ?, ?, ?, ?, ?, ?, ?, ?, ?, ?, ?, ?, ?, ?, ?, ?, ?, ?, ?, ?)
2026-05-29T12:41:01.762+01:00 DEBUG 5656 --- [predictive-maintenance-backend] [MessageBroker-15] c.p.p.ml.service.MLServiceClient         : Calling ML service for machine 10: http://localhost:8000/predict
2026-05-29T12:41:01.812+01:00 DEBUG 5656 --- [predictive-maintenance-backend] [MessageBroker-15] c.p.p.ml.service.MLServiceClient         : ML prediction received for machine 10: RUL=77.18, anomaly=0.271, risk=MEDIUM
2026-05-29T12:41:01.814+01:00 DEBUG 5656 --- [predictive-maintenance-backend] [MessageBroker-15] org.hibernate.SQL                        : 
    insert 
    into
        prediction_history
        (ambient_temperature, anomaly_probability, anomaly_type, bearing_wear, confidence_score, created_at, current, efficiency_score, failure_probability, fatigue_index, health, load_factor, lubrication_level, machine_id, ml_prediction_available, operating_speed, power_consumption, predicted_failure_type, predicted_rul, pressure, recommended_action, remaining_useful_life, requires_immediate_action, risk_level, risk_score, severity, temperature, thermal_stress, timestamp, vibration, voltage) 
    values
        (?, ?, ?, ?, ?, ?, ?, ?, ?, ?, ?, ?, ?, ?, ?, ?, ?, ?, ?, ?, ?, ?, ?, ?, ?, ?, ?, ?, ?, ?, ?)
2026-05-29T12:41:01.816+01:00 DEBUG 5656 --- [predictive-maintenance-backend] [MessageBroker-15] c.p.p.w.service.MachineStreamingService  : Stored prediction history for machine 10
2026-05-29T12:41:01.816+01:00 DEBUG 5656 --- [predictive-maintenance-backend] [MessageBroker-15] c.p.p.w.service.MachineStreamingService  : Streamed dataset-driven telemetry for 1 machines
2026-05-29T12:41:01.816+01:00 DEBUG 5656 --- [predictive-maintenance-backend] [MessageBroker-15] org.hibernate.SQL                        : 
    update
        machines 
    set
        category=?,
        description=?,
        installation_date=?,
        last_maintenance_date=?,
        last_modified_date=?,
        location=?,
        manufacturer=?,
        model=?,
        name=?,
        next_maintenance_date=?,
        operating_hours=?,
        photo_content_type=?,
        photo_path=?,
        risk_score=?,
        serial_number=?,
        status=?,
        sub_category=? 
    where
        id=?
2026-05-29T12:41:02.746+01:00 DEBUG 5656 --- [predictive-maintenance-backend] [http-nio-8080-exec-9] o.s.security.web.FilterChainProxy        : Securing GET /api/v1/notifications?role=TECHNICIAN
2026-05-29T12:41:02.747+01:00 DEBUG 5656 --- [predictive-maintenance-backend] [http-nio-8080-exec-7] o.s.security.web.FilterChainProxy        : Securing GET /api/v1/notifications/unread-count
2026-05-29T12:41:02.750+01:00 DEBUG 5656 --- [predictive-maintenance-backend] [http-nio-8080-exec-7] o.s.security.web.FilterChainProxy        : Secured GET /api/v1/notifications/unread-count
2026-05-29T12:41:02.750+01:00 DEBUG 5656 --- [predictive-maintenance-backend] [http-nio-8080-exec-9] o.s.security.web.FilterChainProxy        : Secured GET /api/v1/notifications?role=TECHNICIAN
2026-05-29T12:41:02.750+01:00 DEBUG 5656 --- [predictive-maintenance-backend] [http-nio-8080-exec-7] horizationManagerBeforeMethodInterceptor : Authorizing method invocation ReflectiveMethodInvocation: public org.springframework.http.ResponseEntity com.pfe.predictive.notification.controller.NotificationController.getUnreadCount(); target is of class [com.pfe.predictive.notification.controller.NotificationController]
2026-05-29T12:41:02.750+01:00 DEBUG 5656 --- [predictive-maintenance-backend] [http-nio-8080-exec-9] horizationManagerBeforeMethodInterceptor : Authorizing method invocation ReflectiveMethodInvocation: public org.springframework.http.ResponseEntity com.pfe.predictive.notification.controller.NotificationController.getNotifications(java.lang.String); target is of class [com.pfe.predictive.notification.controller.NotificationController]
2026-05-29T12:41:02.751+01:00 DEBUG 5656 --- [predictive-maintenance-backend] [http-nio-8080-exec-9] horizationManagerBeforeMethodInterceptor : Authorized method invocation ReflectiveMethodInvocation: public org.springframework.http.ResponseEntity com.pfe.predictive.notification.controller.NotificationController.getNotifications(java.lang.String); target is of class [com.pfe.predictive.notification.controller.NotificationController]
2026-05-29T12:41:02.751+01:00 DEBUG 5656 --- [predictive-maintenance-backend] [http-nio-8080-exec-7] horizationManagerBeforeMethodInterceptor : Authorized method invocation ReflectiveMethodInvocation: public org.springframework.http.ResponseEntity com.pfe.predictive.notification.controller.NotificationController.getUnreadCount(); target is of class [com.pfe.predictive.notification.controller.NotificationController]
2026-05-29T12:41:02.752+01:00 DEBUG 5656 --- [predictive-maintenance-backend] [http-nio-8080-exec-7] org.hibernate.SQL                        : 
    select
        count(n1_0.id) 
    from
        notifications n1_0 
    where
        not(n1_0.is_read)
2026-05-29T12:41:02.752+01:00 DEBUG 5656 --- [predictive-maintenance-backend] [http-nio-8080-exec-9] org.hibernate.SQL                        : 
    select
        n1_0.id,
        n1_0.body,
        n1_0.created_at,
        n1_0.is_read,
        n1_0.machine_id,
        n1_0.prediction_record_id,
        n1_0.risk_level,
        n1_0.target_roles,
        n1_0.title 
    from
        notifications n1_0 
    where
        n1_0.target_roles like ? escape '\' 
    order by
        n1_0.created_at desc
2026-05-29T12:41:03.761+01:00 DEBUG 5656 --- [predictive-maintenance-backend] [MessageBroker-15] org.hibernate.SQL                        : 
    select
        m1_0.id,
        m1_0.category,
        m1_0.created_date,
        m1_0.description,
        m1_0.installation_date,
        m1_0.last_maintenance_date,
        m1_0.last_modified_date,
        m1_0.location,
        m1_0.manufacturer,
        m1_0.model,
        m1_0.name,
        m1_0.next_maintenance_date,
        m1_0.operating_hours,
        m1_0.photo_content_type,
        m1_0.photo_path,
        m1_0.risk_score,
        m1_0.serial_number,
        m1_0.status,
        m1_0.sub_category 
    from
        machines m1_0
2026-05-29T12:41:03.763+01:00 DEBUG 5656 --- [predictive-maintenance-backend] [MessageBroker-15] org.hibernate.SQL                        : 
    insert 
    into
        sensor_telemetry
        (created_at, machine_id, sensor1, sensor10, sensor11, sensor12, sensor13, sensor14, sensor15, sensor16, sensor17, sensor18, sensor19, sensor2, sensor20, sensor21, sensor3, sensor4, sensor5, sensor6, sensor7, sensor8, sensor9, setting1, setting2, setting3, timestamp) 
    values
        (?, ?, ?, ?, ?, ?, ?, ?, ?, ?, ?, ?, ?, ?, ?, ?, ?, ?, ?, ?, ?, ?, ?, ?, ?, ?, ?)
2026-05-29T12:41:03.763+01:00 DEBUG 5656 --- [predictive-maintenance-backend] [MessageBroker-15] c.p.p.ml.service.MLServiceClient         : Calling ML service for machine 10: http://localhost:8000/predict
2026-05-29T12:41:03.826+01:00 DEBUG 5656 --- [predictive-maintenance-backend] [MessageBroker-15] c.p.p.ml.service.MLServiceClient         : ML prediction received for machine 10: RUL=77.13, anomaly=0.27, risk=MEDIUM
2026-05-29T12:41:03.827+01:00 DEBUG 5656 --- [predictive-maintenance-backend] [MessageBroker-15] org.hibernate.SQL                        : 
    insert 
    into
        prediction_history
        (ambient_temperature, anomaly_probability, anomaly_type, bearing_wear, confidence_score, created_at, current, efficiency_score, failure_probability, fatigue_index, health, load_factor, lubrication_level, machine_id, ml_prediction_available, operating_speed, power_consumption, predicted_failure_type, predicted_rul, pressure, recommended_action, remaining_useful_life, requires_immediate_action, risk_level, risk_score, severity, temperature, thermal_stress, timestamp, vibration, voltage) 
    values
        (?, ?, ?, ?, ?, ?, ?, ?, ?, ?, ?, ?, ?, ?, ?, ?, ?, ?, ?, ?, ?, ?, ?, ?, ?, ?, ?, ?, ?, ?, ?)
2026-05-29T12:41:03.828+01:00 DEBUG 5656 --- [predictive-maintenance-backend] [MessageBroker-15] c.p.p.w.service.MachineStreamingService  : Stored prediction history for machine 10
2026-05-29T12:41:03.828+01:00 DEBUG 5656 --- [predictive-maintenance-backend] [MessageBroker-15] c.p.p.w.service.MachineStreamingService  : Streamed dataset-driven telemetry for 1 machines
2026-05-29T12:41:03.829+01:00 DEBUG 5656 --- [predictive-maintenance-backend] [MessageBroker-15] org.hibernate.SQL                        : 
    update
        machines 
    set
        category=?,
        description=?,
        installation_date=?,
        last_maintenance_date=?,
        last_modified_date=?,
        location=?,
        manufacturer=?,
        model=?,
        name=?,
        next_maintenance_date=?,
        operating_hours=?,
        photo_content_type=?,
        photo_path=?,
        risk_score=?,
        serial_number=?,
        status=?,
        sub_category=? 
    where
        id=?
2026-05-29T12:41:05.758+01:00 DEBUG 5656 --- [predictive-maintenance-backend] [MessageBroker-5] org.hibernate.SQL                        : 
    select
        m1_0.id,
        m1_0.category,
        m1_0.created_date,
        m1_0.description,
        m1_0.installation_date,
        m1_0.last_maintenance_date,
        m1_0.last_modified_date,
        m1_0.location,
        m1_0.manufacturer,
        m1_0.model,
        m1_0.name,
        m1_0.next_maintenance_date,
        m1_0.operating_hours,
        m1_0.photo_content_type,
        m1_0.photo_path,
        m1_0.risk_score,
        m1_0.serial_number,
        m1_0.status,
        m1_0.sub_category 
    from
        machines m1_0
2026-05-29T12:41:05.760+01:00 DEBUG 5656 --- [predictive-maintenance-backend] [MessageBroker-5] org.hibernate.SQL                        : 
    insert 
    into
        sensor_telemetry
        (created_at, machine_id, sensor1, sensor10, sensor11, sensor12, sensor13, sensor14, sensor15, sensor16, sensor17, sensor18, sensor19, sensor2, sensor20, sensor21, sensor3, sensor4, sensor5, sensor6, sensor7, sensor8, sensor9, setting1, setting2, setting3, timestamp) 
    values
        (?, ?, ?, ?, ?, ?, ?, ?, ?, ?, ?, ?, ?, ?, ?, ?, ?, ?, ?, ?, ?, ?, ?, ?, ?, ?, ?)
2026-05-29T12:41:05.761+01:00 DEBUG 5656 --- [predictive-maintenance-backend] [MessageBroker-5] c.p.p.ml.service.MLServiceClient         : Calling ML service for machine 10: http://localhost:8000/predict
2026-05-29T12:41:05.814+01:00 DEBUG 5656 --- [predictive-maintenance-backend] [MessageBroker-5] c.p.p.ml.service.MLServiceClient         : ML prediction received for machine 10: RUL=76.78, anomaly=0.268, risk=MEDIUM
2026-05-29T12:41:05.815+01:00 DEBUG 5656 --- [predictive-maintenance-backend] [MessageBroker-5] org.hibernate.SQL                        : 
    insert 
    into
        prediction_history
        (ambient_temperature, anomaly_probability, anomaly_type, bearing_wear, confidence_score, created_at, current, efficiency_score, failure_probability, fatigue_index, health, load_factor, lubrication_level, machine_id, ml_prediction_available, operating_speed, power_consumption, predicted_failure_type, predicted_rul, pressure, recommended_action, remaining_useful_life, requires_immediate_action, risk_level, risk_score, severity, temperature, thermal_stress, timestamp, vibration, voltage) 
    values
        (?, ?, ?, ?, ?, ?, ?, ?, ?, ?, ?, ?, ?, ?, ?, ?, ?, ?, ?, ?, ?, ?, ?, ?, ?, ?, ?, ?, ?, ?, ?)
2026-05-29T12:41:05.818+01:00 DEBUG 5656 --- [predictive-maintenance-backend] [MessageBroker-5] c.p.p.w.service.MachineStreamingService  : Stored prediction history for machine 10
2026-05-29T12:41:05.818+01:00 DEBUG 5656 --- [predictive-maintenance-backend] [MessageBroker-5] c.p.p.w.service.MachineStreamingService  : Streamed dataset-driven telemetry for 1 machines
2026-05-29T12:41:05.819+01:00 DEBUG 5656 --- [predictive-maintenance-backend] [MessageBroker-5] org.hibernate.SQL                        : 
    update
        machines 
    set
        category=?,
        description=?,
        installation_date=?,
        last_maintenance_date=?,
        last_modified_date=?,
        location=?,
        manufacturer=?,
        model=?,
        name=?,
        next_maintenance_date=?,
        operating_hours=?,
        photo_content_type=?,
        photo_path=?,
        risk_score=?,
        serial_number=?,
        status=?,
        sub_category=? 
    where
        id=?
2026-05-29T12:41:07.755+01:00 DEBUG 5656 --- [predictive-maintenance-backend] [MessageBroker-5] org.hibernate.SQL                        : 
    select
        m1_0.id,
        m1_0.category,
        m1_0.created_date,
        m1_0.description,
        m1_0.installation_date,
        m1_0.last_maintenance_date,
        m1_0.last_modified_date,
        m1_0.location,
        m1_0.manufacturer,
        m1_0.model,
        m1_0.name,
        m1_0.next_maintenance_date,
        m1_0.operating_hours,
        m1_0.photo_content_type,
        m1_0.photo_path,
        m1_0.risk_score,
        m1_0.serial_number,
        m1_0.status,
        m1_0.sub_category 
    from
        machines m1_0
2026-05-29T12:41:07.758+01:00 DEBUG 5656 --- [predictive-maintenance-backend] [MessageBroker-5] org.hibernate.SQL                        : 
    insert 
    into
        sensor_telemetry
        (created_at, machine_id, sensor1, sensor10, sensor11, sensor12, sensor13, sensor14, sensor15, sensor16, sensor17, sensor18, sensor19, sensor2, sensor20, sensor21, sensor3, sensor4, sensor5, sensor6, sensor7, sensor8, sensor9, setting1, setting2, setting3, timestamp) 
    values
        (?, ?, ?, ?, ?, ?, ?, ?, ?, ?, ?, ?, ?, ?, ?, ?, ?, ?, ?, ?, ?, ?, ?, ?, ?, ?, ?)
2026-05-29T12:41:07.759+01:00 DEBUG 5656 --- [predictive-maintenance-backend] [MessageBroker-5] c.p.p.ml.service.MLServiceClient         : Calling ML service for machine 10: http://localhost:8000/predict
2026-05-29T12:41:07.815+01:00 DEBUG 5656 --- [predictive-maintenance-backend] [MessageBroker-5] c.p.p.ml.service.MLServiceClient         : ML prediction received for machine 10: RUL=76.82, anomaly=0.266, risk=MEDIUM
2026-05-29T12:41:07.817+01:00 DEBUG 5656 --- [predictive-maintenance-backend] [MessageBroker-5] org.hibernate.SQL                        : 
    insert 
    into
        prediction_history
        (ambient_temperature, anomaly_probability, anomaly_type, bearing_wear, confidence_score, created_at, current, efficiency_score, failure_probability, fatigue_index, health, load_factor, lubrication_level, machine_id, ml_prediction_available, operating_speed, power_consumption, predicted_failure_type, predicted_rul, pressure, recommended_action, remaining_useful_life, requires_immediate_action, risk_level, risk_score, severity, temperature, thermal_stress, timestamp, vibration, voltage) 
    values
        (?, ?, ?, ?, ?, ?, ?, ?, ?, ?, ?, ?, ?, ?, ?, ?, ?, ?, ?, ?, ?, ?, ?, ?, ?, ?, ?, ?, ?, ?, ?)
2026-05-29T12:41:07.818+01:00 DEBUG 5656 --- [predictive-maintenance-backend] [MessageBroker-5] c.p.p.w.service.MachineStreamingService  : Stored prediction history for machine 10
2026-05-29T12:41:07.818+01:00 DEBUG 5656 --- [predictive-maintenance-backend] [MessageBroker-5] c.p.p.w.service.MachineStreamingService  : Streamed dataset-driven telemetry for 1 machines
2026-05-29T12:41:07.818+01:00 DEBUG 5656 --- [predictive-maintenance-backend] [MessageBroker-5] org.hibernate.SQL                        : 
    update
        machines 
    set
        category=?,
        description=?,
        installation_date=?,
        last_maintenance_date=?,
        last_modified_date=?,
        location=?,
        manufacturer=?,
        model=?,
        name=?,
        next_maintenance_date=?,
        operating_hours=?,
        photo_content_type=?,
        photo_path=?,
        risk_score=?,
        serial_number=?,
        status=?,
        sub_category=? 
    where
        id=?
2026-05-29T12:41:09.765+01:00 DEBUG 5656 --- [predictive-maintenance-backend] [MessageBroker-1] org.hibernate.SQL                        : 
    select
        m1_0.id,
        m1_0.category,
        m1_0.created_date,
        m1_0.description,
        m1_0.installation_date,
        m1_0.last_maintenance_date,
        m1_0.last_modified_date,
        m1_0.location,
        m1_0.manufacturer,
        m1_0.model,
        m1_0.name,
        m1_0.next_maintenance_date,
        m1_0.operating_hours,
        m1_0.photo_content_type,
        m1_0.photo_path,
        m1_0.risk_score,
        m1_0.serial_number,
        m1_0.status,
        m1_0.sub_category 
    from
        machines m1_0
2026-05-29T12:41:09.766+01:00 DEBUG 5656 --- [predictive-maintenance-backend] [MessageBroker-1] org.hibernate.SQL                        : 
    insert 
    into
        sensor_telemetry
        (created_at, machine_id, sensor1, sensor10, sensor11, sensor12, sensor13, sensor14, sensor15, sensor16, sensor17, sensor18, sensor19, sensor2, sensor20, sensor21, sensor3, sensor4, sensor5, sensor6, sensor7, sensor8, sensor9, setting1, setting2, setting3, timestamp) 
    values
        (?, ?, ?, ?, ?, ?, ?, ?, ?, ?, ?, ?, ?, ?, ?, ?, ?, ?, ?, ?, ?, ?, ?, ?, ?, ?, ?)
2026-05-29T12:41:09.768+01:00 DEBUG 5656 --- [predictive-maintenance-backend] [MessageBroker-1] c.p.p.ml.service.MLServiceClient         : Calling ML service for machine 10: http://localhost:8000/predict
2026-05-29T12:41:09.818+01:00 DEBUG 5656 --- [predictive-maintenance-backend] [MessageBroker-1] c.p.p.ml.service.MLServiceClient         : ML prediction received for machine 10: RUL=76.93, anomaly=0.263, risk=MEDIUM
2026-05-29T12:41:09.819+01:00 DEBUG 5656 --- [predictive-maintenance-backend] [MessageBroker-1] org.hibernate.SQL                        : 
    insert 
    into
        prediction_history
        (ambient_temperature, anomaly_probability, anomaly_type, bearing_wear, confidence_score, created_at, current, efficiency_score, failure_probability, fatigue_index, health, load_factor, lubrication_level, machine_id, ml_prediction_available, operating_speed, power_consumption, predicted_failure_type, predicted_rul, pressure, recommended_action, remaining_useful_life, requires_immediate_action, risk_level, risk_score, severity, temperature, thermal_stress, timestamp, vibration, voltage) 
    values
        (?, ?, ?, ?, ?, ?, ?, ?, ?, ?, ?, ?, ?, ?, ?, ?, ?, ?, ?, ?, ?, ?, ?, ?, ?, ?, ?, ?, ?, ?, ?)
2026-05-29T12:41:09.823+01:00 DEBUG 5656 --- [predictive-maintenance-backend] [MessageBroker-1] c.p.p.w.service.MachineStreamingService  : Stored prediction history for machine 10
2026-05-29T12:41:09.823+01:00 DEBUG 5656 --- [predictive-maintenance-backend] [MessageBroker-1] c.p.p.w.service.MachineStreamingService  : Streamed dataset-driven telemetry for 1 machines
2026-05-29T12:41:09.824+01:00 DEBUG 5656 --- [predictive-maintenance-backend] [MessageBroker-1] org.hibernate.SQL                        : 
    update
        machines 
    set
        category=?,
        description=?,
        installation_date=?,
        last_maintenance_date=?,
        last_modified_date=?,
        location=?,
        manufacturer=?,
        model=?,
        name=?,
        next_maintenance_date=?,
        operating_hours=?,
        photo_content_type=?,
        photo_path=?,
        risk_score=?,
        serial_number=?,
        status=?,
        sub_category=? 
    where
        id=?
2026-05-29T12:41:11.763+01:00 DEBUG 5656 --- [predictive-maintenance-backend] [MessageBroker-1] org.hibernate.SQL                        : 
    select
        m1_0.id,
        m1_0.category,
        m1_0.created_date,
        m1_0.description,
        m1_0.installation_date,
        m1_0.last_maintenance_date,
        m1_0.last_modified_date,
        m1_0.location,
        m1_0.manufacturer,
        m1_0.model,
        m1_0.name,
        m1_0.next_maintenance_date,
        m1_0.operating_hours,
        m1_0.photo_content_type,
        m1_0.photo_path,
        m1_0.risk_score,
        m1_0.serial_number,
        m1_0.status,
        m1_0.sub_category 
    from
        machines m1_0
2026-05-29T12:41:11.763+01:00 DEBUG 5656 --- [predictive-maintenance-backend] [MessageBroker-1] org.hibernate.SQL                        : 
    insert 
    into
        sensor_telemetry
        (created_at, machine_id, sensor1, sensor10, sensor11, sensor12, sensor13, sensor14, sensor15, sensor16, sensor17, sensor18, sensor19, sensor2, sensor20, sensor21, sensor3, sensor4, sensor5, sensor6, sensor7, sensor8, sensor9, setting1, setting2, setting3, timestamp) 
    values
        (?, ?, ?, ?, ?, ?, ?, ?, ?, ?, ?, ?, ?, ?, ?, ?, ?, ?, ?, ?, ?, ?, ?, ?, ?, ?, ?)
2026-05-29T12:41:11.764+01:00 DEBUG 5656 --- [predictive-maintenance-backend] [MessageBroker-1] c.p.p.ml.service.MLServiceClient         : Calling ML service for machine 10: http://localhost:8000/predict
2026-05-29T12:41:11.821+01:00 DEBUG 5656 --- [predictive-maintenance-backend] [MessageBroker-1] c.p.p.ml.service.MLServiceClient         : ML prediction received for machine 10: RUL=77.38, anomaly=0.261, risk=MEDIUM
2026-05-29T12:41:11.823+01:00 DEBUG 5656 --- [predictive-maintenance-backend] [MessageBroker-1] org.hibernate.SQL                        : 
    insert 
    into
        prediction_history
        (ambient_temperature, anomaly_probability, anomaly_type, bearing_wear, confidence_score, created_at, current, efficiency_score, failure_probability, fatigue_index, health, load_factor, lubrication_level, machine_id, ml_prediction_available, operating_speed, power_consumption, predicted_failure_type, predicted_rul, pressure, recommended_action, remaining_useful_life, requires_immediate_action, risk_level, risk_score, severity, temperature, thermal_stress, timestamp, vibration, voltage) 
    values
        (?, ?, ?, ?, ?, ?, ?, ?, ?, ?, ?, ?, ?, ?, ?, ?, ?, ?, ?, ?, ?, ?, ?, ?, ?, ?, ?, ?, ?, ?, ?)
2026-05-29T12:41:11.824+01:00 DEBUG 5656 --- [predictive-maintenance-backend] [MessageBroker-1] c.p.p.w.service.MachineStreamingService  : Stored prediction history for machine 10
2026-05-29T12:41:11.825+01:00 DEBUG 5656 --- [predictive-maintenance-backend] [MessageBroker-1] c.p.p.w.service.MachineStreamingService  : Streamed dataset-driven telemetry for 1 machines
2026-05-29T12:41:11.825+01:00 DEBUG 5656 --- [predictive-maintenance-backend] [MessageBroker-1] org.hibernate.SQL                        : 
    update
        machines 
    set
        category=?,
        description=?,
        installation_date=?,
        last_maintenance_date=?,
        last_modified_date=?,
        location=?,
        manufacturer=?,
        model=?,
        name=?,
        next_maintenance_date=?,
        operating_hours=?,
        photo_content_type=?,
        photo_path=?,
        risk_score=?,
        serial_number=?,
        status=?,
        sub_category=? 
    where
        id=?
2026-05-29T12:41:13.760+01:00 DEBUG 5656 --- [predictive-maintenance-backend] [MessageBroker-1] org.hibernate.SQL                        : 
    select
        m1_0.id,
        m1_0.category,
        m1_0.created_date,
        m1_0.description,
        m1_0.installation_date,
        m1_0.last_maintenance_date,
        m1_0.last_modified_date,
        m1_0.location,
        m1_0.manufacturer,
        m1_0.model,
        m1_0.name,
        m1_0.next_maintenance_date,
        m1_0.operating_hours,
        m1_0.photo_content_type,
        m1_0.photo_path,
        m1_0.risk_score,
        m1_0.serial_number,
        m1_0.status,
        m1_0.sub_category 
    from
        machines m1_0
2026-05-29T12:41:13.761+01:00 DEBUG 5656 --- [predictive-maintenance-backend] [MessageBroker-1] org.hibernate.SQL                        : 
    insert 
    into
        sensor_telemetry
        (created_at, machine_id, sensor1, sensor10, sensor11, sensor12, sensor13, sensor14, sensor15, sensor16, sensor17, sensor18, sensor19, sensor2, sensor20, sensor21, sensor3, sensor4, sensor5, sensor6, sensor7, sensor8, sensor9, setting1, setting2, setting3, timestamp) 
    values
        (?, ?, ?, ?, ?, ?, ?, ?, ?, ?, ?, ?, ?, ?, ?, ?, ?, ?, ?, ?, ?, ?, ?, ?, ?, ?, ?)
2026-05-29T12:41:13.762+01:00 DEBUG 5656 --- [predictive-maintenance-backend] [MessageBroker-1] c.p.p.ml.service.MLServiceClient         : Calling ML service for machine 10: http://localhost:8000/predict
2026-05-29T12:41:13.815+01:00 DEBUG 5656 --- [predictive-maintenance-backend] [MessageBroker-1] c.p.p.ml.service.MLServiceClient         : ML prediction received for machine 10: RUL=77.77, anomaly=0.258, risk=MEDIUM
2026-05-29T12:41:13.816+01:00 DEBUG 5656 --- [predictive-maintenance-backend] [MessageBroker-1] org.hibernate.SQL                        : 
    insert 
    into
        prediction_history
        (ambient_temperature, anomaly_probability, anomaly_type, bearing_wear, confidence_score, created_at, current, efficiency_score, failure_probability, fatigue_index, health, load_factor, lubrication_level, machine_id, ml_prediction_available, operating_speed, power_consumption, predicted_failure_type, predicted_rul, pressure, recommended_action, remaining_useful_life, requires_immediate_action, risk_level, risk_score, severity, temperature, thermal_stress, timestamp, vibration, voltage) 
    values
        (?, ?, ?, ?, ?, ?, ?, ?, ?, ?, ?, ?, ?, ?, ?, ?, ?, ?, ?, ?, ?, ?, ?, ?, ?, ?, ?, ?, ?, ?, ?)
2026-05-29T12:41:13.819+01:00 DEBUG 5656 --- [predictive-maintenance-backend] [MessageBroker-1] c.p.p.w.service.MachineStreamingService  : Stored prediction history for machine 10
2026-05-29T12:41:13.819+01:00 DEBUG 5656 --- [predictive-maintenance-backend] [MessageBroker-1] c.p.p.w.service.MachineStreamingService  : Streamed dataset-driven telemetry for 1 machines
2026-05-29T12:41:13.820+01:00 DEBUG 5656 --- [predictive-maintenance-backend] [MessageBroker-1] org.hibernate.SQL                        : 
    update
        machines 
    set
        category=?,
        description=?,
        installation_date=?,
        last_maintenance_date=?,
        last_modified_date=?,
        location=?,
        manufacturer=?,
        model=?,
        name=?,
        next_maintenance_date=?,
        operating_hours=?,
        photo_content_type=?,
        photo_path=?,
        risk_score=?,
        serial_number=?,
        status=?,
        sub_category=? 
    where
        id=?
2026-05-29T12:41:15.757+01:00 DEBUG 5656 --- [predictive-maintenance-backend] [MessageBroker-19] org.hibernate.SQL                        : 
    select
        m1_0.id,
        m1_0.category,
        m1_0.created_date,
        m1_0.description,
        m1_0.installation_date,
        m1_0.last_maintenance_date,
        m1_0.last_modified_date,
        m1_0.location,
        m1_0.manufacturer,
        m1_0.model,
        m1_0.name,
        m1_0.next_maintenance_date,
        m1_0.operating_hours,
        m1_0.photo_content_type,
        m1_0.photo_path,
        m1_0.risk_score,
        m1_0.serial_number,
        m1_0.status,
        m1_0.sub_category 
    from
        machines m1_0
2026-05-29T12:41:15.759+01:00 DEBUG 5656 --- [predictive-maintenance-backend] [MessageBroker-19] org.hibernate.SQL                        : 
    insert 
    into
        sensor_telemetry
        (created_at, machine_id, sensor1, sensor10, sensor11, sensor12, sensor13, sensor14, sensor15, sensor16, sensor17, sensor18, sensor19, sensor2, sensor20, sensor21, sensor3, sensor4, sensor5, sensor6, sensor7, sensor8, sensor9, setting1, setting2, setting3, timestamp) 
    values
        (?, ?, ?, ?, ?, ?, ?, ?, ?, ?, ?, ?, ?, ?, ?, ?, ?, ?, ?, ?, ?, ?, ?, ?, ?, ?, ?)
2026-05-29T12:41:15.761+01:00 DEBUG 5656 --- [predictive-maintenance-backend] [MessageBroker-19] c.p.p.ml.service.MLServiceClient         : Calling ML service for machine 10: http://localhost:8000/predict
2026-05-29T12:41:15.817+01:00 DEBUG 5656 --- [predictive-maintenance-backend] [MessageBroker-19] c.p.p.ml.service.MLServiceClient         : ML prediction received for machine 10: RUL=78.22, anomaly=0.255, risk=MEDIUM
2026-05-29T12:41:15.818+01:00 DEBUG 5656 --- [predictive-maintenance-backend] [MessageBroker-19] org.hibernate.SQL                        : 
    insert 
    into
        prediction_history
        (ambient_temperature, anomaly_probability, anomaly_type, bearing_wear, confidence_score, created_at, current, efficiency_score, failure_probability, fatigue_index, health, load_factor, lubrication_level, machine_id, ml_prediction_available, operating_speed, power_consumption, predicted_failure_type, predicted_rul, pressure, recommended_action, remaining_useful_life, requires_immediate_action, risk_level, risk_score, severity, temperature, thermal_stress, timestamp, vibration, voltage) 
    values
        (?, ?, ?, ?, ?, ?, ?, ?, ?, ?, ?, ?, ?, ?, ?, ?, ?, ?, ?, ?, ?, ?, ?, ?, ?, ?, ?, ?, ?, ?, ?)
2026-05-29T12:41:15.820+01:00 DEBUG 5656 --- [predictive-maintenance-backend] [MessageBroker-19] c.p.p.w.service.MachineStreamingService  : Stored prediction history for machine 10
2026-05-29T12:41:15.820+01:00 DEBUG 5656 --- [predictive-maintenance-backend] [MessageBroker-19] c.p.p.w.service.MachineStreamingService  : Streamed dataset-driven telemetry for 1 machines
2026-05-29T12:41:15.820+01:00 DEBUG 5656 --- [predictive-maintenance-backend] [MessageBroker-19] org.hibernate.SQL                        : 
    update
        machines 
    set
        category=?,
        description=?,
        installation_date=?,
        last_maintenance_date=?,
        last_modified_date=?,
        location=?,
        manufacturer=?,
        model=?,
        name=?,
        next_maintenance_date=?,
        operating_hours=?,
        photo_content_type=?,
        photo_path=?,
        risk_score=?,
        serial_number=?,
        status=?,
        sub_category=? 
    where
        id=?
2026-05-29T12:41:17.756+01:00 DEBUG 5656 --- [predictive-maintenance-backend] [MessageBroker-19] org.hibernate.SQL                        : 
    select
        m1_0.id,
        m1_0.category,
        m1_0.created_date,
        m1_0.description,
        m1_0.installation_date,
        m1_0.last_maintenance_date,
        m1_0.last_modified_date,
        m1_0.location,
        m1_0.manufacturer,
        m1_0.model,
        m1_0.name,
        m1_0.next_maintenance_date,
        m1_0.operating_hours,
        m1_0.photo_content_type,
        m1_0.photo_path,
        m1_0.risk_score,
        m1_0.serial_number,
        m1_0.status,
        m1_0.sub_category 
    from
        machines m1_0
2026-05-29T12:41:17.758+01:00 DEBUG 5656 --- [predictive-maintenance-backend] [MessageBroker-19] org.hibernate.SQL                        : 
    insert 
    into
        sensor_telemetry
        (created_at, machine_id, sensor1, sensor10, sensor11, sensor12, sensor13, sensor14, sensor15, sensor16, sensor17, sensor18, sensor19, sensor2, sensor20, sensor21, sensor3, sensor4, sensor5, sensor6, sensor7, sensor8, sensor9, setting1, setting2, setting3, timestamp) 
    values
        (?, ?, ?, ?, ?, ?, ?, ?, ?, ?, ?, ?, ?, ?, ?, ?, ?, ?, ?, ?, ?, ?, ?, ?, ?, ?, ?)
2026-05-29T12:41:17.758+01:00 DEBUG 5656 --- [predictive-maintenance-backend] [MessageBroker-19] c.p.p.ml.service.MLServiceClient         : Calling ML service for machine 10: http://localhost:8000/predict
2026-05-29T12:41:17.813+01:00 DEBUG 5656 --- [predictive-maintenance-backend] [MessageBroker-19] c.p.p.ml.service.MLServiceClient         : ML prediction received for machine 10: RUL=78.59, anomaly=0.254, risk=MEDIUM
2026-05-29T12:41:17.815+01:00 DEBUG 5656 --- [predictive-maintenance-backend] [MessageBroker-19] org.hibernate.SQL                        : 
    insert 
    into
        prediction_history
        (ambient_temperature, anomaly_probability, anomaly_type, bearing_wear, confidence_score, created_at, current, efficiency_score, failure_probability, fatigue_index, health, load_factor, lubrication_level, machine_id, ml_prediction_available, operating_speed, power_consumption, predicted_failure_type, predicted_rul, pressure, recommended_action, remaining_useful_life, requires_immediate_action, risk_level, risk_score, severity, temperature, thermal_stress, timestamp, vibration, voltage) 
    values
        (?, ?, ?, ?, ?, ?, ?, ?, ?, ?, ?, ?, ?, ?, ?, ?, ?, ?, ?, ?, ?, ?, ?, ?, ?, ?, ?, ?, ?, ?, ?)
2026-05-29T12:41:17.817+01:00 DEBUG 5656 --- [predictive-maintenance-backend] [MessageBroker-19] c.p.p.w.service.MachineStreamingService  : Stored prediction history for machine 10
2026-05-29T12:41:17.817+01:00 DEBUG 5656 --- [predictive-maintenance-backend] [MessageBroker-19] c.p.p.w.service.MachineStreamingService  : Streamed dataset-driven telemetry for 1 machines
2026-05-29T12:41:17.818+01:00 DEBUG 5656 --- [predictive-maintenance-backend] [MessageBroker-19] org.hibernate.SQL                        : 
    update
        machines 
    set
        category=?,
        description=?,
        installation_date=?,
        last_maintenance_date=?,
        last_modified_date=?,
        location=?,
        manufacturer=?,
        model=?,
        name=?,
        next_maintenance_date=?,
        operating_hours=?,
        photo_content_type=?,
        photo_path=?,
        risk_score=?,
        serial_number=?,
        status=?,
        sub_category=? 
    where
        id=?
2026-05-29T12:41:19.756+01:00 DEBUG 5656 --- [predictive-maintenance-backend] [MessageBroker-18] org.hibernate.SQL                        : 
    select
        m1_0.id,
        m1_0.category,
        m1_0.created_date,
        m1_0.description,
        m1_0.installation_date,
        m1_0.last_maintenance_date,
        m1_0.last_modified_date,
        m1_0.location,
        m1_0.manufacturer,
        m1_0.model,
        m1_0.name,
        m1_0.next_maintenance_date,
        m1_0.operating_hours,
        m1_0.photo_content_type,
        m1_0.photo_path,
        m1_0.risk_score,
        m1_0.serial_number,
        m1_0.status,
        m1_0.sub_category 
    from
        machines m1_0
2026-05-29T12:41:19.759+01:00 DEBUG 5656 --- [predictive-maintenance-backend] [MessageBroker-18] org.hibernate.SQL                        : 
    insert 
    into
        sensor_telemetry
        (created_at, machine_id, sensor1, sensor10, sensor11, sensor12, sensor13, sensor14, sensor15, sensor16, sensor17, sensor18, sensor19, sensor2, sensor20, sensor21, sensor3, sensor4, sensor5, sensor6, sensor7, sensor8, sensor9, setting1, setting2, setting3, timestamp) 
    values
        (?, ?, ?, ?, ?, ?, ?, ?, ?, ?, ?, ?, ?, ?, ?, ?, ?, ?, ?, ?, ?, ?, ?, ?, ?, ?, ?)
2026-05-29T12:41:19.761+01:00 DEBUG 5656 --- [predictive-maintenance-backend] [MessageBroker-18] c.p.p.ml.service.MLServiceClient         : Calling ML service for machine 10: http://localhost:8000/predict
2026-05-29T12:41:19.853+01:00 DEBUG 5656 --- [predictive-maintenance-backend] [MessageBroker-18] c.p.p.ml.service.MLServiceClient         : ML prediction received for machine 10: RUL=78.8, anomaly=0.256, risk=MEDIUM
2026-05-29T12:41:19.855+01:00 DEBUG 5656 --- [predictive-maintenance-backend] [MessageBroker-18] org.hibernate.SQL                        : 
    insert 
    into
        prediction_history
        (ambient_temperature, anomaly_probability, anomaly_type, bearing_wear, confidence_score, created_at, current, efficiency_score, failure_probability, fatigue_index, health, load_factor, lubrication_level, machine_id, ml_prediction_available, operating_speed, power_consumption, predicted_failure_type, predicted_rul, pressure, recommended_action, remaining_useful_life, requires_immediate_action, risk_level, risk_score, severity, temperature, thermal_stress, timestamp, vibration, voltage) 
    values
        (?, ?, ?, ?, ?, ?, ?, ?, ?, ?, ?, ?, ?, ?, ?, ?, ?, ?, ?, ?, ?, ?, ?, ?, ?, ?, ?, ?, ?, ?, ?)
2026-05-29T12:41:19.857+01:00 DEBUG 5656 --- [predictive-maintenance-backend] [MessageBroker-18] c.p.p.w.service.MachineStreamingService  : Stored prediction history for machine 10
2026-05-29T12:41:19.857+01:00 DEBUG 5656 --- [predictive-maintenance-backend] [MessageBroker-18] c.p.p.w.service.MachineStreamingService  : Streamed dataset-driven telemetry for 1 machines
2026-05-29T12:41:19.857+01:00 DEBUG 5656 --- [predictive-maintenance-backend] [MessageBroker-18] org.hibernate.SQL                        : 
    update
        machines 
    set
        category=?,
        description=?,
        installation_date=?,
        last_maintenance_date=?,
        last_modified_date=?,
        location=?,
        manufacturer=?,
        model=?,
        name=?,
        next_maintenance_date=?,
        operating_hours=?,
        photo_content_type=?,
        photo_path=?,
        risk_score=?,
        serial_number=?,
        status=?,
        sub_category=? 
    where
        id=?
2026-05-29T12:41:21.753+01:00 DEBUG 5656 --- [predictive-maintenance-backend] [MessageBroker-18] org.hibernate.SQL                        : 
    select
        m1_0.id,
        m1_0.category,
        m1_0.created_date,
        m1_0.description,
        m1_0.installation_date,
        m1_0.last_maintenance_date,
        m1_0.last_modified_date,
        m1_0.location,
        m1_0.manufacturer,
        m1_0.model,
        m1_0.name,
        m1_0.next_maintenance_date,
        m1_0.operating_hours,
        m1_0.photo_content_type,
        m1_0.photo_path,
        m1_0.risk_score,
        m1_0.serial_number,
        m1_0.status,
        m1_0.sub_category 
    from
        machines m1_0
2026-05-29T12:41:21.755+01:00 DEBUG 5656 --- [predictive-maintenance-backend] [MessageBroker-18] org.hibernate.SQL                        : 
    insert 
    into
        sensor_telemetry
        (created_at, machine_id, sensor1, sensor10, sensor11, sensor12, sensor13, sensor14, sensor15, sensor16, sensor17, sensor18, sensor19, sensor2, sensor20, sensor21, sensor3, sensor4, sensor5, sensor6, sensor7, sensor8, sensor9, setting1, setting2, setting3, timestamp) 
    values
        (?, ?, ?, ?, ?, ?, ?, ?, ?, ?, ?, ?, ?, ?, ?, ?, ?, ?, ?, ?, ?, ?, ?, ?, ?, ?, ?)
2026-05-29T12:41:21.756+01:00 DEBUG 5656 --- [predictive-maintenance-backend] [MessageBroker-18] c.p.p.ml.service.MLServiceClient         : Calling ML service for machine 10: http://localhost:8000/predict
2026-05-29T12:41:21.845+01:00 DEBUG 5656 --- [predictive-maintenance-backend] [MessageBroker-18] c.p.p.ml.service.MLServiceClient         : ML prediction received for machine 10: RUL=78.93, anomaly=0.26, risk=MEDIUM
2026-05-29T12:41:21.846+01:00 DEBUG 5656 --- [predictive-maintenance-backend] [MessageBroker-18] org.hibernate.SQL                        : 
    insert 
    into
        prediction_history
        (ambient_temperature, anomaly_probability, anomaly_type, bearing_wear, confidence_score, created_at, current, efficiency_score, failure_probability, fatigue_index, health, load_factor, lubrication_level, machine_id, ml_prediction_available, operating_speed, power_consumption, predicted_failure_type, predicted_rul, pressure, recommended_action, remaining_useful_life, requires_immediate_action, risk_level, risk_score, severity, temperature, thermal_stress, timestamp, vibration, voltage) 
    values
        (?, ?, ?, ?, ?, ?, ?, ?, ?, ?, ?, ?, ?, ?, ?, ?, ?, ?, ?, ?, ?, ?, ?, ?, ?, ?, ?, ?, ?, ?, ?)
2026-05-29T12:41:21.848+01:00 DEBUG 5656 --- [predictive-maintenance-backend] [MessageBroker-18] c.p.p.w.service.MachineStreamingService  : Stored prediction history for machine 10
2026-05-29T12:41:21.848+01:00 DEBUG 5656 --- [predictive-maintenance-backend] [MessageBroker-18] c.p.p.w.service.MachineStreamingService  : Streamed dataset-driven telemetry for 1 machines
2026-05-29T12:41:21.849+01:00 DEBUG 5656 --- [predictive-maintenance-backend] [MessageBroker-18] org.hibernate.SQL                        : 
    update
        machines 
    set
        category=?,
        description=?,
        installation_date=?,
        last_maintenance_date=?,
        last_modified_date=?,
        location=?,
        manufacturer=?,
        model=?,
        name=?,
        next_maintenance_date=?,
        operating_hours=?,
        photo_content_type=?,
        photo_path=?,
        risk_score=?,
        serial_number=?,
        status=?,
        sub_category=? 
    where
        id=?
2026-05-29T12:41:23.758+01:00 DEBUG 5656 --- [predictive-maintenance-backend] [MessageBroker-18] org.hibernate.SQL                        : 
    select
        m1_0.id,
        m1_0.category,
        m1_0.created_date,
        m1_0.description,
        m1_0.installation_date,
        m1_0.last_maintenance_date,
        m1_0.last_modified_date,
        m1_0.location,
        m1_0.manufacturer,
        m1_0.model,
        m1_0.name,
        m1_0.next_maintenance_date,
        m1_0.operating_hours,
        m1_0.photo_content_type,
        m1_0.photo_path,
        m1_0.risk_score,
        m1_0.serial_number,
        m1_0.status,
        m1_0.sub_category 
    from
        machines m1_0
2026-05-29T12:41:23.761+01:00 DEBUG 5656 --- [predictive-maintenance-backend] [MessageBroker-18] org.hibernate.SQL                        : 
    insert 
    into
        sensor_telemetry
        (created_at, machine_id, sensor1, sensor10, sensor11, sensor12, sensor13, sensor14, sensor15, sensor16, sensor17, sensor18, sensor19, sensor2, sensor20, sensor21, sensor3, sensor4, sensor5, sensor6, sensor7, sensor8, sensor9, setting1, setting2, setting3, timestamp) 
    values
        (?, ?, ?, ?, ?, ?, ?, ?, ?, ?, ?, ?, ?, ?, ?, ?, ?, ?, ?, ?, ?, ?, ?, ?, ?, ?, ?)
2026-05-29T12:41:23.763+01:00 DEBUG 5656 --- [predictive-maintenance-backend] [MessageBroker-18] c.p.p.ml.service.MLServiceClient         : Calling ML service for machine 10: http://localhost:8000/predict
2026-05-29T12:41:23.812+01:00 DEBUG 5656 --- [predictive-maintenance-backend] [MessageBroker-18] c.p.p.ml.service.MLServiceClient         : ML prediction received for machine 10: RUL=79.19, anomaly=0.263, risk=MEDIUM
2026-05-29T12:41:23.813+01:00 DEBUG 5656 --- [predictive-maintenance-backend] [MessageBroker-18] org.hibernate.SQL                        : 
    insert 
    into
        prediction_history
        (ambient_temperature, anomaly_probability, anomaly_type, bearing_wear, confidence_score, created_at, current, efficiency_score, failure_probability, fatigue_index, health, load_factor, lubrication_level, machine_id, ml_prediction_available, operating_speed, power_consumption, predicted_failure_type, predicted_rul, pressure, recommended_action, remaining_useful_life, requires_immediate_action, risk_level, risk_score, severity, temperature, thermal_stress, timestamp, vibration, voltage) 
    values
        (?, ?, ?, ?, ?, ?, ?, ?, ?, ?, ?, ?, ?, ?, ?, ?, ?, ?, ?, ?, ?, ?, ?, ?, ?, ?, ?, ?, ?, ?, ?)
2026-05-29T12:41:23.815+01:00 DEBUG 5656 --- [predictive-maintenance-backend] [MessageBroker-18] c.p.p.w.service.MachineStreamingService  : Stored prediction history for machine 10
2026-05-29T12:41:23.816+01:00 DEBUG 5656 --- [predictive-maintenance-backend] [MessageBroker-18] c.p.p.w.service.MachineStreamingService  : Streamed dataset-driven telemetry for 1 machines
2026-05-29T12:41:23.816+01:00 DEBUG 5656 --- [predictive-maintenance-backend] [MessageBroker-18] org.hibernate.SQL                        : 
    update
        machines 
    set
        category=?,
        description=?,
        installation_date=?,
        last_maintenance_date=?,
        last_modified_date=?,
        location=?,
        manufacturer=?,
        model=?,
        name=?,
        next_maintenance_date=?,
        operating_hours=?,
        photo_content_type=?,
        photo_path=?,
        risk_score=?,
        serial_number=?,
        status=?,
        sub_category=? 
    where
        id=?
2026-05-29T12:41:25.756+01:00 DEBUG 5656 --- [predictive-maintenance-backend] [MessageBroker-14] org.hibernate.SQL                        : 
    select
        m1_0.id,
        m1_0.category,
        m1_0.created_date,
        m1_0.description,
        m1_0.installation_date,
        m1_0.last_maintenance_date,
        m1_0.last_modified_date,
        m1_0.location,
        m1_0.manufacturer,
        m1_0.model,
        m1_0.name,
        m1_0.next_maintenance_date,
        m1_0.operating_hours,
        m1_0.photo_content_type,
        m1_0.photo_path,
        m1_0.risk_score,
        m1_0.serial_number,
        m1_0.status,
        m1_0.sub_category 
    from
        machines m1_0
2026-05-29T12:41:25.757+01:00 DEBUG 5656 --- [predictive-maintenance-backend] [MessageBroker-14] org.hibernate.SQL                        : 
    insert 
    into
        sensor_telemetry
        (created_at, machine_id, sensor1, sensor10, sensor11, sensor12, sensor13, sensor14, sensor15, sensor16, sensor17, sensor18, sensor19, sensor2, sensor20, sensor21, sensor3, sensor4, sensor5, sensor6, sensor7, sensor8, sensor9, setting1, setting2, setting3, timestamp) 
    values
        (?, ?, ?, ?, ?, ?, ?, ?, ?, ?, ?, ?, ?, ?, ?, ?, ?, ?, ?, ?, ?, ?, ?, ?, ?, ?, ?)
2026-05-29T12:41:25.758+01:00 DEBUG 5656 --- [predictive-maintenance-backend] [MessageBroker-14] c.p.p.ml.service.MLServiceClient         : Calling ML service for machine 10: http://localhost:8000/predict
2026-05-29T12:41:25.831+01:00 DEBUG 5656 --- [predictive-maintenance-backend] [MessageBroker-14] c.p.p.ml.service.MLServiceClient         : ML prediction received for machine 10: RUL=79.55, anomaly=0.266, risk=MEDIUM
2026-05-29T12:41:25.832+01:00 DEBUG 5656 --- [predictive-maintenance-backend] [MessageBroker-14] org.hibernate.SQL                        : 
    insert 
    into
        prediction_history
        (ambient_temperature, anomaly_probability, anomaly_type, bearing_wear, confidence_score, created_at, current, efficiency_score, failure_probability, fatigue_index, health, load_factor, lubrication_level, machine_id, ml_prediction_available, operating_speed, power_consumption, predicted_failure_type, predicted_rul, pressure, recommended_action, remaining_useful_life, requires_immediate_action, risk_level, risk_score, severity, temperature, thermal_stress, timestamp, vibration, voltage) 
    values
        (?, ?, ?, ?, ?, ?, ?, ?, ?, ?, ?, ?, ?, ?, ?, ?, ?, ?, ?, ?, ?, ?, ?, ?, ?, ?, ?, ?, ?, ?, ?)
2026-05-29T12:41:25.833+01:00 DEBUG 5656 --- [predictive-maintenance-backend] [MessageBroker-14] c.p.p.w.service.MachineStreamingService  : Stored prediction history for machine 10
2026-05-29T12:41:25.833+01:00 DEBUG 5656 --- [predictive-maintenance-backend] [MessageBroker-14] c.p.p.w.service.MachineStreamingService  : Streamed dataset-driven telemetry for 1 machines
2026-05-29T12:41:25.833+01:00 DEBUG 5656 --- [predictive-maintenance-backend] [MessageBroker-14] org.hibernate.SQL                        : 
    update
        machines 
    set
        category=?,
        description=?,
        installation_date=?,
        last_maintenance_date=?,
        last_modified_date=?,
        location=?,
        manufacturer=?,
        model=?,
        name=?,
        next_maintenance_date=?,
        operating_hours=?,
        photo_content_type=?,
        photo_path=?,
        risk_score=?,
        serial_number=?,
        status=?,
        sub_category=? 
    where
        id=?
2026-05-29T12:41:27.752+01:00 DEBUG 5656 --- [predictive-maintenance-backend] [MessageBroker-14] org.hibernate.SQL                        : 
    select
        m1_0.id,
        m1_0.category,
        m1_0.created_date,
        m1_0.description,
        m1_0.installation_date,
        m1_0.last_maintenance_date,
        m1_0.last_modified_date,
        m1_0.location,
        m1_0.manufacturer,
        m1_0.model,
        m1_0.name,
        m1_0.next_maintenance_date,
        m1_0.operating_hours,
        m1_0.photo_content_type,
        m1_0.photo_path,
        m1_0.risk_score,
        m1_0.serial_number,
        m1_0.status,
        m1_0.sub_category 
    from
        machines m1_0
2026-05-29T12:41:27.755+01:00 DEBUG 5656 --- [predictive-maintenance-backend] [MessageBroker-14] org.hibernate.SQL                        : 
    insert 
    into
        sensor_telemetry
        (created_at, machine_id, sensor1, sensor10, sensor11, sensor12, sensor13, sensor14, sensor15, sensor16, sensor17, sensor18, sensor19, sensor2, sensor20, sensor21, sensor3, sensor4, sensor5, sensor6, sensor7, sensor8, sensor9, setting1, setting2, setting3, timestamp) 
    values
        (?, ?, ?, ?, ?, ?, ?, ?, ?, ?, ?, ?, ?, ?, ?, ?, ?, ?, ?, ?, ?, ?, ?, ?, ?, ?, ?)
2026-05-29T12:41:27.757+01:00 DEBUG 5656 --- [predictive-maintenance-backend] [MessageBroker-14] c.p.p.ml.service.MLServiceClient         : Calling ML service for machine 10: http://localhost:8000/predict
2026-05-29T12:41:27.841+01:00 DEBUG 5656 --- [predictive-maintenance-backend] [MessageBroker-14] c.p.p.ml.service.MLServiceClient         : ML prediction received for machine 10: RUL=80.01, anomaly=0.269, risk=MEDIUM
2026-05-29T12:41:27.842+01:00 DEBUG 5656 --- [predictive-maintenance-backend] [MessageBroker-14] org.hibernate.SQL                        : 
    insert 
    into
        prediction_history
        (ambient_temperature, anomaly_probability, anomaly_type, bearing_wear, confidence_score, created_at, current, efficiency_score, failure_probability, fatigue_index, health, load_factor, lubrication_level, machine_id, ml_prediction_available, operating_speed, power_consumption, predicted_failure_type, predicted_rul, pressure, recommended_action, remaining_useful_life, requires_immediate_action, risk_level, risk_score, severity, temperature, thermal_stress, timestamp, vibration, voltage) 
    values
        (?, ?, ?, ?, ?, ?, ?, ?, ?, ?, ?, ?, ?, ?, ?, ?, ?, ?, ?, ?, ?, ?, ?, ?, ?, ?, ?, ?, ?, ?, ?)
2026-05-29T12:41:27.845+01:00 DEBUG 5656 --- [predictive-maintenance-backend] [MessageBroker-14] c.p.p.w.service.MachineStreamingService  : Stored prediction history for machine 10
2026-05-29T12:41:27.845+01:00 DEBUG 5656 --- [predictive-maintenance-backend] [MessageBroker-14] c.p.p.w.service.MachineStreamingService  : Streamed dataset-driven telemetry for 1 machines
2026-05-29T12:41:27.846+01:00 DEBUG 5656 --- [predictive-maintenance-backend] [MessageBroker-14] org.hibernate.SQL                        : 
    update
        machines 
    set
        category=?,
        description=?,
        installation_date=?,
        last_maintenance_date=?,
        last_modified_date=?,
        location=?,
        manufacturer=?,
        model=?,
        name=?,
        next_maintenance_date=?,
        operating_hours=?,
        photo_content_type=?,
        photo_path=?,
        risk_score=?,
        serial_number=?,
        status=?,
        sub_category=? 
    where
        id=?
2026-05-29T12:41:29.758+01:00 DEBUG 5656 --- [predictive-maintenance-backend] [MessageBroker-17] org.hibernate.SQL                        : 
    select
        m1_0.id,
        m1_0.category,
        m1_0.created_date,
        m1_0.description,
        m1_0.installation_date,
        m1_0.last_maintenance_date,
        m1_0.last_modified_date,
        m1_0.location,
        m1_0.manufacturer,
        m1_0.model,
        m1_0.name,
        m1_0.next_maintenance_date,
        m1_0.operating_hours,
        m1_0.photo_content_type,
        m1_0.photo_path,
        m1_0.risk_score,
        m1_0.serial_number,
        m1_0.status,
        m1_0.sub_category 
    from
        machines m1_0
2026-05-29T12:41:29.758+01:00 DEBUG 5656 --- [predictive-maintenance-backend] [MessageBroker-17] org.hibernate.SQL                        : 
    insert 
    into
        sensor_telemetry
        (created_at, machine_id, sensor1, sensor10, sensor11, sensor12, sensor13, sensor14, sensor15, sensor16, sensor17, sensor18, sensor19, sensor2, sensor20, sensor21, sensor3, sensor4, sensor5, sensor6, sensor7, sensor8, sensor9, setting1, setting2, setting3, timestamp) 
    values
        (?, ?, ?, ?, ?, ?, ?, ?, ?, ?, ?, ?, ?, ?, ?, ?, ?, ?, ?, ?, ?, ?, ?, ?, ?, ?, ?)
2026-05-29T12:41:29.759+01:00 DEBUG 5656 --- [predictive-maintenance-backend] [MessageBroker-17] c.p.p.ml.service.MLServiceClient         : Calling ML service for machine 10: http://localhost:8000/predict
2026-05-29T12:41:29.810+01:00 DEBUG 5656 --- [predictive-maintenance-backend] [MessageBroker-17] c.p.p.ml.service.MLServiceClient         : ML prediction received for machine 10: RUL=80.48, anomaly=0.272, risk=MEDIUM
2026-05-29T12:41:29.810+01:00 DEBUG 5656 --- [predictive-maintenance-backend] [MessageBroker-17] org.hibernate.SQL                        : 
    insert 
    into
        prediction_history
        (ambient_temperature, anomaly_probability, anomaly_type, bearing_wear, confidence_score, created_at, current, efficiency_score, failure_probability, fatigue_index, health, load_factor, lubrication_level, machine_id, ml_prediction_available, operating_speed, power_consumption, predicted_failure_type, predicted_rul, pressure, recommended_action, remaining_useful_life, requires_immediate_action, risk_level, risk_score, severity, temperature, thermal_stress, timestamp, vibration, voltage) 
    values
        (?, ?, ?, ?, ?, ?, ?, ?, ?, ?, ?, ?, ?, ?, ?, ?, ?, ?, ?, ?, ?, ?, ?, ?, ?, ?, ?, ?, ?, ?, ?)
2026-05-29T12:41:29.811+01:00 DEBUG 5656 --- [predictive-maintenance-backend] [MessageBroker-17] c.p.p.w.service.MachineStreamingService  : Stored prediction history for machine 10
2026-05-29T12:41:29.812+01:00 DEBUG 5656 --- [predictive-maintenance-backend] [MessageBroker-17] c.p.p.w.service.MachineStreamingService  : Streamed dataset-driven telemetry for 1 machines
2026-05-29T12:41:29.812+01:00 DEBUG 5656 --- [predictive-maintenance-backend] [MessageBroker-17] org.hibernate.SQL                        : 
    update
        machines 
    set
        category=?,
        description=?,
        installation_date=?,
        last_maintenance_date=?,
        last_modified_date=?,
        location=?,
        manufacturer=?,
        model=?,
        name=?,
        next_maintenance_date=?,
        operating_hours=?,
        photo_content_type=?,
        photo_path=?,
        risk_score=?,
        serial_number=?,
        status=?,
        sub_category=? 
    where
        id=?
2026-05-29T12:41:31.756+01:00 DEBUG 5656 --- [predictive-maintenance-backend] [MessageBroker-17] org.hibernate.SQL                        : 
    select
        m1_0.id,
        m1_0.category,
        m1_0.created_date,
        m1_0.description,
        m1_0.installation_date,
        m1_0.last_maintenance_date,
        m1_0.last_modified_date,
        m1_0.location,
        m1_0.manufacturer,
        m1_0.model,
        m1_0.name,
        m1_0.next_maintenance_date,
        m1_0.operating_hours,
        m1_0.photo_content_type,
        m1_0.photo_path,
        m1_0.risk_score,
        m1_0.serial_number,
        m1_0.status,
        m1_0.sub_category 
    from
        machines m1_0
2026-05-29T12:41:31.756+01:00 DEBUG 5656 --- [predictive-maintenance-backend] [MessageBroker-17] org.hibernate.SQL                        : 
    insert 
    into
        sensor_telemetry
        (created_at, machine_id, sensor1, sensor10, sensor11, sensor12, sensor13, sensor14, sensor15, sensor16, sensor17, sensor18, sensor19, sensor2, sensor20, sensor21, sensor3, sensor4, sensor5, sensor6, sensor7, sensor8, sensor9, setting1, setting2, setting3, timestamp) 
    values
        (?, ?, ?, ?, ?, ?, ?, ?, ?, ?, ?, ?, ?, ?, ?, ?, ?, ?, ?, ?, ?, ?, ?, ?, ?, ?, ?)
2026-05-29T12:41:31.758+01:00 DEBUG 5656 --- [predictive-maintenance-backend] [MessageBroker-17] c.p.p.ml.service.MLServiceClient         : Calling ML service for machine 10: http://localhost:8000/predict
2026-05-29T12:41:31.809+01:00 DEBUG 5656 --- [predictive-maintenance-backend] [MessageBroker-17] c.p.p.ml.service.MLServiceClient         : ML prediction received for machine 10: RUL=80.78, anomaly=0.274, risk=MEDIUM
2026-05-29T12:41:31.811+01:00 DEBUG 5656 --- [predictive-maintenance-backend] [MessageBroker-17] org.hibernate.SQL                        : 
    insert 
    into
        prediction_history
        (ambient_temperature, anomaly_probability, anomaly_type, bearing_wear, confidence_score, created_at, current, efficiency_score, failure_probability, fatigue_index, health, load_factor, lubrication_level, machine_id, ml_prediction_available, operating_speed, power_consumption, predicted_failure_type, predicted_rul, pressure, recommended_action, remaining_useful_life, requires_immediate_action, risk_level, risk_score, severity, temperature, thermal_stress, timestamp, vibration, voltage) 
    values
        (?, ?, ?, ?, ?, ?, ?, ?, ?, ?, ?, ?, ?, ?, ?, ?, ?, ?, ?, ?, ?, ?, ?, ?, ?, ?, ?, ?, ?, ?, ?)
2026-05-29T12:41:31.812+01:00 DEBUG 5656 --- [predictive-maintenance-backend] [MessageBroker-17] c.p.p.w.service.MachineStreamingService  : Stored prediction history for machine 10
2026-05-29T12:41:31.812+01:00 DEBUG 5656 --- [predictive-maintenance-backend] [MessageBroker-17] c.p.p.w.service.MachineStreamingService  : Streamed dataset-driven telemetry for 1 machines
2026-05-29T12:41:31.812+01:00 DEBUG 5656 --- [predictive-maintenance-backend] [MessageBroker-17] org.hibernate.SQL                        : 
    update
        machines 
    set
        category=?,
        description=?,
        installation_date=?,
        last_maintenance_date=?,
        last_modified_date=?,
        location=?,
        manufacturer=?,
        model=?,
        name=?,
        next_maintenance_date=?,
        operating_hours=?,
        photo_content_type=?,
        photo_path=?,
        risk_score=?,
        serial_number=?,
        status=?,
        sub_category=? 
    where
        id=?
2026-05-29T12:41:33.764+01:00 DEBUG 5656 --- [predictive-maintenance-backend] [MessageBroker-17] org.hibernate.SQL                        : 
    select
        m1_0.id,
        m1_0.category,
        m1_0.created_date,
        m1_0.description,
        m1_0.installation_date,
        m1_0.last_maintenance_date,
        m1_0.last_modified_date,
        m1_0.location,
        m1_0.manufacturer,
        m1_0.model,
        m1_0.name,
        m1_0.next_maintenance_date,
        m1_0.operating_hours,
        m1_0.photo_content_type,
        m1_0.photo_path,
        m1_0.risk_score,
        m1_0.serial_number,
        m1_0.status,
        m1_0.sub_category 
    from
        machines m1_0
2026-05-29T12:41:33.766+01:00 DEBUG 5656 --- [predictive-maintenance-backend] [MessageBroker-17] org.hibernate.SQL                        : 
    insert 
    into
        sensor_telemetry
        (created_at, machine_id, sensor1, sensor10, sensor11, sensor12, sensor13, sensor14, sensor15, sensor16, sensor17, sensor18, sensor19, sensor2, sensor20, sensor21, sensor3, sensor4, sensor5, sensor6, sensor7, sensor8, sensor9, setting1, setting2, setting3, timestamp) 
    values
        (?, ?, ?, ?, ?, ?, ?, ?, ?, ?, ?, ?, ?, ?, ?, ?, ?, ?, ?, ?, ?, ?, ?, ?, ?, ?, ?)
2026-05-29T12:41:33.767+01:00 DEBUG 5656 --- [predictive-maintenance-backend] [MessageBroker-17] c.p.p.ml.service.MLServiceClient         : Calling ML service for machine 10: http://localhost:8000/predict
2026-05-29T12:41:33.817+01:00 DEBUG 5656 --- [predictive-maintenance-backend] [MessageBroker-17] c.p.p.ml.service.MLServiceClient         : ML prediction received for machine 10: RUL=81.42, anomaly=0.276, risk=MEDIUM
2026-05-29T12:41:33.818+01:00 DEBUG 5656 --- [predictive-maintenance-backend] [MessageBroker-17] org.hibernate.SQL                        : 
    insert 
    into
        prediction_history
        (ambient_temperature, anomaly_probability, anomaly_type, bearing_wear, confidence_score, created_at, current, efficiency_score, failure_probability, fatigue_index, health, load_factor, lubrication_level, machine_id, ml_prediction_available, operating_speed, power_consumption, predicted_failure_type, predicted_rul, pressure, recommended_action, remaining_useful_life, requires_immediate_action, risk_level, risk_score, severity, temperature, thermal_stress, timestamp, vibration, voltage) 
    values
        (?, ?, ?, ?, ?, ?, ?, ?, ?, ?, ?, ?, ?, ?, ?, ?, ?, ?, ?, ?, ?, ?, ?, ?, ?, ?, ?, ?, ?, ?, ?)
2026-05-29T12:41:33.819+01:00 DEBUG 5656 --- [predictive-maintenance-backend] [MessageBroker-17] c.p.p.w.service.MachineStreamingService  : Stored prediction history for machine 10
2026-05-29T12:41:33.819+01:00 DEBUG 5656 --- [predictive-maintenance-backend] [MessageBroker-17] c.p.p.w.service.MachineStreamingService  : Streamed dataset-driven telemetry for 1 machines
2026-05-29T12:41:33.819+01:00 DEBUG 5656 --- [predictive-maintenance-backend] [MessageBroker-17] org.hibernate.SQL                        : 
    update
        machines 
    set
        category=?,
        description=?,
        installation_date=?,
        last_maintenance_date=?,
        last_modified_date=?,
        location=?,
        manufacturer=?,
        model=?,
        name=?,
        next_maintenance_date=?,
        operating_hours=?,
        photo_content_type=?,
        photo_path=?,
        risk_score=?,
        serial_number=?,
        status=?,
        sub_category=? 
    where
        id=?
2026-05-29T12:41:35.751+01:00 DEBUG 5656 --- [predictive-maintenance-backend] [MessageBroker-10] org.hibernate.SQL                        : 
    select
        m1_0.id,
        m1_0.category,
        m1_0.created_date,
        m1_0.description,
        m1_0.installation_date,
        m1_0.last_maintenance_date,
        m1_0.last_modified_date,
        m1_0.location,
        m1_0.manufacturer,
        m1_0.model,
        m1_0.name,
        m1_0.next_maintenance_date,
        m1_0.operating_hours,
        m1_0.photo_content_type,
        m1_0.photo_path,
        m1_0.risk_score,
        m1_0.serial_number,
        m1_0.status,
        m1_0.sub_category 
    from
        machines m1_0
2026-05-29T12:41:35.754+01:00 DEBUG 5656 --- [predictive-maintenance-backend] [MessageBroker-10] org.hibernate.SQL                        : 
    insert 
    into
        sensor_telemetry
        (created_at, machine_id, sensor1, sensor10, sensor11, sensor12, sensor13, sensor14, sensor15, sensor16, sensor17, sensor18, sensor19, sensor2, sensor20, sensor21, sensor3, sensor4, sensor5, sensor6, sensor7, sensor8, sensor9, setting1, setting2, setting3, timestamp) 
    values
        (?, ?, ?, ?, ?, ?, ?, ?, ?, ?, ?, ?, ?, ?, ?, ?, ?, ?, ?, ?, ?, ?, ?, ?, ?, ?, ?)
2026-05-29T12:41:35.754+01:00 DEBUG 5656 --- [predictive-maintenance-backend] [MessageBroker-10] c.p.p.ml.service.MLServiceClient         : Calling ML service for machine 10: http://localhost:8000/predict
2026-05-29T12:41:35.869+01:00 DEBUG 5656 --- [predictive-maintenance-backend] [MessageBroker-10] c.p.p.ml.service.MLServiceClient         : ML prediction received for machine 10: RUL=81.75, anomaly=0.278, risk=MEDIUM
2026-05-29T12:41:35.869+01:00 DEBUG 5656 --- [predictive-maintenance-backend] [MessageBroker-10] org.hibernate.SQL                        : 
    insert 
    into
        prediction_history
        (ambient_temperature, anomaly_probability, anomaly_type, bearing_wear, confidence_score, created_at, current, efficiency_score, failure_probability, fatigue_index, health, load_factor, lubrication_level, machine_id, ml_prediction_available, operating_speed, power_consumption, predicted_failure_type, predicted_rul, pressure, recommended_action, remaining_useful_life, requires_immediate_action, risk_level, risk_score, severity, temperature, thermal_stress, timestamp, vibration, voltage) 
    values
        (?, ?, ?, ?, ?, ?, ?, ?, ?, ?, ?, ?, ?, ?, ?, ?, ?, ?, ?, ?, ?, ?, ?, ?, ?, ?, ?, ?, ?, ?, ?)
2026-05-29T12:41:35.869+01:00 DEBUG 5656 --- [predictive-maintenance-backend] [MessageBroker-10] c.p.p.w.service.MachineStreamingService  : Stored prediction history for machine 10
2026-05-29T12:41:35.871+01:00 DEBUG 5656 --- [predictive-maintenance-backend] [MessageBroker-10] c.p.p.w.service.MachineStreamingService  : Streamed dataset-driven telemetry for 1 machines
2026-05-29T12:41:35.871+01:00 DEBUG 5656 --- [predictive-maintenance-backend] [MessageBroker-10] org.hibernate.SQL                        : 
    update
        machines 
    set
        category=?,
        description=?,
        installation_date=?,
        last_maintenance_date=?,
        last_modified_date=?,
        location=?,
        manufacturer=?,
        model=?,
        name=?,
        next_maintenance_date=?,
        operating_hours=?,
        photo_content_type=?,
        photo_path=?,
        risk_score=?,
        serial_number=?,
        status=?,
        sub_category=? 
    where
        id=?
2026-05-29T12:41:37.765+01:00 DEBUG 5656 --- [predictive-maintenance-backend] [MessageBroker-10] org.hibernate.SQL                        : 
    select
        m1_0.id,
        m1_0.category,
        m1_0.created_date,
        m1_0.description,
        m1_0.installation_date,
        m1_0.last_maintenance_date,
        m1_0.last_modified_date,
        m1_0.location,
        m1_0.manufacturer,
        m1_0.model,
        m1_0.name,
        m1_0.next_maintenance_date,
        m1_0.operating_hours,
        m1_0.photo_content_type,
        m1_0.photo_path,
        m1_0.risk_score,
        m1_0.serial_number,
        m1_0.status,
        m1_0.sub_category 
    from
        machines m1_0
2026-05-29T12:41:37.766+01:00 DEBUG 5656 --- [predictive-maintenance-backend] [MessageBroker-10] org.hibernate.SQL                        : 
    insert 
    into
        sensor_telemetry
        (created_at, machine_id, sensor1, sensor10, sensor11, sensor12, sensor13, sensor14, sensor15, sensor16, sensor17, sensor18, sensor19, sensor2, sensor20, sensor21, sensor3, sensor4, sensor5, sensor6, sensor7, sensor8, sensor9, setting1, setting2, setting3, timestamp) 
    values
        (?, ?, ?, ?, ?, ?, ?, ?, ?, ?, ?, ?, ?, ?, ?, ?, ?, ?, ?, ?, ?, ?, ?, ?, ?, ?, ?)
2026-05-29T12:41:37.768+01:00 DEBUG 5656 --- [predictive-maintenance-backend] [MessageBroker-10] c.p.p.ml.service.MLServiceClient         : Calling ML service for machine 10: http://localhost:8000/predict
2026-05-29T12:41:37.904+01:00 DEBUG 5656 --- [predictive-maintenance-backend] [MessageBroker-10] c.p.p.ml.service.MLServiceClient         : ML prediction received for machine 10: RUL=82.75, anomaly=0.279, risk=MEDIUM
2026-05-29T12:41:37.906+01:00 DEBUG 5656 --- [predictive-maintenance-backend] [MessageBroker-10] org.hibernate.SQL                        : 
    insert 
    into
        prediction_history
        (ambient_temperature, anomaly_probability, anomaly_type, bearing_wear, confidence_score, created_at, current, efficiency_score, failure_probability, fatigue_index, health, load_factor, lubrication_level, machine_id, ml_prediction_available, operating_speed, power_consumption, predicted_failure_type, predicted_rul, pressure, recommended_action, remaining_useful_life, requires_immediate_action, risk_level, risk_score, severity, temperature, thermal_stress, timestamp, vibration, voltage) 
    values
        (?, ?, ?, ?, ?, ?, ?, ?, ?, ?, ?, ?, ?, ?, ?, ?, ?, ?, ?, ?, ?, ?, ?, ?, ?, ?, ?, ?, ?, ?, ?)
2026-05-29T12:41:37.909+01:00 DEBUG 5656 --- [predictive-maintenance-backend] [MessageBroker-10] c.p.p.w.service.MachineStreamingService  : Stored prediction history for machine 10
2026-05-29T12:41:37.910+01:00 DEBUG 5656 --- [predictive-maintenance-backend] [MessageBroker-10] c.p.p.w.service.MachineStreamingService  : Streamed dataset-driven telemetry for 1 machines
2026-05-29T12:41:37.911+01:00 DEBUG 5656 --- [predictive-maintenance-backend] [MessageBroker-10] org.hibernate.SQL                        : 
    update
        machines 
    set
        category=?,
        description=?,
        installation_date=?,
        last_maintenance_date=?,
        last_modified_date=?,
        location=?,
        manufacturer=?,
        model=?,
        name=?,
        next_maintenance_date=?,
        operating_hours=?,
        photo_content_type=?,
        photo_path=?,
        risk_score=?,
        serial_number=?,
        status=?,
        sub_category=? 
    where
        id=?
2026-05-29T12:41:39.753+01:00 DEBUG 5656 --- [predictive-maintenance-backend] [MessageBroker-16] org.hibernate.SQL                        : 
    select
        m1_0.id,
        m1_0.category,
        m1_0.created_date,
        m1_0.description,
        m1_0.installation_date,
        m1_0.last_maintenance_date,
        m1_0.last_modified_date,
        m1_0.location,
        m1_0.manufacturer,
        m1_0.model,
        m1_0.name,
        m1_0.next_maintenance_date,
        m1_0.operating_hours,
        m1_0.photo_content_type,
        m1_0.photo_path,
        m1_0.risk_score,
        m1_0.serial_number,
        m1_0.status,
        m1_0.sub_category 
    from
        machines m1_0
2026-05-29T12:41:39.756+01:00 DEBUG 5656 --- [predictive-maintenance-backend] [MessageBroker-16] org.hibernate.SQL                        : 
    insert 
    into
        sensor_telemetry
        (created_at, machine_id, sensor1, sensor10, sensor11, sensor12, sensor13, sensor14, sensor15, sensor16, sensor17, sensor18, sensor19, sensor2, sensor20, sensor21, sensor3, sensor4, sensor5, sensor6, sensor7, sensor8, sensor9, setting1, setting2, setting3, timestamp) 
    values
        (?, ?, ?, ?, ?, ?, ?, ?, ?, ?, ?, ?, ?, ?, ?, ?, ?, ?, ?, ?, ?, ?, ?, ?, ?, ?, ?)
2026-05-29T12:41:39.759+01:00 DEBUG 5656 --- [predictive-maintenance-backend] [MessageBroker-16] c.p.p.ml.service.MLServiceClient         : Calling ML service for machine 10: http://localhost:8000/predict
2026-05-29T12:41:39.929+01:00 DEBUG 5656 --- [predictive-maintenance-backend] [MessageBroker-16] c.p.p.ml.service.MLServiceClient         : ML prediction received for machine 10: RUL=83.31, anomaly=0.28, risk=MEDIUM
2026-05-29T12:41:39.931+01:00 DEBUG 5656 --- [predictive-maintenance-backend] [MessageBroker-16] org.hibernate.SQL                        : 
    insert 
    into
        prediction_history
        (ambient_temperature, anomaly_probability, anomaly_type, bearing_wear, confidence_score, created_at, current, efficiency_score, failure_probability, fatigue_index, health, load_factor, lubrication_level, machine_id, ml_prediction_available, operating_speed, power_consumption, predicted_failure_type, predicted_rul, pressure, recommended_action, remaining_useful_life, requires_immediate_action, risk_level, risk_score, severity, temperature, thermal_stress, timestamp, vibration, voltage) 
    values
        (?, ?, ?, ?, ?, ?, ?, ?, ?, ?, ?, ?, ?, ?, ?, ?, ?, ?, ?, ?, ?, ?, ?, ?, ?, ?, ?, ?, ?, ?, ?)
2026-05-29T12:41:39.935+01:00 DEBUG 5656 --- [predictive-maintenance-backend] [MessageBroker-16] c.p.p.w.service.MachineStreamingService  : Stored prediction history for machine 10
2026-05-29T12:41:39.936+01:00 DEBUG 5656 --- [predictive-maintenance-backend] [MessageBroker-16] c.p.p.w.service.MachineStreamingService  : Streamed dataset-driven telemetry for 1 machines
2026-05-29T12:41:39.939+01:00 DEBUG 5656 --- [predictive-maintenance-backend] [MessageBroker-16] org.hibernate.SQL                        : 
    update
        machines 
    set
        category=?,
        description=?,
        installation_date=?,
        last_maintenance_date=?,
        last_modified_date=?,
        location=?,
        manufacturer=?,
        model=?,
        name=?,
        next_maintenance_date=?,
        operating_hours=?,
        photo_content_type=?,
        photo_path=?,
        risk_score=?,
        serial_number=?,
        status=?,
        sub_category=? 
    where
        id=?
2026-05-29T12:41:41.759+01:00 DEBUG 5656 --- [predictive-maintenance-backend] [MessageBroker-16] org.hibernate.SQL                        : 
    select
        m1_0.id,
        m1_0.category,
        m1_0.created_date,
        m1_0.description,
        m1_0.installation_date,
        m1_0.last_maintenance_date,
        m1_0.last_modified_date,
        m1_0.location,
        m1_0.manufacturer,
        m1_0.model,
        m1_0.name,
        m1_0.next_maintenance_date,
        m1_0.operating_hours,
        m1_0.photo_content_type,
        m1_0.photo_path,
        m1_0.risk_score,
        m1_0.serial_number,
        m1_0.status,
        m1_0.sub_category 
    from
        machines m1_0
2026-05-29T12:41:41.762+01:00 DEBUG 5656 --- [predictive-maintenance-backend] [MessageBroker-16] org.hibernate.SQL                        : 
    insert 
    into
        sensor_telemetry
        (created_at, machine_id, sensor1, sensor10, sensor11, sensor12, sensor13, sensor14, sensor15, sensor16, sensor17, sensor18, sensor19, sensor2, sensor20, sensor21, sensor3, sensor4, sensor5, sensor6, sensor7, sensor8, sensor9, setting1, setting2, setting3, timestamp) 
    values
        (?, ?, ?, ?, ?, ?, ?, ?, ?, ?, ?, ?, ?, ?, ?, ?, ?, ?, ?, ?, ?, ?, ?, ?, ?, ?, ?)
2026-05-29T12:41:41.764+01:00 DEBUG 5656 --- [predictive-maintenance-backend] [MessageBroker-16] c.p.p.ml.service.MLServiceClient         : Calling ML service for machine 10: http://localhost:8000/predict
2026-05-29T12:41:41.902+01:00 DEBUG 5656 --- [predictive-maintenance-backend] [MessageBroker-16] c.p.p.ml.service.MLServiceClient         : ML prediction received for machine 10: RUL=84.36, anomaly=0.281, risk=MEDIUM
2026-05-29T12:41:41.904+01:00 DEBUG 5656 --- [predictive-maintenance-backend] [MessageBroker-16] org.hibernate.SQL                        : 
    insert 
    into
        prediction_history
        (ambient_temperature, anomaly_probability, anomaly_type, bearing_wear, confidence_score, created_at, current, efficiency_score, failure_probability, fatigue_index, health, load_factor, lubrication_level, machine_id, ml_prediction_available, operating_speed, power_consumption, predicted_failure_type, predicted_rul, pressure, recommended_action, remaining_useful_life, requires_immediate_action, risk_level, risk_score, severity, temperature, thermal_stress, timestamp, vibration, voltage) 
    values
        (?, ?, ?, ?, ?, ?, ?, ?, ?, ?, ?, ?, ?, ?, ?, ?, ?, ?, ?, ?, ?, ?, ?, ?, ?, ?, ?, ?, ?, ?, ?)
2026-05-29T12:41:41.909+01:00 DEBUG 5656 --- [predictive-maintenance-backend] [MessageBroker-16] c.p.p.w.service.MachineStreamingService  : Stored prediction history for machine 10
2026-05-29T12:41:41.910+01:00 DEBUG 5656 --- [predictive-maintenance-backend] [MessageBroker-16] c.p.p.w.service.MachineStreamingService  : Streamed dataset-driven telemetry for 1 machines
2026-05-29T12:41:41.912+01:00 DEBUG 5656 --- [predictive-maintenance-backend] [MessageBroker-16] org.hibernate.SQL                        : 
    update
        machines 
    set
        category=?,
        description=?,
        installation_date=?,
        last_maintenance_date=?,
        last_modified_date=?,
        location=?,
        manufacturer=?,
        model=?,
        name=?,
        next_maintenance_date=?,
        operating_hours=?,
        photo_content_type=?,
        photo_path=?,
        risk_score=?,
        serial_number=?,
        status=?,
        sub_category=? 
    where
        id=?
2026-05-29T12:41:43.756+01:00 DEBUG 5656 --- [predictive-maintenance-backend] [MessageBroker-16] org.hibernate.SQL                        : 
    select
        m1_0.id,
        m1_0.category,
        m1_0.created_date,
        m1_0.description,
        m1_0.installation_date,
        m1_0.last_maintenance_date,
        m1_0.last_modified_date,
        m1_0.location,
        m1_0.manufacturer,
        m1_0.model,
        m1_0.name,
        m1_0.next_maintenance_date,
        m1_0.operating_hours,
        m1_0.photo_content_type,
        m1_0.photo_path,
        m1_0.risk_score,
        m1_0.serial_number,
        m1_0.status,
        m1_0.sub_category 
    from
        machines m1_0
2026-05-29T12:41:43.760+01:00 DEBUG 5656 --- [predictive-maintenance-backend] [MessageBroker-16] org.hibernate.SQL                        : 
    insert 
    into
        sensor_telemetry
        (created_at, machine_id, sensor1, sensor10, sensor11, sensor12, sensor13, sensor14, sensor15, sensor16, sensor17, sensor18, sensor19, sensor2, sensor20, sensor21, sensor3, sensor4, sensor5, sensor6, sensor7, sensor8, sensor9, setting1, setting2, setting3, timestamp) 
    values
        (?, ?, ?, ?, ?, ?, ?, ?, ?, ?, ?, ?, ?, ?, ?, ?, ?, ?, ?, ?, ?, ?, ?, ?, ?, ?, ?)
2026-05-29T12:41:43.764+01:00 DEBUG 5656 --- [predictive-maintenance-backend] [MessageBroker-16] c.p.p.ml.service.MLServiceClient         : Calling ML service for machine 10: http://localhost:8000/predict
2026-05-29T12:41:43.918+01:00 DEBUG 5656 --- [predictive-maintenance-backend] [MessageBroker-16] c.p.p.ml.service.MLServiceClient         : ML prediction received for machine 10: RUL=85.57, anomaly=0.281, risk=MEDIUM
2026-05-29T12:41:43.919+01:00 DEBUG 5656 --- [predictive-maintenance-backend] [MessageBroker-16] org.hibernate.SQL                        : 
    insert 
    into
        prediction_history
        (ambient_temperature, anomaly_probability, anomaly_type, bearing_wear, confidence_score, created_at, current, efficiency_score, failure_probability, fatigue_index, health, load_factor, lubrication_level, machine_id, ml_prediction_available, operating_speed, power_consumption, predicted_failure_type, predicted_rul, pressure, recommended_action, remaining_useful_life, requires_immediate_action, risk_level, risk_score, severity, temperature, thermal_stress, timestamp, vibration, voltage) 
    values
        (?, ?, ?, ?, ?, ?, ?, ?, ?, ?, ?, ?, ?, ?, ?, ?, ?, ?, ?, ?, ?, ?, ?, ?, ?, ?, ?, ?, ?, ?, ?)
2026-05-29T12:41:43.923+01:00 DEBUG 5656 --- [predictive-maintenance-backend] [MessageBroker-16] c.p.p.w.service.MachineStreamingService  : Stored prediction history for machine 10
2026-05-29T12:41:43.924+01:00 DEBUG 5656 --- [predictive-maintenance-backend] [MessageBroker-16] c.p.p.w.service.MachineStreamingService  : Streamed dataset-driven telemetry for 1 machines
2026-05-29T12:41:43.925+01:00 DEBUG 5656 --- [predictive-maintenance-backend] [MessageBroker-16] org.hibernate.SQL                        : 
    update
        machines 
    set
        category=?,
        description=?,
        installation_date=?,
        last_maintenance_date=?,
        last_modified_date=?,
        location=?,
        manufacturer=?,
        model=?,
        name=?,
        next_maintenance_date=?,
        operating_hours=?,
        photo_content_type=?,
        photo_path=?,
        risk_score=?,
        serial_number=?,
        status=?,
        sub_category=? 
    where
        id=?
2026-05-29T12:41:45.765+01:00 DEBUG 5656 --- [predictive-maintenance-backend] [MessageBroker-11] org.hibernate.SQL                        : 
    select
        m1_0.id,
        m1_0.category,
        m1_0.created_date,
        m1_0.description,
        m1_0.installation_date,
        m1_0.last_maintenance_date,
        m1_0.last_modified_date,
        m1_0.location,
        m1_0.manufacturer,
        m1_0.model,
        m1_0.name,
        m1_0.next_maintenance_date,
        m1_0.operating_hours,
        m1_0.photo_content_type,
        m1_0.photo_path,
        m1_0.risk_score,
        m1_0.serial_number,
        m1_0.status,
        m1_0.sub_category 
    from
        machines m1_0
2026-05-29T12:41:45.768+01:00 DEBUG 5656 --- [predictive-maintenance-backend] [MessageBroker-11] org.hibernate.SQL                        : 
    insert 
    into
        sensor_telemetry
        (created_at, machine_id, sensor1, sensor10, sensor11, sensor12, sensor13, sensor14, sensor15, sensor16, sensor17, sensor18, sensor19, sensor2, sensor20, sensor21, sensor3, sensor4, sensor5, sensor6, sensor7, sensor8, sensor9, setting1, setting2, setting3, timestamp) 
    values
        (?, ?, ?, ?, ?, ?, ?, ?, ?, ?, ?, ?, ?, ?, ?, ?, ?, ?, ?, ?, ?, ?, ?, ?, ?, ?, ?)
2026-05-29T12:41:45.769+01:00 DEBUG 5656 --- [predictive-maintenance-backend] [MessageBroker-11] c.p.p.ml.service.MLServiceClient         : Calling ML service for machine 10: http://localhost:8000/predict
2026-05-29T12:41:45.880+01:00 DEBUG 5656 --- [predictive-maintenance-backend] [MessageBroker-11] c.p.p.ml.service.MLServiceClient         : ML prediction received for machine 10: RUL=86.46, anomaly=0.281, risk=MEDIUM
2026-05-29T12:41:45.881+01:00 DEBUG 5656 --- [predictive-maintenance-backend] [MessageBroker-11] org.hibernate.SQL                        : 
    insert 
    into
        prediction_history
        (ambient_temperature, anomaly_probability, anomaly_type, bearing_wear, confidence_score, created_at, current, efficiency_score, failure_probability, fatigue_index, health, load_factor, lubrication_level, machine_id, ml_prediction_available, operating_speed, power_consumption, predicted_failure_type, predicted_rul, pressure, recommended_action, remaining_useful_life, requires_immediate_action, risk_level, risk_score, severity, temperature, thermal_stress, timestamp, vibration, voltage) 
    values
        (?, ?, ?, ?, ?, ?, ?, ?, ?, ?, ?, ?, ?, ?, ?, ?, ?, ?, ?, ?, ?, ?, ?, ?, ?, ?, ?, ?, ?, ?, ?)
2026-05-29T12:41:45.883+01:00 DEBUG 5656 --- [predictive-maintenance-backend] [MessageBroker-11] c.p.p.w.service.MachineStreamingService  : Stored prediction history for machine 10
2026-05-29T12:41:45.883+01:00 DEBUG 5656 --- [predictive-maintenance-backend] [MessageBroker-11] c.p.p.w.service.MachineStreamingService  : Streamed dataset-driven telemetry for 1 machines
2026-05-29T12:41:45.884+01:00 DEBUG 5656 --- [predictive-maintenance-backend] [MessageBroker-11] org.hibernate.SQL                        : 
    update
        machines 
    set
        category=?,
        description=?,
        installation_date=?,
        last_maintenance_date=?,
        last_modified_date=?,
        location=?,
        manufacturer=?,
        model=?,
        name=?,
        next_maintenance_date=?,
        operating_hours=?,
        photo_content_type=?,
        photo_path=?,
        risk_score=?,
        serial_number=?,
        status=?,
        sub_category=? 
    where
        id=?
2026-05-29T12:41:47.763+01:00 DEBUG 5656 --- [predictive-maintenance-backend] [MessageBroker-11] org.hibernate.SQL                        : 
    select
        m1_0.id,
        m1_0.category,
        m1_0.created_date,
        m1_0.description,
        m1_0.installation_date,
        m1_0.last_maintenance_date,
        m1_0.last_modified_date,
        m1_0.location,
        m1_0.manufacturer,
        m1_0.model,
        m1_0.name,
        m1_0.next_maintenance_date,
        m1_0.operating_hours,
        m1_0.photo_content_type,
        m1_0.photo_path,
        m1_0.risk_score,
        m1_0.serial_number,
        m1_0.status,
        m1_0.sub_category 
    from
        machines m1_0
2026-05-29T12:41:47.764+01:00 DEBUG 5656 --- [predictive-maintenance-backend] [MessageBroker-11] org.hibernate.SQL                        : 
    insert 
    into
        sensor_telemetry
        (created_at, machine_id, sensor1, sensor10, sensor11, sensor12, sensor13, sensor14, sensor15, sensor16, sensor17, sensor18, sensor19, sensor2, sensor20, sensor21, sensor3, sensor4, sensor5, sensor6, sensor7, sensor8, sensor9, setting1, setting2, setting3, timestamp) 
    values
        (?, ?, ?, ?, ?, ?, ?, ?, ?, ?, ?, ?, ?, ?, ?, ?, ?, ?, ?, ?, ?, ?, ?, ?, ?, ?, ?)
2026-05-29T12:41:47.766+01:00 DEBUG 5656 --- [predictive-maintenance-backend] [MessageBroker-11] c.p.p.ml.service.MLServiceClient         : Calling ML service for machine 10: http://localhost:8000/predict
2026-05-29T12:41:47.895+01:00 DEBUG 5656 --- [predictive-maintenance-backend] [MessageBroker-11] c.p.p.ml.service.MLServiceClient         : ML prediction received for machine 10: RUL=87.8, anomaly=0.281, risk=MEDIUM
2026-05-29T12:41:47.896+01:00 DEBUG 5656 --- [predictive-maintenance-backend] [MessageBroker-11] org.hibernate.SQL                        : 
    insert 
    into
        prediction_history
        (ambient_temperature, anomaly_probability, anomaly_type, bearing_wear, confidence_score, created_at, current, efficiency_score, failure_probability, fatigue_index, health, load_factor, lubrication_level, machine_id, ml_prediction_available, operating_speed, power_consumption, predicted_failure_type, predicted_rul, pressure, recommended_action, remaining_useful_life, requires_immediate_action, risk_level, risk_score, severity, temperature, thermal_stress, timestamp, vibration, voltage) 
    values
        (?, ?, ?, ?, ?, ?, ?, ?, ?, ?, ?, ?, ?, ?, ?, ?, ?, ?, ?, ?, ?, ?, ?, ?, ?, ?, ?, ?, ?, ?, ?)
2026-05-29T12:41:47.897+01:00 DEBUG 5656 --- [predictive-maintenance-backend] [MessageBroker-11] c.p.p.w.service.MachineStreamingService  : Stored prediction history for machine 10
2026-05-29T12:41:47.898+01:00 DEBUG 5656 --- [predictive-maintenance-backend] [MessageBroker-11] c.p.p.w.service.MachineStreamingService  : Streamed dataset-driven telemetry for 1 machines
2026-05-29T12:41:47.899+01:00 DEBUG 5656 --- [predictive-maintenance-backend] [MessageBroker-11] org.hibernate.SQL                        : 
    update
        machines 
    set
        category=?,
        description=?,
        installation_date=?,
        last_maintenance_date=?,
        last_modified_date=?,
        location=?,
        manufacturer=?,
        model=?,
        name=?,
        next_maintenance_date=?,
        operating_hours=?,
        photo_content_type=?,
        photo_path=?,
        risk_score=?,
        serial_number=?,
        status=?,
        sub_category=? 
    where
        id=?
2026-05-29T12:41:49.761+01:00 DEBUG 5656 --- [predictive-maintenance-backend] [MessageBroker-17] org.hibernate.SQL                        : 
    select
        m1_0.id,
        m1_0.category,
        m1_0.created_date,
        m1_0.description,
        m1_0.installation_date,
        m1_0.last_maintenance_date,
        m1_0.last_modified_date,
        m1_0.location,
        m1_0.manufacturer,
        m1_0.model,
        m1_0.name,
        m1_0.next_maintenance_date,
        m1_0.operating_hours,
        m1_0.photo_content_type,
        m1_0.photo_path,
        m1_0.risk_score,
        m1_0.serial_number,
        m1_0.status,
        m1_0.sub_category 
    from
        machines m1_0
2026-05-29T12:41:49.765+01:00 DEBUG 5656 --- [predictive-maintenance-backend] [MessageBroker-17] org.hibernate.SQL                        : 
    insert 
    into
        sensor_telemetry
        (created_at, machine_id, sensor1, sensor10, sensor11, sensor12, sensor13, sensor14, sensor15, sensor16, sensor17, sensor18, sensor19, sensor2, sensor20, sensor21, sensor3, sensor4, sensor5, sensor6, sensor7, sensor8, sensor9, setting1, setting2, setting3, timestamp) 
    values
        (?, ?, ?, ?, ?, ?, ?, ?, ?, ?, ?, ?, ?, ?, ?, ?, ?, ?, ?, ?, ?, ?, ?, ?, ?, ?, ?)
2026-05-29T12:41:49.766+01:00 DEBUG 5656 --- [predictive-maintenance-backend] [MessageBroker-17] c.p.p.ml.service.MLServiceClient         : Calling ML service for machine 10: http://localhost:8000/predict
2026-05-29T12:41:49.908+01:00 DEBUG 5656 --- [predictive-maintenance-backend] [MessageBroker-17] c.p.p.ml.service.MLServiceClient         : ML prediction received for machine 10: RUL=88.82, anomaly=0.281, risk=MEDIUM
2026-05-29T12:41:49.909+01:00 DEBUG 5656 --- [predictive-maintenance-backend] [MessageBroker-17] org.hibernate.SQL                        : 
    insert 
    into
        prediction_history
        (ambient_temperature, anomaly_probability, anomaly_type, bearing_wear, confidence_score, created_at, current, efficiency_score, failure_probability, fatigue_index, health, load_factor, lubrication_level, machine_id, ml_prediction_available, operating_speed, power_consumption, predicted_failure_type, predicted_rul, pressure, recommended_action, remaining_useful_life, requires_immediate_action, risk_level, risk_score, severity, temperature, thermal_stress, timestamp, vibration, voltage) 
    values
        (?, ?, ?, ?, ?, ?, ?, ?, ?, ?, ?, ?, ?, ?, ?, ?, ?, ?, ?, ?, ?, ?, ?, ?, ?, ?, ?, ?, ?, ?, ?)
2026-05-29T12:41:49.913+01:00 DEBUG 5656 --- [predictive-maintenance-backend] [MessageBroker-17] c.p.p.w.service.MachineStreamingService  : Stored prediction history for machine 10
2026-05-29T12:41:49.914+01:00 DEBUG 5656 --- [predictive-maintenance-backend] [MessageBroker-17] c.p.p.w.service.MachineStreamingService  : Streamed dataset-driven telemetry for 1 machines
2026-05-29T12:41:49.915+01:00 DEBUG 5656 --- [predictive-maintenance-backend] [MessageBroker-17] org.hibernate.SQL                        : 
    update
        machines 
    set
        category=?,
        description=?,
        installation_date=?,
        last_maintenance_date=?,
        last_modified_date=?,
        location=?,
        manufacturer=?,
        model=?,
        name=?,
        next_maintenance_date=?,
        operating_hours=?,
        photo_content_type=?,
        photo_path=?,
        risk_score=?,
        serial_number=?,
        status=?,
        sub_category=? 
    where
        id=?
2026-05-29T12:41:51.759+01:00 DEBUG 5656 --- [predictive-maintenance-backend] [MessageBroker-17] org.hibernate.SQL                        : 
    select
        m1_0.id,
        m1_0.category,
        m1_0.created_date,
        m1_0.description,
        m1_0.installation_date,
        m1_0.last_maintenance_date,
        m1_0.last_modified_date,
        m1_0.location,
        m1_0.manufacturer,
        m1_0.model,
        m1_0.name,
        m1_0.next_maintenance_date,
        m1_0.operating_hours,
        m1_0.photo_content_type,
        m1_0.photo_path,
        m1_0.risk_score,
        m1_0.serial_number,
        m1_0.status,
        m1_0.sub_category 
    from
        machines m1_0
2026-05-29T12:41:51.762+01:00 DEBUG 5656 --- [predictive-maintenance-backend] [MessageBroker-17] org.hibernate.SQL                        : 
    insert 
    into
        sensor_telemetry
        (created_at, machine_id, sensor1, sensor10, sensor11, sensor12, sensor13, sensor14, sensor15, sensor16, sensor17, sensor18, sensor19, sensor2, sensor20, sensor21, sensor3, sensor4, sensor5, sensor6, sensor7, sensor8, sensor9, setting1, setting2, setting3, timestamp) 
    values
        (?, ?, ?, ?, ?, ?, ?, ?, ?, ?, ?, ?, ?, ?, ?, ?, ?, ?, ?, ?, ?, ?, ?, ?, ?, ?, ?)
2026-05-29T12:41:51.764+01:00 DEBUG 5656 --- [predictive-maintenance-backend] [MessageBroker-17] c.p.p.ml.service.MLServiceClient         : Calling ML service for machine 10: http://localhost:8000/predict
2026-05-29T12:41:51.930+01:00 DEBUG 5656 --- [predictive-maintenance-backend] [MessageBroker-17] c.p.p.ml.service.MLServiceClient         : ML prediction received for machine 10: RUL=90.37, anomaly=0.28, risk=MEDIUM
2026-05-29T12:41:51.931+01:00 DEBUG 5656 --- [predictive-maintenance-backend] [MessageBroker-17] org.hibernate.SQL                        : 
    insert 
    into
        prediction_history
        (ambient_temperature, anomaly_probability, anomaly_type, bearing_wear, confidence_score, created_at, current, efficiency_score, failure_probability, fatigue_index, health, load_factor, lubrication_level, machine_id, ml_prediction_available, operating_speed, power_consumption, predicted_failure_type, predicted_rul, pressure, recommended_action, remaining_useful_life, requires_immediate_action, risk_level, risk_score, severity, temperature, thermal_stress, timestamp, vibration, voltage) 
    values
        (?, ?, ?, ?, ?, ?, ?, ?, ?, ?, ?, ?, ?, ?, ?, ?, ?, ?, ?, ?, ?, ?, ?, ?, ?, ?, ?, ?, ?, ?, ?)
2026-05-29T12:41:51.933+01:00 DEBUG 5656 --- [predictive-maintenance-backend] [MessageBroker-17] c.p.p.w.service.MachineStreamingService  : Stored prediction history for machine 10
2026-05-29T12:41:51.934+01:00 DEBUG 5656 --- [predictive-maintenance-backend] [MessageBroker-17] c.p.p.w.service.MachineStreamingService  : Streamed dataset-driven telemetry for 1 machines
2026-05-29T12:41:51.937+01:00 DEBUG 5656 --- [predictive-maintenance-backend] [MessageBroker-17] org.hibernate.SQL                        : 
    update
        machines 
    set
        category=?,
        description=?,
        installation_date=?,
        last_maintenance_date=?,
        last_modified_date=?,
        location=?,
        manufacturer=?,
        model=?,
        name=?,
        next_maintenance_date=?,
        operating_hours=?,
        photo_content_type=?,
        photo_path=?,
        risk_score=?,
        serial_number=?,
        status=?,
        sub_category=? 
    where
        id=?
2026-05-29T12:41:53.753+01:00 DEBUG 5656 --- [predictive-maintenance-backend] [MessageBroker-17] org.hibernate.SQL                        : 
    select
        m1_0.id,
        m1_0.category,
        m1_0.created_date,
        m1_0.description,
        m1_0.installation_date,
        m1_0.last_maintenance_date,
        m1_0.last_modified_date,
        m1_0.location,
        m1_0.manufacturer,
        m1_0.model,
        m1_0.name,
        m1_0.next_maintenance_date,
        m1_0.operating_hours,
        m1_0.photo_content_type,
        m1_0.photo_path,
        m1_0.risk_score,
        m1_0.serial_number,
        m1_0.status,
        m1_0.sub_category 
    from
        machines m1_0
2026-05-29T12:41:53.755+01:00 DEBUG 5656 --- [predictive-maintenance-backend] [MessageBroker-17] org.hibernate.SQL                        : 
    insert 
    into
        sensor_telemetry
        (created_at, machine_id, sensor1, sensor10, sensor11, sensor12, sensor13, sensor14, sensor15, sensor16, sensor17, sensor18, sensor19, sensor2, sensor20, sensor21, sensor3, sensor4, sensor5, sensor6, sensor7, sensor8, sensor9, setting1, setting2, setting3, timestamp) 
    values
        (?, ?, ?, ?, ?, ?, ?, ?, ?, ?, ?, ?, ?, ?, ?, ?, ?, ?, ?, ?, ?, ?, ?, ?, ?, ?, ?)
2026-05-29T12:41:53.756+01:00 DEBUG 5656 --- [predictive-maintenance-backend] [MessageBroker-17] c.p.p.ml.service.MLServiceClient         : Calling ML service for machine 10: http://localhost:8000/predict
2026-05-29T12:41:53.900+01:00 DEBUG 5656 --- [predictive-maintenance-backend] [MessageBroker-17] c.p.p.ml.service.MLServiceClient         : ML prediction received for machine 10: RUL=91.82, anomaly=0.279, risk=MEDIUM
2026-05-29T12:41:53.902+01:00 DEBUG 5656 --- [predictive-maintenance-backend] [MessageBroker-17] org.hibernate.SQL                        : 
    insert 
    into
        prediction_history
        (ambient_temperature, anomaly_probability, anomaly_type, bearing_wear, confidence_score, created_at, current, efficiency_score, failure_probability, fatigue_index, health, load_factor, lubrication_level, machine_id, ml_prediction_available, operating_speed, power_consumption, predicted_failure_type, predicted_rul, pressure, recommended_action, remaining_useful_life, requires_immediate_action, risk_level, risk_score, severity, temperature, thermal_stress, timestamp, vibration, voltage) 
    values
        (?, ?, ?, ?, ?, ?, ?, ?, ?, ?, ?, ?, ?, ?, ?, ?, ?, ?, ?, ?, ?, ?, ?, ?, ?, ?, ?, ?, ?, ?, ?)
2026-05-29T12:41:53.904+01:00 DEBUG 5656 --- [predictive-maintenance-backend] [MessageBroker-17] c.p.p.w.service.MachineStreamingService  : Stored prediction history for machine 10
2026-05-29T12:41:53.905+01:00 DEBUG 5656 --- [predictive-maintenance-backend] [MessageBroker-17] c.p.p.w.service.MachineStreamingService  : Streamed dataset-driven telemetry for 1 machines
2026-05-29T12:41:53.906+01:00 DEBUG 5656 --- [predictive-maintenance-backend] [MessageBroker-17] org.hibernate.SQL                        : 
    update
        machines 
    set
        category=?,
        description=?,
        installation_date=?,
        last_maintenance_date=?,
        last_modified_date=?,
        location=?,
        manufacturer=?,
        model=?,
        name=?,
        next_maintenance_date=?,
        operating_hours=?,
        photo_content_type=?,
        photo_path=?,
        risk_score=?,
        serial_number=?,
        status=?,
        sub_category=? 
    where
        id=?
2026-05-29T12:41:55.753+01:00 DEBUG 5656 --- [predictive-maintenance-backend] [MessageBroker-10] org.hibernate.SQL                        : 
    select
        m1_0.id,
        m1_0.category,
        m1_0.created_date,
        m1_0.description,
        m1_0.installation_date,
        m1_0.last_maintenance_date,
        m1_0.last_modified_date,
        m1_0.location,
        m1_0.manufacturer,
        m1_0.model,
        m1_0.name,
        m1_0.next_maintenance_date,
        m1_0.operating_hours,
        m1_0.photo_content_type,
        m1_0.photo_path,
        m1_0.risk_score,
        m1_0.serial_number,
        m1_0.status,
        m1_0.sub_category 
    from
        machines m1_0
2026-05-29T12:41:55.756+01:00 DEBUG 5656 --- [predictive-maintenance-backend] [MessageBroker-10] org.hibernate.SQL                        : 
    insert 
    into
        sensor_telemetry
        (created_at, machine_id, sensor1, sensor10, sensor11, sensor12, sensor13, sensor14, sensor15, sensor16, sensor17, sensor18, sensor19, sensor2, sensor20, sensor21, sensor3, sensor4, sensor5, sensor6, sensor7, sensor8, sensor9, setting1, setting2, setting3, timestamp) 
    values
        (?, ?, ?, ?, ?, ?, ?, ?, ?, ?, ?, ?, ?, ?, ?, ?, ?, ?, ?, ?, ?, ?, ?, ?, ?, ?, ?)
2026-05-29T12:41:55.757+01:00 DEBUG 5656 --- [predictive-maintenance-backend] [MessageBroker-10] c.p.p.ml.service.MLServiceClient         : Calling ML service for machine 10: http://localhost:8000/predict
2026-05-29T12:41:55.911+01:00 DEBUG 5656 --- [predictive-maintenance-backend] [MessageBroker-10] c.p.p.ml.service.MLServiceClient         : ML prediction received for machine 10: RUL=93.29, anomaly=0.278, risk=MEDIUM
2026-05-29T12:41:55.911+01:00 DEBUG 5656 --- [predictive-maintenance-backend] [MessageBroker-10] org.hibernate.SQL                        : 
    insert 
    into
        prediction_history
        (ambient_temperature, anomaly_probability, anomaly_type, bearing_wear, confidence_score, created_at, current, efficiency_score, failure_probability, fatigue_index, health, load_factor, lubrication_level, machine_id, ml_prediction_available, operating_speed, power_consumption, predicted_failure_type, predicted_rul, pressure, recommended_action, remaining_useful_life, requires_immediate_action, risk_level, risk_score, severity, temperature, thermal_stress, timestamp, vibration, voltage) 
    values
        (?, ?, ?, ?, ?, ?, ?, ?, ?, ?, ?, ?, ?, ?, ?, ?, ?, ?, ?, ?, ?, ?, ?, ?, ?, ?, ?, ?, ?, ?, ?)
2026-05-29T12:41:55.914+01:00 DEBUG 5656 --- [predictive-maintenance-backend] [MessageBroker-10] c.p.p.w.service.MachineStreamingService  : Stored prediction history for machine 10
2026-05-29T12:41:55.915+01:00 DEBUG 5656 --- [predictive-maintenance-backend] [MessageBroker-10] c.p.p.w.service.MachineStreamingService  : Streamed dataset-driven telemetry for 1 machines
2026-05-29T12:41:55.916+01:00 DEBUG 5656 --- [predictive-maintenance-backend] [MessageBroker-10] org.hibernate.SQL                        : 
    update
        machines 
    set
        category=?,
        description=?,
        installation_date=?,
        last_maintenance_date=?,
        last_modified_date=?,
        location=?,
        manufacturer=?,
        model=?,
        name=?,
        next_maintenance_date=?,
        operating_hours=?,
        photo_content_type=?,
        photo_path=?,
        risk_score=?,
        serial_number=?,
        status=?,
        sub_category=? 
    where
        id=?
2026-05-29T12:41:57.758+01:00 DEBUG 5656 --- [predictive-maintenance-backend] [MessageBroker-10] org.hibernate.SQL                        : 
    select
        m1_0.id,
        m1_0.category,
        m1_0.created_date,
        m1_0.description,
        m1_0.installation_date,
        m1_0.last_maintenance_date,
        m1_0.last_modified_date,
        m1_0.location,
        m1_0.manufacturer,
        m1_0.model,
        m1_0.name,
        m1_0.next_maintenance_date,
        m1_0.operating_hours,
        m1_0.photo_content_type,
        m1_0.photo_path,
        m1_0.risk_score,
        m1_0.serial_number,
        m1_0.status,
        m1_0.sub_category 
    from
        machines m1_0
2026-05-29T12:41:57.763+01:00 DEBUG 5656 --- [predictive-maintenance-backend] [MessageBroker-10] org.hibernate.SQL                        : 
    insert 
    into
        sensor_telemetry
        (created_at, machine_id, sensor1, sensor10, sensor11, sensor12, sensor13, sensor14, sensor15, sensor16, sensor17, sensor18, sensor19, sensor2, sensor20, sensor21, sensor3, sensor4, sensor5, sensor6, sensor7, sensor8, sensor9, setting1, setting2, setting3, timestamp) 
    values
        (?, ?, ?, ?, ?, ?, ?, ?, ?, ?, ?, ?, ?, ?, ?, ?, ?, ?, ?, ?, ?, ?, ?, ?, ?, ?, ?)
2026-05-29T12:41:57.765+01:00 DEBUG 5656 --- [predictive-maintenance-backend] [MessageBroker-10] c.p.p.ml.service.MLServiceClient         : Calling ML service for machine 10: http://localhost:8000/predict
2026-05-29T12:41:57.935+01:00 DEBUG 5656 --- [predictive-maintenance-backend] [MessageBroker-10] c.p.p.ml.service.MLServiceClient         : ML prediction received for machine 10: RUL=94.76, anomaly=0.277, risk=MEDIUM
2026-05-29T12:41:57.937+01:00 DEBUG 5656 --- [predictive-maintenance-backend] [MessageBroker-10] org.hibernate.SQL                        : 
    insert 
    into
        prediction_history
        (ambient_temperature, anomaly_probability, anomaly_type, bearing_wear, confidence_score, created_at, current, efficiency_score, failure_probability, fatigue_index, health, load_factor, lubrication_level, machine_id, ml_prediction_available, operating_speed, power_consumption, predicted_failure_type, predicted_rul, pressure, recommended_action, remaining_useful_life, requires_immediate_action, risk_level, risk_score, severity, temperature, thermal_stress, timestamp, vibration, voltage) 
    values
        (?, ?, ?, ?, ?, ?, ?, ?, ?, ?, ?, ?, ?, ?, ?, ?, ?, ?, ?, ?, ?, ?, ?, ?, ?, ?, ?, ?, ?, ?, ?)
2026-05-29T12:41:57.940+01:00 DEBUG 5656 --- [predictive-maintenance-backend] [MessageBroker-10] c.p.p.w.service.MachineStreamingService  : Stored prediction history for machine 10
2026-05-29T12:41:57.942+01:00 DEBUG 5656 --- [predictive-maintenance-backend] [MessageBroker-10] c.p.p.w.service.MachineStreamingService  : Streamed dataset-driven telemetry for 1 machines
2026-05-29T12:41:57.944+01:00 DEBUG 5656 --- [predictive-maintenance-backend] [MessageBroker-10] org.hibernate.SQL                        : 
    update
        machines 
    set
        category=?,
        description=?,
        installation_date=?,
        last_maintenance_date=?,
        last_modified_date=?,
        location=?,
        manufacturer=?,
        model=?,
        name=?,
        next_maintenance_date=?,
        operating_hours=?,
        photo_content_type=?,
        photo_path=?,
        risk_score=?,
        serial_number=?,
        status=?,
        sub_category=? 
    where
        id=?
2026-05-29T12:41:59.753+01:00 DEBUG 5656 --- [predictive-maintenance-backend] [MessageBroker-18] org.hibernate.SQL                        : 
    select
        m1_0.id,
        m1_0.category,
        m1_0.created_date,
        m1_0.description,
        m1_0.installation_date,
        m1_0.last_maintenance_date,
        m1_0.last_modified_date,
        m1_0.location,
        m1_0.manufacturer,
        m1_0.model,
        m1_0.name,
        m1_0.next_maintenance_date,
        m1_0.operating_hours,
        m1_0.photo_content_type,
        m1_0.photo_path,
        m1_0.risk_score,
        m1_0.serial_number,
        m1_0.status,
        m1_0.sub_category 
    from
        machines m1_0
2026-05-29T12:41:59.757+01:00 DEBUG 5656 --- [predictive-maintenance-backend] [MessageBroker-18] org.hibernate.SQL                        : 
    insert 
    into
        sensor_telemetry
        (created_at, machine_id, sensor1, sensor10, sensor11, sensor12, sensor13, sensor14, sensor15, sensor16, sensor17, sensor18, sensor19, sensor2, sensor20, sensor21, sensor3, sensor4, sensor5, sensor6, sensor7, sensor8, sensor9, setting1, setting2, setting3, timestamp) 
    values
        (?, ?, ?, ?, ?, ?, ?, ?, ?, ?, ?, ?, ?, ?, ?, ?, ?, ?, ?, ?, ?, ?, ?, ?, ?, ?, ?)
2026-05-29T12:41:59.759+01:00 DEBUG 5656 --- [predictive-maintenance-backend] [MessageBroker-18] c.p.p.ml.service.MLServiceClient         : Calling ML service for machine 10: http://localhost:8000/predict
2026-05-29T12:41:59.905+01:00 DEBUG 5656 --- [predictive-maintenance-backend] [MessageBroker-18] c.p.p.ml.service.MLServiceClient         : ML prediction received for machine 10: RUL=96.54, anomaly=0.277, risk=MEDIUM
2026-05-29T12:41:59.906+01:00 DEBUG 5656 --- [predictive-maintenance-backend] [MessageBroker-18] org.hibernate.SQL                        : 
    insert 
    into
        prediction_history
        (ambient_temperature, anomaly_probability, anomaly_type, bearing_wear, confidence_score, created_at, current, efficiency_score, failure_probability, fatigue_index, health, load_factor, lubrication_level, machine_id, ml_prediction_available, operating_speed, power_consumption, predicted_failure_type, predicted_rul, pressure, recommended_action, remaining_useful_life, requires_immediate_action, risk_level, risk_score, severity, temperature, thermal_stress, timestamp, vibration, voltage) 
    values
        (?, ?, ?, ?, ?, ?, ?, ?, ?, ?, ?, ?, ?, ?, ?, ?, ?, ?, ?, ?, ?, ?, ?, ?, ?, ?, ?, ?, ?, ?, ?)
2026-05-29T12:41:59.907+01:00 DEBUG 5656 --- [predictive-maintenance-backend] [MessageBroker-18] c.p.p.w.service.MachineStreamingService  : Stored prediction history for machine 10
2026-05-29T12:41:59.908+01:00 DEBUG 5656 --- [predictive-maintenance-backend] [MessageBroker-18] c.p.p.w.service.MachineStreamingService  : Streamed dataset-driven telemetry for 1 machines
2026-05-29T12:41:59.909+01:00 DEBUG 5656 --- [predictive-maintenance-backend] [MessageBroker-18] org.hibernate.SQL                        : 
    update
        machines 
    set
        category=?,
        description=?,
        installation_date=?,
        last_maintenance_date=?,
        last_modified_date=?,
        location=?,
        manufacturer=?,
        model=?,
        name=?,
        next_maintenance_date=?,
        operating_hours=?,
        photo_content_type=?,
        photo_path=?,
        risk_score=?,
        serial_number=?,
        status=?,
        sub_category=? 
    where
        id=?
2026-05-29T12:42:01.752+01:00 DEBUG 5656 --- [predictive-maintenance-backend] [MessageBroker-18] org.hibernate.SQL                        : 
    select
        m1_0.id,
        m1_0.category,
        m1_0.created_date,
        m1_0.description,
        m1_0.installation_date,
        m1_0.last_maintenance_date,
        m1_0.last_modified_date,
        m1_0.location,
        m1_0.manufacturer,
        m1_0.model,
        m1_0.name,
        m1_0.next_maintenance_date,
        m1_0.operating_hours,
        m1_0.photo_content_type,
        m1_0.photo_path,
        m1_0.risk_score,
        m1_0.serial_number,
        m1_0.status,
        m1_0.sub_category 
    from
        machines m1_0
2026-05-29T12:42:01.754+01:00 DEBUG 5656 --- [predictive-maintenance-backend] [MessageBroker-18] org.hibernate.SQL                        : 
    insert 
    into
        sensor_telemetry
        (created_at, machine_id, sensor1, sensor10, sensor11, sensor12, sensor13, sensor14, sensor15, sensor16, sensor17, sensor18, sensor19, sensor2, sensor20, sensor21, sensor3, sensor4, sensor5, sensor6, sensor7, sensor8, sensor9, setting1, setting2, setting3, timestamp) 
    values
        (?, ?, ?, ?, ?, ?, ?, ?, ?, ?, ?, ?, ?, ?, ?, ?, ?, ?, ?, ?, ?, ?, ?, ?, ?, ?, ?)
2026-05-29T12:42:01.755+01:00 DEBUG 5656 --- [predictive-maintenance-backend] [MessageBroker-18] c.p.p.ml.service.MLServiceClient         : Calling ML service for machine 10: http://localhost:8000/predict
2026-05-29T12:42:01.919+01:00 DEBUG 5656 --- [predictive-maintenance-backend] [MessageBroker-18] c.p.p.ml.service.MLServiceClient         : ML prediction received for machine 10: RUL=98.15, anomaly=0.277, risk=LOW
2026-05-29T12:42:01.921+01:00 DEBUG 5656 --- [predictive-maintenance-backend] [MessageBroker-18] org.hibernate.SQL                        : 
    insert 
    into
        prediction_history
        (ambient_temperature, anomaly_probability, anomaly_type, bearing_wear, confidence_score, created_at, current, efficiency_score, failure_probability, fatigue_index, health, load_factor, lubrication_level, machine_id, ml_prediction_available, operating_speed, power_consumption, predicted_failure_type, predicted_rul, pressure, recommended_action, remaining_useful_life, requires_immediate_action, risk_level, risk_score, severity, temperature, thermal_stress, timestamp, vibration, voltage) 
    values
        (?, ?, ?, ?, ?, ?, ?, ?, ?, ?, ?, ?, ?, ?, ?, ?, ?, ?, ?, ?, ?, ?, ?, ?, ?, ?, ?, ?, ?, ?, ?)
2026-05-29T12:42:01.928+01:00 DEBUG 5656 --- [predictive-maintenance-backend] [MessageBroker-18] c.p.p.w.service.MachineStreamingService  : Stored prediction history for machine 10
2026-05-29T12:42:01.930+01:00 DEBUG 5656 --- [predictive-maintenance-backend] [MessageBroker-18] c.p.p.w.service.MachineStreamingService  : Streamed dataset-driven telemetry for 1 machines
2026-05-29T12:42:01.933+01:00 DEBUG 5656 --- [predictive-maintenance-backend] [MessageBroker-18] org.hibernate.SQL                        : 
    update
        machines 
    set
        category=?,
        description=?,
        installation_date=?,
        last_maintenance_date=?,
        last_modified_date=?,
        location=?,
        manufacturer=?,
        model=?,
        name=?,
        next_maintenance_date=?,
        operating_hours=?,
        photo_content_type=?,
        photo_path=?,
        risk_score=?,
        serial_number=?,
        status=?,
        sub_category=? 
    where
        id=?
2026-05-29T12:42:03.760+01:00 DEBUG 5656 --- [predictive-maintenance-backend] [MessageBroker-18] org.hibernate.SQL                        : 
    select
        m1_0.id,
        m1_0.category,
        m1_0.created_date,
        m1_0.description,
        m1_0.installation_date,
        m1_0.last_maintenance_date,
        m1_0.last_modified_date,
        m1_0.location,
        m1_0.manufacturer,
        m1_0.model,
        m1_0.name,
        m1_0.next_maintenance_date,
        m1_0.operating_hours,
        m1_0.photo_content_type,
        m1_0.photo_path,
        m1_0.risk_score,
        m1_0.serial_number,
        m1_0.status,
        m1_0.sub_category 
    from
        machines m1_0
2026-05-29T12:42:03.761+01:00 DEBUG 5656 --- [predictive-maintenance-backend] [MessageBroker-18] org.hibernate.SQL                        : 
    insert 
    into
        sensor_telemetry
        (created_at, machine_id, sensor1, sensor10, sensor11, sensor12, sensor13, sensor14, sensor15, sensor16, sensor17, sensor18, sensor19, sensor2, sensor20, sensor21, sensor3, sensor4, sensor5, sensor6, sensor7, sensor8, sensor9, setting1, setting2, setting3, timestamp) 
    values
        (?, ?, ?, ?, ?, ?, ?, ?, ?, ?, ?, ?, ?, ?, ?, ?, ?, ?, ?, ?, ?, ?, ?, ?, ?, ?, ?)
2026-05-29T12:42:03.762+01:00 DEBUG 5656 --- [predictive-maintenance-backend] [MessageBroker-18] c.p.p.ml.service.MLServiceClient         : Calling ML service for machine 10: http://localhost:8000/predict
2026-05-29T12:42:03.814+01:00 DEBUG 5656 --- [predictive-maintenance-backend] [MessageBroker-18] c.p.p.ml.service.MLServiceClient         : ML prediction received for machine 10: RUL=100.62, anomaly=0.277, risk=LOW
2026-05-29T12:42:03.816+01:00 DEBUG 5656 --- [predictive-maintenance-backend] [MessageBroker-18] org.hibernate.SQL                        : 
    insert 
    into
        prediction_history
        (ambient_temperature, anomaly_probability, anomaly_type, bearing_wear, confidence_score, created_at, current, efficiency_score, failure_probability, fatigue_index, health, load_factor, lubrication_level, machine_id, ml_prediction_available, operating_speed, power_consumption, predicted_failure_type, predicted_rul, pressure, recommended_action, remaining_useful_life, requires_immediate_action, risk_level, risk_score, severity, temperature, thermal_stress, timestamp, vibration, voltage) 
    values
        (?, ?, ?, ?, ?, ?, ?, ?, ?, ?, ?, ?, ?, ?, ?, ?, ?, ?, ?, ?, ?, ?, ?, ?, ?, ?, ?, ?, ?, ?, ?)
2026-05-29T12:42:03.818+01:00 DEBUG 5656 --- [predictive-maintenance-backend] [MessageBroker-18] c.p.p.w.service.MachineStreamingService  : Stored prediction history for machine 10
2026-05-29T12:42:03.818+01:00 DEBUG 5656 --- [predictive-maintenance-backend] [MessageBroker-18] c.p.p.w.service.MachineStreamingService  : Streamed dataset-driven telemetry for 1 machines
2026-05-29T12:42:03.819+01:00 DEBUG 5656 --- [predictive-maintenance-backend] [MessageBroker-18] org.hibernate.SQL                        : 
    update
        machines 
    set
        category=?,
        description=?,
        installation_date=?,
        last_maintenance_date=?,
        last_modified_date=?,
        location=?,
        manufacturer=?,
        model=?,
        name=?,
        next_maintenance_date=?,
        operating_hours=?,
        photo_content_type=?,
        photo_path=?,
        risk_score=?,
        serial_number=?,
        status=?,
        sub_category=? 
    where
        id=?
2026-05-29T12:42:05.754+01:00 DEBUG 5656 --- [predictive-maintenance-backend] [MessageBroker-11] org.hibernate.SQL                        : 
    select
        m1_0.id,
        m1_0.category,
        m1_0.created_date,
        m1_0.description,
        m1_0.installation_date,
        m1_0.last_maintenance_date,
        m1_0.last_modified_date,
        m1_0.location,
        m1_0.manufacturer,
        m1_0.model,
        m1_0.name,
        m1_0.next_maintenance_date,
        m1_0.operating_hours,
        m1_0.photo_content_type,
        m1_0.photo_path,
        m1_0.risk_score,
        m1_0.serial_number,
        m1_0.status,
        m1_0.sub_category 
    from
        machines m1_0
2026-05-29T12:42:05.756+01:00 DEBUG 5656 --- [predictive-maintenance-backend] [MessageBroker-11] org.hibernate.SQL                        : 
    insert 
    into
        sensor_telemetry
        (created_at, machine_id, sensor1, sensor10, sensor11, sensor12, sensor13, sensor14, sensor15, sensor16, sensor17, sensor18, sensor19, sensor2, sensor20, sensor21, sensor3, sensor4, sensor5, sensor6, sensor7, sensor8, sensor9, setting1, setting2, setting3, timestamp) 
    values
        (?, ?, ?, ?, ?, ?, ?, ?, ?, ?, ?, ?, ?, ?, ?, ?, ?, ?, ?, ?, ?, ?, ?, ?, ?, ?, ?)
2026-05-29T12:42:05.757+01:00 DEBUG 5656 --- [predictive-maintenance-backend] [MessageBroker-11] c.p.p.ml.service.MLServiceClient         : Calling ML service for machine 10: http://localhost:8000/predict
2026-05-29T12:42:05.810+01:00 DEBUG 5656 --- [predictive-maintenance-backend] [MessageBroker-11] c.p.p.ml.service.MLServiceClient         : ML prediction received for machine 10: RUL=101.7, anomaly=0.265, risk=LOW
2026-05-29T12:42:05.811+01:00 DEBUG 5656 --- [predictive-maintenance-backend] [MessageBroker-11] org.hibernate.SQL                        : 
    insert 
    into
        prediction_history
        (ambient_temperature, anomaly_probability, anomaly_type, bearing_wear, confidence_score, created_at, current, efficiency_score, failure_probability, fatigue_index, health, load_factor, lubrication_level, machine_id, ml_prediction_available, operating_speed, power_consumption, predicted_failure_type, predicted_rul, pressure, recommended_action, remaining_useful_life, requires_immediate_action, risk_level, risk_score, severity, temperature, thermal_stress, timestamp, vibration, voltage) 
    values
        (?, ?, ?, ?, ?, ?, ?, ?, ?, ?, ?, ?, ?, ?, ?, ?, ?, ?, ?, ?, ?, ?, ?, ?, ?, ?, ?, ?, ?, ?, ?)
2026-05-29T12:42:05.813+01:00 DEBUG 5656 --- [predictive-maintenance-backend] [MessageBroker-11] c.p.p.w.service.MachineStreamingService  : Stored prediction history for machine 10
2026-05-29T12:42:05.813+01:00 DEBUG 5656 --- [predictive-maintenance-backend] [MessageBroker-11] c.p.p.w.service.MachineStreamingService  : Streamed dataset-driven telemetry for 1 machines
2026-05-29T12:42:05.814+01:00 DEBUG 5656 --- [predictive-maintenance-backend] [MessageBroker-11] org.hibernate.SQL                        : 
    update
        machines 
    set
        category=?,
        description=?,
        installation_date=?,
        last_maintenance_date=?,
        last_modified_date=?,
        location=?,
        manufacturer=?,
        model=?,
        name=?,
        next_maintenance_date=?,
        operating_hours=?,
        photo_content_type=?,
        photo_path=?,
        risk_score=?,
        serial_number=?,
        status=?,
        sub_category=? 
    where
        id=?
2026-05-29T12:42:07.756+01:00 DEBUG 5656 --- [predictive-maintenance-backend] [MessageBroker-11] org.hibernate.SQL                        : 
    select
        m1_0.id,
        m1_0.category,
        m1_0.created_date,
        m1_0.description,
        m1_0.installation_date,
        m1_0.last_maintenance_date,
        m1_0.last_modified_date,
        m1_0.location,
        m1_0.manufacturer,
        m1_0.model,
        m1_0.name,
        m1_0.next_maintenance_date,
        m1_0.operating_hours,
        m1_0.photo_content_type,
        m1_0.photo_path,
        m1_0.risk_score,
        m1_0.serial_number,
        m1_0.status,
        m1_0.sub_category 
    from
        machines m1_0
2026-05-29T12:42:07.757+01:00 DEBUG 5656 --- [predictive-maintenance-backend] [MessageBroker-11] org.hibernate.SQL                        : 
    insert 
    into
        sensor_telemetry
        (created_at, machine_id, sensor1, sensor10, sensor11, sensor12, sensor13, sensor14, sensor15, sensor16, sensor17, sensor18, sensor19, sensor2, sensor20, sensor21, sensor3, sensor4, sensor5, sensor6, sensor7, sensor8, sensor9, setting1, setting2, setting3, timestamp) 
    values
        (?, ?, ?, ?, ?, ?, ?, ?, ?, ?, ?, ?, ?, ?, ?, ?, ?, ?, ?, ?, ?, ?, ?, ?, ?, ?, ?)
2026-05-29T12:42:07.758+01:00 DEBUG 5656 --- [predictive-maintenance-backend] [MessageBroker-11] c.p.p.ml.service.MLServiceClient         : Calling ML service for machine 10: http://localhost:8000/predict
2026-05-29T12:42:07.811+01:00 DEBUG 5656 --- [predictive-maintenance-backend] [MessageBroker-11] c.p.p.ml.service.MLServiceClient         : ML prediction received for machine 10: RUL=103.38, anomaly=0.148, risk=LOW
2026-05-29T12:42:07.811+01:00 DEBUG 5656 --- [predictive-maintenance-backend] [MessageBroker-11] org.hibernate.SQL                        : 
    insert 
    into
        prediction_history
        (ambient_temperature, anomaly_probability, anomaly_type, bearing_wear, confidence_score, created_at, current, efficiency_score, failure_probability, fatigue_index, health, load_factor, lubrication_level, machine_id, ml_prediction_available, operating_speed, power_consumption, predicted_failure_type, predicted_rul, pressure, recommended_action, remaining_useful_life, requires_immediate_action, risk_level, risk_score, severity, temperature, thermal_stress, timestamp, vibration, voltage) 
    values
        (?, ?, ?, ?, ?, ?, ?, ?, ?, ?, ?, ?, ?, ?, ?, ?, ?, ?, ?, ?, ?, ?, ?, ?, ?, ?, ?, ?, ?, ?, ?)
2026-05-29T12:42:07.813+01:00 DEBUG 5656 --- [predictive-maintenance-backend] [MessageBroker-11] c.p.p.w.service.MachineStreamingService  : Stored prediction history for machine 10
2026-05-29T12:42:07.814+01:00 DEBUG 5656 --- [predictive-maintenance-backend] [MessageBroker-11] c.p.p.w.service.MachineStreamingService  : Streamed dataset-driven telemetry for 1 machines
2026-05-29T12:42:07.814+01:00 DEBUG 5656 --- [predictive-maintenance-backend] [MessageBroker-11] org.hibernate.SQL                        : 
    update
        machines 
    set
        category=?,
        description=?,
        installation_date=?,
        last_maintenance_date=?,
        last_modified_date=?,
        location=?,
        manufacturer=?,
        model=?,
        name=?,
        next_maintenance_date=?,
        operating_hours=?,
        photo_content_type=?,
        photo_path=?,
        risk_score=?,
        serial_number=?,
        status=?,
        sub_category=? 
    where
        id=?
2026-05-29T12:42:09.763+01:00 DEBUG 5656 --- [predictive-maintenance-backend] [MessageBroker-4] org.hibernate.SQL                        : 
    select
        m1_0.id,
        m1_0.category,
        m1_0.created_date,
        m1_0.description,
        m1_0.installation_date,
        m1_0.last_maintenance_date,
        m1_0.last_modified_date,
        m1_0.location,
        m1_0.manufacturer,
        m1_0.model,
        m1_0.name,
        m1_0.next_maintenance_date,
        m1_0.operating_hours,
        m1_0.photo_content_type,
        m1_0.photo_path,
        m1_0.risk_score,
        m1_0.serial_number,
        m1_0.status,
        m1_0.sub_category 
    from
        machines m1_0
2026-05-29T12:42:09.764+01:00 DEBUG 5656 --- [predictive-maintenance-backend] [MessageBroker-4] org.hibernate.SQL                        : 
    insert 
    into
        sensor_telemetry
        (created_at, machine_id, sensor1, sensor10, sensor11, sensor12, sensor13, sensor14, sensor15, sensor16, sensor17, sensor18, sensor19, sensor2, sensor20, sensor21, sensor3, sensor4, sensor5, sensor6, sensor7, sensor8, sensor9, setting1, setting2, setting3, timestamp) 
    values
        (?, ?, ?, ?, ?, ?, ?, ?, ?, ?, ?, ?, ?, ?, ?, ?, ?, ?, ?, ?, ?, ?, ?, ?, ?, ?, ?)
2026-05-29T12:42:09.766+01:00 DEBUG 5656 --- [predictive-maintenance-backend] [MessageBroker-4] c.p.p.ml.service.MLServiceClient         : Calling ML service for machine 10: http://localhost:8000/predict
2026-05-29T12:42:09.804+01:00 DEBUG 5656 --- [predictive-maintenance-backend] [MessageBroker-4] c.p.p.ml.service.MLServiceClient         : ML prediction received for machine 10: RUL=102.86, anomaly=0.269, risk=LOW
2026-05-29T12:42:09.805+01:00 DEBUG 5656 --- [predictive-maintenance-backend] [MessageBroker-4] org.hibernate.SQL                        : 
    insert 
    into
        prediction_history
        (ambient_temperature, anomaly_probability, anomaly_type, bearing_wear, confidence_score, created_at, current, efficiency_score, failure_probability, fatigue_index, health, load_factor, lubrication_level, machine_id, ml_prediction_available, operating_speed, power_consumption, predicted_failure_type, predicted_rul, pressure, recommended_action, remaining_useful_life, requires_immediate_action, risk_level, risk_score, severity, temperature, thermal_stress, timestamp, vibration, voltage) 
    values
        (?, ?, ?, ?, ?, ?, ?, ?, ?, ?, ?, ?, ?, ?, ?, ?, ?, ?, ?, ?, ?, ?, ?, ?, ?, ?, ?, ?, ?, ?, ?)
2026-05-29T12:42:09.807+01:00 DEBUG 5656 --- [predictive-maintenance-backend] [MessageBroker-4] c.p.p.w.service.MachineStreamingService  : Stored prediction history for machine 10
2026-05-29T12:42:09.807+01:00 DEBUG 5656 --- [predictive-maintenance-backend] [MessageBroker-4] c.p.p.w.service.MachineStreamingService  : Streamed dataset-driven telemetry for 1 machines
2026-05-29T12:42:09.809+01:00 DEBUG 5656 --- [predictive-maintenance-backend] [MessageBroker-4] org.hibernate.SQL                        : 
    update
        machines 
    set
        category=?,
        description=?,
        installation_date=?,
        last_maintenance_date=?,
        last_modified_date=?,
        location=?,
        manufacturer=?,
        model=?,
        name=?,
        next_maintenance_date=?,
        operating_hours=?,
        photo_content_type=?,
        photo_path=?,
        risk_score=?,
        serial_number=?,
        status=?,
        sub_category=? 
    where
        id=?
2026-05-29T12:42:11.760+01:00 DEBUG 5656 --- [predictive-maintenance-backend] [MessageBroker-4] org.hibernate.SQL                        : 
    select
        m1_0.id,
        m1_0.category,
        m1_0.created_date,
        m1_0.description,
        m1_0.installation_date,
        m1_0.last_maintenance_date,
        m1_0.last_modified_date,
        m1_0.location,
        m1_0.manufacturer,
        m1_0.model,
        m1_0.name,
        m1_0.next_maintenance_date,
        m1_0.operating_hours,
        m1_0.photo_content_type,
        m1_0.photo_path,
        m1_0.risk_score,
        m1_0.serial_number,
        m1_0.status,
        m1_0.sub_category 
    from
        machines m1_0
2026-05-29T12:42:11.762+01:00 DEBUG 5656 --- [predictive-maintenance-backend] [MessageBroker-4] org.hibernate.SQL                        : 
    insert 
    into
        sensor_telemetry
        (created_at, machine_id, sensor1, sensor10, sensor11, sensor12, sensor13, sensor14, sensor15, sensor16, sensor17, sensor18, sensor19, sensor2, sensor20, sensor21, sensor3, sensor4, sensor5, sensor6, sensor7, sensor8, sensor9, setting1, setting2, setting3, timestamp) 
    values
        (?, ?, ?, ?, ?, ?, ?, ?, ?, ?, ?, ?, ?, ?, ?, ?, ?, ?, ?, ?, ?, ?, ?, ?, ?, ?, ?)
2026-05-29T12:42:11.762+01:00 DEBUG 5656 --- [predictive-maintenance-backend] [MessageBroker-4] c.p.p.ml.service.MLServiceClient         : Calling ML service for machine 10: http://localhost:8000/predict
2026-05-29T12:42:11.828+01:00 DEBUG 5656 --- [predictive-maintenance-backend] [MessageBroker-4] c.p.p.ml.service.MLServiceClient         : ML prediction received for machine 10: RUL=103.79, anomaly=0.276, risk=LOW
2026-05-29T12:42:11.830+01:00 DEBUG 5656 --- [predictive-maintenance-backend] [MessageBroker-4] org.hibernate.SQL                        : 
    insert 
    into
        prediction_history
        (ambient_temperature, anomaly_probability, anomaly_type, bearing_wear, confidence_score, created_at, current, efficiency_score, failure_probability, fatigue_index, health, load_factor, lubrication_level, machine_id, ml_prediction_available, operating_speed, power_consumption, predicted_failure_type, predicted_rul, pressure, recommended_action, remaining_useful_life, requires_immediate_action, risk_level, risk_score, severity, temperature, thermal_stress, timestamp, vibration, voltage) 
    values
        (?, ?, ?, ?, ?, ?, ?, ?, ?, ?, ?, ?, ?, ?, ?, ?, ?, ?, ?, ?, ?, ?, ?, ?, ?, ?, ?, ?, ?, ?, ?)
2026-05-29T12:42:11.832+01:00 DEBUG 5656 --- [predictive-maintenance-backend] [MessageBroker-4] c.p.p.w.service.MachineStreamingService  : Stored prediction history for machine 10
2026-05-29T12:42:11.832+01:00 DEBUG 5656 --- [predictive-maintenance-backend] [MessageBroker-4] c.p.p.w.service.MachineStreamingService  : Streamed dataset-driven telemetry for 1 machines
2026-05-29T12:42:11.832+01:00 DEBUG 5656 --- [predictive-maintenance-backend] [MessageBroker-4] org.hibernate.SQL                        : 
    update
        machines 
    set
        category=?,
        description=?,
        installation_date=?,
        last_maintenance_date=?,
        last_modified_date=?,
        location=?,
        manufacturer=?,
        model=?,
        name=?,
        next_maintenance_date=?,
        operating_hours=?,
        photo_content_type=?,
        photo_path=?,
        risk_score=?,
        serial_number=?,
        status=?,
        sub_category=? 
    where
        id=?
2026-05-29T12:42:13.760+01:00 DEBUG 5656 --- [predictive-maintenance-backend] [MessageBroker-4] org.hibernate.SQL                        : 
    select
        m1_0.id,
        m1_0.category,
        m1_0.created_date,
        m1_0.description,
        m1_0.installation_date,
        m1_0.last_maintenance_date,
        m1_0.last_modified_date,
        m1_0.location,
        m1_0.manufacturer,
        m1_0.model,
        m1_0.name,
        m1_0.next_maintenance_date,
        m1_0.operating_hours,
        m1_0.photo_content_type,
        m1_0.photo_path,
        m1_0.risk_score,
        m1_0.serial_number,
        m1_0.status,
        m1_0.sub_category 
    from
        machines m1_0
2026-05-29T12:42:13.763+01:00 DEBUG 5656 --- [predictive-maintenance-backend] [MessageBroker-4] org.hibernate.SQL                        : 
    insert 
    into
        sensor_telemetry
        (created_at, machine_id, sensor1, sensor10, sensor11, sensor12, sensor13, sensor14, sensor15, sensor16, sensor17, sensor18, sensor19, sensor2, sensor20, sensor21, sensor3, sensor4, sensor5, sensor6, sensor7, sensor8, sensor9, setting1, setting2, setting3, timestamp) 
    values
        (?, ?, ?, ?, ?, ?, ?, ?, ?, ?, ?, ?, ?, ?, ?, ?, ?, ?, ?, ?, ?, ?, ?, ?, ?, ?, ?)
2026-05-29T12:42:13.765+01:00 DEBUG 5656 --- [predictive-maintenance-backend] [MessageBroker-4] c.p.p.ml.service.MLServiceClient         : Calling ML service for machine 10: http://localhost:8000/predict
2026-05-29T12:42:13.822+01:00 DEBUG 5656 --- [predictive-maintenance-backend] [MessageBroker-4] c.p.p.ml.service.MLServiceClient         : ML prediction received for machine 10: RUL=105.43, anomaly=0.274, risk=LOW
2026-05-29T12:42:13.823+01:00 DEBUG 5656 --- [predictive-maintenance-backend] [MessageBroker-4] org.hibernate.SQL                        : 
    insert 
    into
        prediction_history
        (ambient_temperature, anomaly_probability, anomaly_type, bearing_wear, confidence_score, created_at, current, efficiency_score, failure_probability, fatigue_index, health, load_factor, lubrication_level, machine_id, ml_prediction_available, operating_speed, power_consumption, predicted_failure_type, predicted_rul, pressure, recommended_action, remaining_useful_life, requires_immediate_action, risk_level, risk_score, severity, temperature, thermal_stress, timestamp, vibration, voltage) 
    values
        (?, ?, ?, ?, ?, ?, ?, ?, ?, ?, ?, ?, ?, ?, ?, ?, ?, ?, ?, ?, ?, ?, ?, ?, ?, ?, ?, ?, ?, ?, ?)
2026-05-29T12:42:13.824+01:00 DEBUG 5656 --- [predictive-maintenance-backend] [MessageBroker-4] c.p.p.w.service.MachineStreamingService  : Stored prediction history for machine 10
2026-05-29T12:42:13.825+01:00 DEBUG 5656 --- [predictive-maintenance-backend] [MessageBroker-4] c.p.p.w.service.MachineStreamingService  : Streamed dataset-driven telemetry for 1 machines
2026-05-29T12:42:13.825+01:00 DEBUG 5656 --- [predictive-maintenance-backend] [MessageBroker-4] org.hibernate.SQL                        : 
    update
        machines 
    set
        category=?,
        description=?,
        installation_date=?,
        last_maintenance_date=?,
        last_modified_date=?,
        location=?,
        manufacturer=?,
        model=?,
        name=?,
        next_maintenance_date=?,
        operating_hours=?,
        photo_content_type=?,
        photo_path=?,
        risk_score=?,
        serial_number=?,
        status=?,
        sub_category=? 
    where
        id=?
2026-05-29T12:42:15.763+01:00 DEBUG 5656 --- [predictive-maintenance-backend] [MessageBroker-20] org.hibernate.SQL                        : 
    select
        m1_0.id,
        m1_0.category,
        m1_0.created_date,
        m1_0.description,
        m1_0.installation_date,
        m1_0.last_maintenance_date,
        m1_0.last_modified_date,
        m1_0.location,
        m1_0.manufacturer,
        m1_0.model,
        m1_0.name,
        m1_0.next_maintenance_date,
        m1_0.operating_hours,
        m1_0.photo_content_type,
        m1_0.photo_path,
        m1_0.risk_score,
        m1_0.serial_number,
        m1_0.status,
        m1_0.sub_category 
    from
        machines m1_0
2026-05-29T12:42:15.765+01:00 DEBUG 5656 --- [predictive-maintenance-backend] [MessageBroker-20] org.hibernate.SQL                        : 
    insert 
    into
        sensor_telemetry
        (created_at, machine_id, sensor1, sensor10, sensor11, sensor12, sensor13, sensor14, sensor15, sensor16, sensor17, sensor18, sensor19, sensor2, sensor20, sensor21, sensor3, sensor4, sensor5, sensor6, sensor7, sensor8, sensor9, setting1, setting2, setting3, timestamp) 
    values
        (?, ?, ?, ?, ?, ?, ?, ?, ?, ?, ?, ?, ?, ?, ?, ?, ?, ?, ?, ?, ?, ?, ?, ?, ?, ?, ?)
2026-05-29T12:42:15.766+01:00 DEBUG 5656 --- [predictive-maintenance-backend] [MessageBroker-20] c.p.p.ml.service.MLServiceClient         : Calling ML service for machine 10: http://localhost:8000/predict
2026-05-29T12:42:15.817+01:00 DEBUG 5656 --- [predictive-maintenance-backend] [MessageBroker-20] c.p.p.ml.service.MLServiceClient         : ML prediction received for machine 10: RUL=107.57, anomaly=0.274, risk=LOW
2026-05-29T12:42:15.818+01:00 DEBUG 5656 --- [predictive-maintenance-backend] [MessageBroker-20] org.hibernate.SQL                        : 
    insert 
    into
        prediction_history
        (ambient_temperature, anomaly_probability, anomaly_type, bearing_wear, confidence_score, created_at, current, efficiency_score, failure_probability, fatigue_index, health, load_factor, lubrication_level, machine_id, ml_prediction_available, operating_speed, power_consumption, predicted_failure_type, predicted_rul, pressure, recommended_action, remaining_useful_life, requires_immediate_action, risk_level, risk_score, severity, temperature, thermal_stress, timestamp, vibration, voltage) 
    values
        (?, ?, ?, ?, ?, ?, ?, ?, ?, ?, ?, ?, ?, ?, ?, ?, ?, ?, ?, ?, ?, ?, ?, ?, ?, ?, ?, ?, ?, ?, ?)
2026-05-29T12:42:15.819+01:00 DEBUG 5656 --- [predictive-maintenance-backend] [MessageBroker-20] c.p.p.w.service.MachineStreamingService  : Stored prediction history for machine 10
2026-05-29T12:42:15.819+01:00 DEBUG 5656 --- [predictive-maintenance-backend] [MessageBroker-20] c.p.p.w.service.MachineStreamingService  : Streamed dataset-driven telemetry for 1 machines
2026-05-29T12:42:15.819+01:00 DEBUG 5656 --- [predictive-maintenance-backend] [MessageBroker-20] org.hibernate.SQL                        : 
    update
        machines 
    set
        category=?,
        description=?,
        installation_date=?,
        last_maintenance_date=?,
        last_modified_date=?,
        location=?,
        manufacturer=?,
        model=?,
        name=?,
        next_maintenance_date=?,
        operating_hours=?,
        photo_content_type=?,
        photo_path=?,
        risk_score=?,
        serial_number=?,
        status=?,
        sub_category=? 
    where
        id=?
2026-05-29T12:42:17.762+01:00 DEBUG 5656 --- [predictive-maintenance-backend] [MessageBroker-20] org.hibernate.SQL                        : 
    select
        m1_0.id,
        m1_0.category,
        m1_0.created_date,
        m1_0.description,
        m1_0.installation_date,
        m1_0.last_maintenance_date,
        m1_0.last_modified_date,
        m1_0.location,
        m1_0.manufacturer,
        m1_0.model,
        m1_0.name,
        m1_0.next_maintenance_date,
        m1_0.operating_hours,
        m1_0.photo_content_type,
        m1_0.photo_path,
        m1_0.risk_score,
        m1_0.serial_number,
        m1_0.status,
        m1_0.sub_category 
    from
        machines m1_0
2026-05-29T12:42:17.764+01:00 DEBUG 5656 --- [predictive-maintenance-backend] [MessageBroker-20] org.hibernate.SQL                        : 
    insert 
    into
        sensor_telemetry
        (created_at, machine_id, sensor1, sensor10, sensor11, sensor12, sensor13, sensor14, sensor15, sensor16, sensor17, sensor18, sensor19, sensor2, sensor20, sensor21, sensor3, sensor4, sensor5, sensor6, sensor7, sensor8, sensor9, setting1, setting2, setting3, timestamp) 
    values
        (?, ?, ?, ?, ?, ?, ?, ?, ?, ?, ?, ?, ?, ?, ?, ?, ?, ?, ?, ?, ?, ?, ?, ?, ?, ?, ?)
2026-05-29T12:42:17.766+01:00 DEBUG 5656 --- [predictive-maintenance-backend] [MessageBroker-20] c.p.p.ml.service.MLServiceClient         : Calling ML service for machine 10: http://localhost:8000/predict
2026-05-29T12:42:17.820+01:00 DEBUG 5656 --- [predictive-maintenance-backend] [MessageBroker-20] c.p.p.ml.service.MLServiceClient         : ML prediction received for machine 10: RUL=109.79, anomaly=0.274, risk=LOW
2026-05-29T12:42:17.821+01:00 DEBUG 5656 --- [predictive-maintenance-backend] [MessageBroker-20] org.hibernate.SQL                        : 
    insert 
    into
        prediction_history
        (ambient_temperature, anomaly_probability, anomaly_type, bearing_wear, confidence_score, created_at, current, efficiency_score, failure_probability, fatigue_index, health, load_factor, lubrication_level, machine_id, ml_prediction_available, operating_speed, power_consumption, predicted_failure_type, predicted_rul, pressure, recommended_action, remaining_useful_life, requires_immediate_action, risk_level, risk_score, severity, temperature, thermal_stress, timestamp, vibration, voltage) 
    values
        (?, ?, ?, ?, ?, ?, ?, ?, ?, ?, ?, ?, ?, ?, ?, ?, ?, ?, ?, ?, ?, ?, ?, ?, ?, ?, ?, ?, ?, ?, ?)
2026-05-29T12:42:17.823+01:00 DEBUG 5656 --- [predictive-maintenance-backend] [MessageBroker-20] c.p.p.w.service.MachineStreamingService  : Stored prediction history for machine 10
2026-05-29T12:42:17.823+01:00 DEBUG 5656 --- [predictive-maintenance-backend] [MessageBroker-20] c.p.p.w.service.MachineStreamingService  : Streamed dataset-driven telemetry for 1 machines
2026-05-29T12:42:17.824+01:00 DEBUG 5656 --- [predictive-maintenance-backend] [MessageBroker-20] org.hibernate.SQL                        : 
    update
        machines 
    set
        category=?,
        description=?,
        installation_date=?,
        last_maintenance_date=?,
        last_modified_date=?,
        location=?,
        manufacturer=?,
        model=?,
        name=?,
        next_maintenance_date=?,
        operating_hours=?,
        photo_content_type=?,
        photo_path=?,
        risk_score=?,
        serial_number=?,
        status=?,
        sub_category=? 
    where
        id=?
2026-05-29T12:42:19.761+01:00 DEBUG 5656 --- [predictive-maintenance-backend] [MessageBroker-5] org.hibernate.SQL                        : 
    select
        m1_0.id,
        m1_0.category,
        m1_0.created_date,
        m1_0.description,
        m1_0.installation_date,
        m1_0.last_maintenance_date,
        m1_0.last_modified_date,
        m1_0.location,
        m1_0.manufacturer,
        m1_0.model,
        m1_0.name,
        m1_0.next_maintenance_date,
        m1_0.operating_hours,
        m1_0.photo_content_type,
        m1_0.photo_path,
        m1_0.risk_score,
        m1_0.serial_number,
        m1_0.status,
        m1_0.sub_category 
    from
        machines m1_0
2026-05-29T12:42:19.763+01:00 DEBUG 5656 --- [predictive-maintenance-backend] [MessageBroker-5] org.hibernate.SQL                        : 
    insert 
    into
        sensor_telemetry
        (created_at, machine_id, sensor1, sensor10, sensor11, sensor12, sensor13, sensor14, sensor15, sensor16, sensor17, sensor18, sensor19, sensor2, sensor20, sensor21, sensor3, sensor4, sensor5, sensor6, sensor7, sensor8, sensor9, setting1, setting2, setting3, timestamp) 
    values
        (?, ?, ?, ?, ?, ?, ?, ?, ?, ?, ?, ?, ?, ?, ?, ?, ?, ?, ?, ?, ?, ?, ?, ?, ?, ?, ?)
2026-05-29T12:42:19.764+01:00 DEBUG 5656 --- [predictive-maintenance-backend] [MessageBroker-5] c.p.p.ml.service.MLServiceClient         : Calling ML service for machine 10: http://localhost:8000/predict
2026-05-29T12:42:19.819+01:00 DEBUG 5656 --- [predictive-maintenance-backend] [MessageBroker-5] c.p.p.ml.service.MLServiceClient         : ML prediction received for machine 10: RUL=113.19, anomaly=0.274, risk=LOW
2026-05-29T12:42:19.821+01:00 DEBUG 5656 --- [predictive-maintenance-backend] [MessageBroker-5] org.hibernate.SQL                        : 
    insert 
    into
        prediction_history
        (ambient_temperature, anomaly_probability, anomaly_type, bearing_wear, confidence_score, created_at, current, efficiency_score, failure_probability, fatigue_index, health, load_factor, lubrication_level, machine_id, ml_prediction_available, operating_speed, power_consumption, predicted_failure_type, predicted_rul, pressure, recommended_action, remaining_useful_life, requires_immediate_action, risk_level, risk_score, severity, temperature, thermal_stress, timestamp, vibration, voltage) 
    values
        (?, ?, ?, ?, ?, ?, ?, ?, ?, ?, ?, ?, ?, ?, ?, ?, ?, ?, ?, ?, ?, ?, ?, ?, ?, ?, ?, ?, ?, ?, ?)
2026-05-29T12:42:19.823+01:00 DEBUG 5656 --- [predictive-maintenance-backend] [MessageBroker-5] c.p.p.w.service.MachineStreamingService  : Stored prediction history for machine 10
2026-05-29T12:42:19.823+01:00 DEBUG 5656 --- [predictive-maintenance-backend] [MessageBroker-5] c.p.p.w.service.MachineStreamingService  : Streamed dataset-driven telemetry for 1 machines
2026-05-29T12:42:19.824+01:00 DEBUG 5656 --- [predictive-maintenance-backend] [MessageBroker-5] org.hibernate.SQL                        : 
    update
        machines 
    set
        category=?,
        description=?,
        installation_date=?,
        last_maintenance_date=?,
        last_modified_date=?,
        location=?,
        manufacturer=?,
        model=?,
        name=?,
        next_maintenance_date=?,
        operating_hours=?,
        photo_content_type=?,
        photo_path=?,
        risk_score=?,
        serial_number=?,
        status=?,
        sub_category=? 
    where
        id=?
2026-05-29T12:42:21.762+01:00 DEBUG 5656 --- [predictive-maintenance-backend] [MessageBroker-5] org.hibernate.SQL                        : 
    select
        m1_0.id,
        m1_0.category,
        m1_0.created_date,
        m1_0.description,
        m1_0.installation_date,
        m1_0.last_maintenance_date,
        m1_0.last_modified_date,
        m1_0.location,
        m1_0.manufacturer,
        m1_0.model,
        m1_0.name,
        m1_0.next_maintenance_date,
        m1_0.operating_hours,
        m1_0.photo_content_type,
        m1_0.photo_path,
        m1_0.risk_score,
        m1_0.serial_number,
        m1_0.status,
        m1_0.sub_category 
    from
        machines m1_0
2026-05-29T12:42:21.766+01:00 DEBUG 5656 --- [predictive-maintenance-backend] [MessageBroker-5] org.hibernate.SQL                        : 
    insert 
    into
        sensor_telemetry
        (created_at, machine_id, sensor1, sensor10, sensor11, sensor12, sensor13, sensor14, sensor15, sensor16, sensor17, sensor18, sensor19, sensor2, sensor20, sensor21, sensor3, sensor4, sensor5, sensor6, sensor7, sensor8, sensor9, setting1, setting2, setting3, timestamp) 
    values
        (?, ?, ?, ?, ?, ?, ?, ?, ?, ?, ?, ?, ?, ?, ?, ?, ?, ?, ?, ?, ?, ?, ?, ?, ?, ?, ?)
2026-05-29T12:42:21.768+01:00 DEBUG 5656 --- [predictive-maintenance-backend] [MessageBroker-5] c.p.p.ml.service.MLServiceClient         : Calling ML service for machine 10: http://localhost:8000/predict
2026-05-29T12:42:21.820+01:00 DEBUG 5656 --- [predictive-maintenance-backend] [MessageBroker-5] c.p.p.ml.service.MLServiceClient         : ML prediction received for machine 10: RUL=106.59, anomaly=0.274, risk=LOW
2026-05-29T12:42:21.822+01:00 DEBUG 5656 --- [predictive-maintenance-backend] [MessageBroker-5] org.hibernate.SQL                        : 
    insert 
    into
        prediction_history
        (ambient_temperature, anomaly_probability, anomaly_type, bearing_wear, confidence_score, created_at, current, efficiency_score, failure_probability, fatigue_index, health, load_factor, lubrication_level, machine_id, ml_prediction_available, operating_speed, power_consumption, predicted_failure_type, predicted_rul, pressure, recommended_action, remaining_useful_life, requires_immediate_action, risk_level, risk_score, severity, temperature, thermal_stress, timestamp, vibration, voltage) 
    values
        (?, ?, ?, ?, ?, ?, ?, ?, ?, ?, ?, ?, ?, ?, ?, ?, ?, ?, ?, ?, ?, ?, ?, ?, ?, ?, ?, ?, ?, ?, ?)
2026-05-29T12:42:21.824+01:00 DEBUG 5656 --- [predictive-maintenance-backend] [MessageBroker-5] c.p.p.w.service.MachineStreamingService  : Stored prediction history for machine 10
2026-05-29T12:42:21.824+01:00 DEBUG 5656 --- [predictive-maintenance-backend] [MessageBroker-5] c.p.p.w.service.MachineStreamingService  : Streamed dataset-driven telemetry for 1 machines
2026-05-29T12:42:21.825+01:00 DEBUG 5656 --- [predictive-maintenance-backend] [MessageBroker-5] org.hibernate.SQL                        : 
    update
        machines 
    set
        category=?,
        description=?,
        installation_date=?,
        last_maintenance_date=?,
        last_modified_date=?,
        location=?,
        manufacturer=?,
        model=?,
        name=?,
        next_maintenance_date=?,
        operating_hours=?,
        photo_content_type=?,
        photo_path=?,
        risk_score=?,
        serial_number=?,
        status=?,
        sub_category=? 
    where
        id=?
2026-05-29T12:42:23.763+01:00 DEBUG 5656 --- [predictive-maintenance-backend] [MessageBroker-5] org.hibernate.SQL                        : 
    select
        m1_0.id,
        m1_0.category,
        m1_0.created_date,
        m1_0.description,
        m1_0.installation_date,
        m1_0.last_maintenance_date,
        m1_0.last_modified_date,
        m1_0.location,
        m1_0.manufacturer,
        m1_0.model,
        m1_0.name,
        m1_0.next_maintenance_date,
        m1_0.operating_hours,
        m1_0.photo_content_type,
        m1_0.photo_path,
        m1_0.risk_score,
        m1_0.serial_number,
        m1_0.status,
        m1_0.sub_category 
    from
        machines m1_0
2026-05-29T12:42:23.764+01:00 DEBUG 5656 --- [predictive-maintenance-backend] [MessageBroker-5] org.hibernate.SQL                        : 
    insert 
    into
        sensor_telemetry
        (created_at, machine_id, sensor1, sensor10, sensor11, sensor12, sensor13, sensor14, sensor15, sensor16, sensor17, sensor18, sensor19, sensor2, sensor20, sensor21, sensor3, sensor4, sensor5, sensor6, sensor7, sensor8, sensor9, setting1, setting2, setting3, timestamp) 
    values
        (?, ?, ?, ?, ?, ?, ?, ?, ?, ?, ?, ?, ?, ?, ?, ?, ?, ?, ?, ?, ?, ?, ?, ?, ?, ?, ?)
2026-05-29T12:42:23.764+01:00 DEBUG 5656 --- [predictive-maintenance-backend] [MessageBroker-5] c.p.p.ml.service.MLServiceClient         : Calling ML service for machine 10: http://localhost:8000/predict
2026-05-29T12:42:23.818+01:00 DEBUG 5656 --- [predictive-maintenance-backend] [MessageBroker-5] c.p.p.ml.service.MLServiceClient         : ML prediction received for machine 10: RUL=98.75, anomaly=0.274, risk=MEDIUM
2026-05-29T12:42:23.819+01:00 DEBUG 5656 --- [predictive-maintenance-backend] [MessageBroker-5] org.hibernate.SQL                        : 
    insert 
    into
        prediction_history
        (ambient_temperature, anomaly_probability, anomaly_type, bearing_wear, confidence_score, created_at, current, efficiency_score, failure_probability, fatigue_index, health, load_factor, lubrication_level, machine_id, ml_prediction_available, operating_speed, power_consumption, predicted_failure_type, predicted_rul, pressure, recommended_action, remaining_useful_life, requires_immediate_action, risk_level, risk_score, severity, temperature, thermal_stress, timestamp, vibration, voltage) 
    values
        (?, ?, ?, ?, ?, ?, ?, ?, ?, ?, ?, ?, ?, ?, ?, ?, ?, ?, ?, ?, ?, ?, ?, ?, ?, ?, ?, ?, ?, ?, ?)
2026-05-29T12:42:23.821+01:00 DEBUG 5656 --- [predictive-maintenance-backend] [MessageBroker-5] c.p.p.w.service.MachineStreamingService  : Stored prediction history for machine 10
2026-05-29T12:42:23.821+01:00 DEBUG 5656 --- [predictive-maintenance-backend] [MessageBroker-5] c.p.p.w.service.MachineStreamingService  : Streamed dataset-driven telemetry for 1 machines
2026-05-29T12:42:23.822+01:00 DEBUG 5656 --- [predictive-maintenance-backend] [MessageBroker-5] org.hibernate.SQL                        : 
    update
        machines 
    set
        category=?,
        description=?,
        installation_date=?,
        last_maintenance_date=?,
        last_modified_date=?,
        location=?,
        manufacturer=?,
        model=?,
        name=?,
        next_maintenance_date=?,
        operating_hours=?,
        photo_content_type=?,
        photo_path=?,
        risk_score=?,
        serial_number=?,
        status=?,
        sub_category=? 
    where
        id=?
2026-05-29T12:42:24.326+01:00  WARN 5656 --- [predictive-maintenance-backend] [SpringApplicationShutdownHook] w.s.h.ExceptionWebSocketHandlerDecorator : Unhandled exception after connection closed for ExceptionWebSocketHandlerDecorator [delegate=LoggingWebSocketHandlerDecorator [delegate=SubProtocolWebSocketHandler[StompSubProtocolHandler[v10.stomp, v11.stomp, v12.stomp]]]]

org.springframework.messaging.MessageDeliveryException: Failed to send message to ExecutorSubscribableChannel[clientInboundChannel]
	at org.springframework.messaging.support.AbstractMessageChannel.send(AbstractMessageChannel.java:149) ~[spring-messaging-6.1.1.jar:6.1.1]
	at org.springframework.messaging.support.AbstractMessageChannel.send(AbstractMessageChannel.java:125) ~[spring-messaging-6.1.1.jar:6.1.1]
	at org.springframework.web.socket.messaging.StompSubProtocolHandler.afterSessionEnded(StompSubProtocolHandler.java:685) ~[spring-websocket-6.1.1.jar:6.1.1]
	at org.springframework.web.socket.messaging.SubProtocolWebSocketHandler.clearSession(SubProtocolWebSocketHandler.java:531) ~[spring-websocket-6.1.1.jar:6.1.1]
	at org.springframework.web.socket.messaging.SubProtocolWebSocketHandler.afterConnectionClosed(SubProtocolWebSocketHandler.java:400) ~[spring-websocket-6.1.1.jar:6.1.1]
	at org.springframework.web.socket.handler.WebSocketHandlerDecorator.afterConnectionClosed(WebSocketHandlerDecorator.java:85) ~[spring-websocket-6.1.1.jar:6.1.1]
	at org.springframework.web.socket.handler.LoggingWebSocketHandlerDecorator.afterConnectionClosed(LoggingWebSocketHandlerDecorator.java:72) ~[spring-websocket-6.1.1.jar:6.1.1]
	at org.springframework.web.socket.handler.ExceptionWebSocketHandlerDecorator.afterConnectionClosed(ExceptionWebSocketHandlerDecorator.java:78) ~[spring-websocket-6.1.1.jar:6.1.1]
	at org.springframework.web.socket.sockjs.transport.session.AbstractSockJsSession.close(AbstractSockJsSession.java:200) ~[spring-websocket-6.1.1.jar:6.1.1]
	at org.springframework.web.socket.handler.WebSocketSessionDecorator.close(WebSocketSessionDecorator.java:160) ~[spring-websocket-6.1.1.jar:6.1.1]
	at org.springframework.web.socket.handler.ConcurrentWebSocketSessionDecorator.close(ConcurrentWebSocketSessionDecorator.java:271) ~[spring-websocket-6.1.1.jar:6.1.1]
	at org.springframework.web.socket.messaging.SubProtocolWebSocketHandler.stop(SubProtocolWebSocketHandler.java:289) ~[spring-websocket-6.1.1.jar:6.1.1]
	at org.springframework.web.socket.messaging.SubProtocolWebSocketHandler.stop(SubProtocolWebSocketHandler.java:302) ~[spring-websocket-6.1.1.jar:6.1.1]
	at org.springframework.context.support.DefaultLifecycleProcessor.doStop(DefaultLifecycleProcessor.java:344) ~[spring-context-6.1.1.jar:6.1.1]
	at org.springframework.context.support.DefaultLifecycleProcessor$LifecycleGroup.stop(DefaultLifecycleProcessor.java:483) ~[spring-context-6.1.1.jar:6.1.1]
	at java.base/java.lang.Iterable.forEach(Iterable.java:75) ~[na:na]
	at org.springframework.context.support.DefaultLifecycleProcessor.stopBeans(DefaultLifecycleProcessor.java:313) ~[spring-context-6.1.1.jar:6.1.1]
	at org.springframework.context.support.DefaultLifecycleProcessor.onClose(DefaultLifecycleProcessor.java:214) ~[spring-context-6.1.1.jar:6.1.1]
	at org.springframework.context.support.AbstractApplicationContext.doClose(AbstractApplicationContext.java:1078) ~[spring-context-6.1.1.jar:6.1.1]
	at org.springframework.boot.web.servlet.context.ServletWebServerApplicationContext.doClose(ServletWebServerApplicationContext.java:174) ~[spring-boot-3.2.0.jar:3.2.0]
	at org.springframework.context.support.AbstractApplicationContext.close(AbstractApplicationContext.java:1037) ~[spring-context-6.1.1.jar:6.1.1]
	at org.springframework.boot.SpringApplicationShutdownHook.closeAndWait(SpringApplicationShutdownHook.java:145) ~[spring-boot-3.2.0.jar:3.2.0]
	at java.base/java.lang.Iterable.forEach(Iterable.java:75) ~[na:na]
	at org.springframework.boot.SpringApplicationShutdownHook.run(SpringApplicationShutdownHook.java:114) ~[spring-boot-3.2.0.jar:3.2.0]
	at java.base/java.lang.Thread.run(Thread.java:1623) ~[na:na]
Caused by: org.springframework.core.task.TaskRejectedException: ExecutorService in shutdown state did not accept task: org.springframework.messaging.support.ExecutorSubscribableChannel$SendTask@1edc5ed6
	at org.springframework.scheduling.concurrent.ThreadPoolTaskExecutor.execute(ThreadPoolTaskExecutor.java:365) ~[spring-context-6.1.1.jar:6.1.1]
	at org.springframework.messaging.support.ExecutorSubscribableChannel.sendInternal(ExecutorSubscribableChannel.java:103) ~[spring-messaging-6.1.1.jar:6.1.1]
	at org.springframework.messaging.support.AbstractMessageChannel.send(AbstractMessageChannel.java:139) ~[spring-messaging-6.1.1.jar:6.1.1]
	... 24 common frames omitted
Caused by: java.util.concurrent.RejectedExecutionException: Task org.springframework.messaging.support.ExecutorSubscribableChannel$SendTask@1edc5ed6 rejected from org.springframework.scheduling.concurrent.ThreadPoolTaskExecutor$1@2960a7fe[Terminated, pool size = 0, active threads = 0, queued tasks = 0, completed tasks = 60]
	at java.base/java.util.concurrent.ThreadPoolExecutor$AbortPolicy.rejectedExecution(ThreadPoolExecutor.java:2081) ~[na:na]
	at java.base/java.util.concurrent.ThreadPoolExecutor.reject(ThreadPoolExecutor.java:841) ~[na:na]
	at java.base/java.util.concurrent.ThreadPoolExecutor.execute(ThreadPoolExecutor.java:1376) ~[na:na]
	at org.springframework.scheduling.concurrent.ThreadPoolTaskExecutor$1.execute(ThreadPoolTaskExecutor.java:269) ~[spring-context-6.1.1.jar:6.1.1]
	at org.springframework.scheduling.concurrent.ThreadPoolTaskExecutor.execute(ThreadPoolTaskExecutor.java:362) ~[spring-context-6.1.1.jar:6.1.1]
	... 26 common frames omitted

2026-05-29T12:42:24.336+01:00  INFO 5656 --- [predictive-maintenance-backend] [SpringApplicationShutdownHook] o.s.m.s.b.SimpleBrokerMessageHandler     : Stopping...
2026-05-29T12:42:24.336+01:00  INFO 5656 --- [predictive-maintenance-backend] [SpringApplicationShutdownHook] o.s.m.s.b.SimpleBrokerMessageHandler     : BrokerAvailabilityEvent[available=false, SimpleBrokerMessageHandler [org.springframework.messaging.simp.broker.DefaultSubscriptionRegistry@485d79ef]]
2026-05-29T12:42:24.338+01:00  INFO 5656 --- [predictive-maintenance-backend] [SpringApplicationShutdownHook] o.s.m.s.b.SimpleBrokerMessageHandler     : Stopped.
2026-05-29T12:42:26.429+01:00  INFO 5656 --- [predictive-maintenance-backend] [SpringApplicationShutdownHook] j.LocalContainerEntityManagerFactoryBean : Closing JPA EntityManagerFactory for persistence unit 'default'
2026-05-29T12:42:26.436+01:00  INFO 5656 --- [predictive-maintenance-backend] [SpringApplicationShutdownHook] com.zaxxer.hikari.HikariDataSource       : PredictiveHikariPool - Shutdown initiated...
2026-05-29T12:42:26.442+01:00  INFO 5656 --- [predictive-maintenance-backend] [SpringApplicationShutdownHook] com.zaxxer.hikari.HikariDataSource       : PredictiveHikariPool - Shutdown completed.
